date,code,settlement_month,par_value,capital_stock,listed_stock,credit_rate,year_highest,year_lowest,market_cap,ROE,EPS,foreign_rate,sub_price,PER,PBR,EV,BPS,gross_profit,operation_income,net_income,250highest,250lowest,upper_limit,lower_limit,standard_price,250highest_date,250lowest_date,250lowest_rate,trading_rate,outstanding_stock,outstanding_rate,회사명,종목코드,업종,주요제품,상장일
20230923,001390,12,1000.0,711.0,68469.0,5.28,66100.0,7280.0,5347.0,48.0,4378.0,6.8,4910.0,1.78,0.68,2.36,11550.0,66074.0,5011.0,9528.0,66100.0,7280.0,10290.0,5550.0,7920.0,20230420,20230907,7.28,24.22,33599.0,49.1,NaN,NaN,NaN,NaN,NaN
20230925,001390,12,1000.0,711.0,68469.0,5.28,66100.0,7280.0,5347.0,48.0,4378.0,6.8,4910.0,1.78,0.68,2.36,11550.0,66074.0,5011.0,9528.0,66100.0,7280.0,10290.0,5550.0,7920.0,20230420,20230907,7.28,24.22,33599.0,49.1,NaN,NaN,NaN,NaN,NaN
20230926,001390,12,1000.0,711.0,68469.0,5.21,66100.0,7100.0,4875.0,48.0,4378.0,6.81,4590.0,1.63,0.62,2.29,11550.0,66074.0,5011.0,9528.0,66100.0,7100.0,9630.0,5190.0,7410.0,20230420,20230926,0.28,79.75,33599.0,49.1,NaN,NaN,NaN,NaN,NaN
20230927,001390,12,1000.0,711.0,68469.0,5.1,66100.0,6920.0,4896.0,48.0,4378.0,6.81,4410.0,1.63,0.62,2.3,11550.0,66074.0,5011.0,9528.0,66100.0,6920.0,9250.0,4990.0,7120.0,20230420,20230927,3.32,70.77,33599.0,49.1,NaN,NaN,NaN,NaN,NaN
20230928,001390,12,1000.0,711.0,68469.0,5.1,66100.0,6920.0,4896.0,48.0,4378.0,6.94,4410.0,1.63,0.62,2.3,11550.0,66074.0,5011.0,9528.0,66100.0,6920.0,9250.0,4990.0,7120.0,20230420,20230927,3.32,72.61,33599.0,49.1,NaN,NaN,NaN,NaN,NaN
20230929,001390,12,1000.0,711.0,68469.0,4.86,66100.0,6920.0,4896.0,48.0,4378.0,6.94,4410.0,1.63,0.62,2.3,11550.0,66074.0,5011.0,9528.0,66100.0,6920.0,9250.0,4990.0,7120.0,20230420,20230927,3.32,72.61,33599.0,49.1,NaN,NaN,NaN,NaN,NaN
20231004,001390,12,1000.0,711.0,68469.0,4.86,66100.0,6690.0,4587.0,48.0,4378.0,6.94,4430.0,1.53,0.58,2.25,11550.0,66074.0,5011.0,9528.0,66100.0,6690.0,9290.0,5010.0,7150.0,20230420,20231004,0.15,109.46,33599.0,49.1,NaN,NaN,NaN,NaN,NaN
20231005,001390,12,1000.0,711.0,68469.0,4.72,66100.0,6530.0,4485.0,48.0,4378.0,6.92,4150.0,1.5,0.57,2.24,11550.0,66074.0,5011.0,9528.0,66100.0,6530.0,8710.0,4690.0,6700.0,20230420,20231005,0.31,81.06,33599.0,49.1,NaN,NaN,NaN,NaN,NaN
20231006,001390,12,1000.0,711.0,68469.0,4.49,66100.0,6500.0,4663.0,48.0,4378.0,6.98,4060.0,1.56,0.59,2.26,11550.0,66074.0,5011.0,9528.0,66100.0,6500.0,8510.0,4590.0,6550.0,20230420,20231006,4.77,155.56,33599.0,49.1,NaN,NaN,NaN,NaN,NaN
20231010,001390,12,1000.0,711.0,68469.0,4.39,66100.0,6500.0,4485.0,48.0,4378.0,6.88,4220.0,1.5,0.57,2.24,11550.0,66074.0,5011.0,9528.0,66100.0,6500.0,8850.0,4770.0,6810.0,20230420,20231006,0.77,64.45,33599.0,49.1,NaN,NaN,NaN,NaN,NaN
20231011,001390,12,1000.0,711.0,68469.0,4.27,66100.0,6500.0,4649.0,48.0,4378.0,6.94,4060.0,1.55,0.59,2.26,11550.0,66074.0,5011.0,9528.0,66100.0,6500.0,8510.0,4590.0,6550.0,20230420,20231006,4.46,66.25,33599.0,49.1,NaN,NaN,NaN,NaN,NaN
20231012,001390,12,1000.0,711.0,68469.0,4.37,66100.0,6500.0,4779.0,48.0,4378.0,7.2,4200.0,1.59,0.6,2.28,11550.0,66074.0,5011.0,9528.0,66100.0,6500.0,8820.0,4760.0,6790.0,20230420,20231006,7.38,105.5,33599.0,49.1,NaN,NaN,NaN,NaN,NaN
20231013,001390,12,1000.0,711.0,68469.0,4.3,66100.0,6500.0,4738.0,48.0,4378.0,7.37,4320.0,1.58,0.6,2.27,11550.0,66074.0,5011.0,9528.0,66100.0,6500.0,9070.0,4890.0,6980.0,20230420,20231006,6.46,103.57,33599.0,49.1,NaN,NaN,NaN,NaN,NaN
20231017,001390,12,1000.0,711.0,68469.0,4.28,66100.0,6500.0,4587.0,48.0,4378.0,7.33,4290.0,1.53,0.58,2.25,11550.0,66074.0,5011.0,9528.0,66100.0,6500.0,8990.0,4850.0,6920.0,20230420,20231006,3.08,101.11,33599.0,49.1,NaN,NaN,NaN,NaN,NaN
20231018,001390,12,1000.0,711.0,68469.0,4.28,66100.0,6500.0,4889.0,48.0,4378.0,7.47,4200.0,1.63,0.62,2.3,11550.0,66074.0,5011.0,9528.0,66100.0,6500.0,8820.0,4760.0,6790.0,20230420,20231006,9.85,319.56,33599.0,49.1,NaN,NaN,NaN,NaN,NaN
20231019,001390,12,1000.0,711.0,68469.0,4.16,66100.0,6500.0,4594.0,48.0,4378.0,7.18,4420.0,1.53,0.58,2.25,11550.0,66074.0,5011.0,9528.0,66100.0,6500.0,9280.0,5000.0,7140.0,20230420,20231006,3.23,28.91,33599.0,49.1,NaN,NaN,NaN,NaN,NaN
20231022,001390,12,1000.0,711.0,68469.0,4.22,66100.0,6350.0,4355.0,48.0,4378.0,7.13,4160.0,1.45,0.55,2.22,11550.0,66074.0,5011.0,9528.0,66100.0,6350.0,8720.0,4700.0,6710.0,20230420,20231020,0.16,118.29,33599.0,49.1,NaN,NaN,NaN,NaN,NaN
20231027,001390,12,1000.0,711.0,68469.0,3.79,66100.0,5890.0,4094.0,48.0,4378.0,7.59,3700.0,1.37,0.52,2.18,11550.0,66074.0,5011.0,9528.0,66100.0,5890.0,7770.0,4190.0,5980.0,20230420,20231027,1.53,107.36,33599.0,49.1,NaN,NaN,NaN,NaN,NaN
20231030,001390,12,1000.0,711.0,68469.0,3.74,66100.0,5890.0,4170.0,48.0,4378.0,7.59,3700.0,1.39,0.53,2.19,11550.0,66074.0,5011.0,9528.0,66100.0,5890.0,7770.0,4190.0,5980.0,20230420,20231027,3.4,62.61,33599.0,49.1,NaN,NaN,NaN,NaN,NaN
20231031,001390,12,1000.0,711.0,68469.0,3.71,66100.0,5890.0,4129.0,48.0,4378.0,7.68,3770.0,1.38,0.52,2.19,11550.0,66074.0,5011.0,9528.0,66100.0,5890.0,7910.0,4270.0,6090.0,20230420,20231027,2.38,164.28,33599.0,49.1,NaN,NaN,NaN,NaN,NaN
20231101,001390,12,1000.0,711.0,68469.0,3.61,66100.0,5890.0,4142.0,48.0,4378.0,7.64,3730.0,1.38,0.52,2.19,11550.0,66074.0,5011.0,9528.0,66100.0,5890.0,7830.0,4230.0,6030.0,20230420,20231027,2.72,68.59,33599.0,49.1,NaN,NaN,NaN,NaN,NaN
20231102,001390,12,1000.0,711.0,68469.0,3.56,66100.0,5890.0,4279.0,48.0,4378.0,7.74,3750.0,1.43,0.54,2.21,11550.0,66074.0,5011.0,9528.0,66100.0,5890.0,7860.0,4240.0,6050.0,20230420,20231027,6.11,133.08,33599.0,49.1,NaN,NaN,NaN,NaN,NaN
20231103,001390,12,1000.0,711.0,68469.0,3.49,66100.0,5890.0,4389.0,48.0,4378.0,7.91,3870.0,1.46,0.55,2.22,11550.0,66074.0,5011.0,9528.0,66100.0,5890.0,8120.0,4380.0,6250.0,20230420,20231027,8.83,94.97,33599.0,49.1,NaN,NaN,NaN,NaN,NaN
20231106,001390,12,1000.0,711.0,68469.0,3.49,66100.0,5890.0,4656.0,48.0,4378.0,7.98,3970.0,1.55,0.59,2.26,11550.0,66074.0,5011.0,9528.0,66100.0,5890.0,8330.0,4490.0,6410.0,20230420,20231027,15.45,232.11,33599.0,49.1,NaN,NaN,NaN,NaN,NaN
20231107,001390,12,1000.0,711.0,68469.0,3.51,66100.0,5890.0,4539.0,48.0,4378.0,8.08,4210.0,1.51,0.57,2.25,11550.0,66074.0,5011.0,9528.0,66100.0,5890.0,8840.0,4760.0,6800.0,20230420,20231027,12.56,59.68,33599.0,49.1,NaN,NaN,NaN,NaN,NaN
20231108,001390,12,1000.0,711.0,68469.0,3.51,66100.0,5890.0,4396.0,48.0,4378.0,8.21,4110.0,1.47,0.56,2.22,11550.0,66074.0,5011.0,9528.0,66100.0,5890.0,8610.0,4650.0,6630.0,20230420,20231027,9.0,65.43,33599.0,49.1,NaN,NaN,NaN,NaN,NaN
20231109,001390,12,1000.0,711.0,68469.0,3.52,66100.0,5890.0,4361.0,48.0,4378.0,8.21,3980.0,1.46,0.55,2.22,11550.0,66074.0,5011.0,9528.0,66100.0,5890.0,8340.0,4500.0,6420.0,20230420,20231027,8.15,64.46,33599.0,49.1,NaN,NaN,NaN,NaN,NaN
20231110,001390,12,1000.0,711.0,68469.0,3.55,66100.0,5890.0,4279.0,48.0,4378.0,8.21,3940.0,1.43,0.54,2.21,11550.0,66074.0,5011.0,9528.0,66100.0,5890.0,8280.0,4460.0,6370.0,20230420,20231027,6.11,111.0,33599.0,49.1,NaN,NaN,NaN,NaN,NaN
20231113,001390,12,1000.0,711.0,68469.0,3.54,66100.0,5890.0,4218.0,48.0,4378.0,8.26,3870.0,1.41,0.53,2.2,11550.0,66074.0,5011.0,9528.0,66100.0,5890.0,8120.0,4380.0,6250.0,20230420,20231027,4.58,75.9,33599.0,49.1,NaN,NaN,NaN,NaN,NaN
20231114,001390,12,1000.0,711.0,68469.0,3.52,66100.0,5890.0,4382.0,48.0,4378.0,8.23,3810.0,1.46,0.55,2.22,11550.0,66074.0,5011.0,9528.0,66100.0,5890.0,8000.0,4320.0,6160.0,20230420,20231027,8.66,133.62,33599.0,49.1,NaN,NaN,NaN,NaN,NaN
20231115,001390,12,1000.0,711.0,68469.0,3.54,66100.0,5890.0,4464.0,48.0,4378.0,8.29,3960.0,1.49,0.56,2.23,11550.0,66074.0,5011.0,9528.0,66100.0,5890.0,8320.0,4480.0,6400.0,20230420,20231027,10.7,104.74,33599.0,49.1,NaN,NaN,NaN,NaN,NaN
20231116,001390,12,1000.0,711.0,68469.0,3.55,66100.0,5890.0,4601.0,48.0,4378.0,8.34,4040.0,1.54,0.58,2.25,11550.0,66074.0,5011.0,9528.0,66100.0,5890.0,8470.0,4570.0,6520.0,20230420,20231027,14.09,196.27,33599.0,49.1,NaN,NaN,NaN,NaN,NaN
20231117,001390,12,1000.0,711.0,68469.0,3.56,66100.0,5890.0,4498.0,48.0,4378.0,8.42,4160.0,1.5,0.57,2.24,11550.0,66074.0,5011.0,9528.0,66100.0,5890.0,8730.0,4710.0,6720.0,20230420,20231027,11.54,37.08,33599.0,49.1,NaN,NaN,NaN,NaN,NaN
20231120,001390,12,1000.0,711.0,68469.0,3.52,66100.0,5890.0,4553.0,48.0,4378.0,8.38,4070.0,1.52,0.58,2.25,11550.0,66074.0,5011.0,9528.0,66100.0,5890.0,8540.0,4600.0,6570.0,20230420,20231027,12.9,102.43,33599.0,49.1,NaN,NaN,NaN,NaN,NaN
20231121,001390,12,1000.0,711.0,68469.0,3.59,66100.0,5890.0,4560.0,48.0,4378.0,8.52,4120.0,1.52,0.58,2.25,11550.0,66074.0,5011.0,9528.0,66100.0,5890.0,8640.0,4660.0,6650.0,20230420,20231027,13.07,110.86,33599.0,49.1,NaN,NaN,NaN,NaN,NaN
20231122,001390,12,1000.0,711.0,68469.0,3.59,66100.0,5890.0,4560.0,48.0,4378.0,8.52,4120.0,1.52,0.58,2.25,11550.0,66074.0,5011.0,9528.0,66100.0,5890.0,8640.0,4660.0,6650.0,20230420,20231027,13.07,110.86,33599.0,49.1,NaN,NaN,NaN,NaN,NaN
20231123,001390,12,1000.0,711.0,68469.0,3.59,66100.0,5890.0,4539.0,48.0,4378.0,8.54,4100.0,1.51,0.57,2.25,11550.0,66074.0,5011.0,9528.0,66100.0,5890.0,8600.0,4640.0,6620.0,20230420,20231027,12.56,166.39,33599.0,49.1,NaN,NaN,NaN,NaN,NaN
20231126,001390,12,1000.0,711.0,68469.0,3.56,66100.0,5890.0,4587.0,48.0,4378.0,8.61,4110.0,1.53,0.58,2.25,11550.0,66074.0,5011.0,9528.0,66100.0,5890.0,8610.0,4650.0,6630.0,20230420,20231027,13.75,73.16,33599.0,49.1,NaN,NaN,NaN,NaN,NaN
20231127,001390,12,1000.0,711.0,68469.0,3.56,66100.0,5890.0,4567.0,48.0,4378.0,8.61,4150.0,1.52,0.58,2.25,11550.0,66074.0,5011.0,9528.0,66100.0,5890.0,8710.0,4690.0,6700.0,20230420,20231027,13.24,128.51,33599.0,49.1,NaN,NaN,NaN,NaN,NaN
20231128,001390,12,1000.0,711.0,68469.0,3.48,66100.0,5890.0,4546.0,48.0,4378.0,8.65,4130.0,1.52,0.57,2.25,11550.0,66074.0,5011.0,9528.0,66100.0,5890.0,8670.0,4670.0,6670.0,20230420,20231027,12.73,113.12,33599.0,49.1,NaN,NaN,NaN,NaN,NaN
20231129,001390,12,1000.0,711.0,68469.0,3.48,66100.0,5890.0,4656.0,48.0,4378.0,8.67,4110.0,1.55,0.59,2.26,11550.0,66074.0,5011.0,9528.0,66100.0,5890.0,8630.0,4650.0,6640.0,20230420,20231027,15.45,100.99,33599.0,49.1,NaN,NaN,NaN,NaN,NaN
20231130,001390,12,1000.0,711.0,68469.0,3.48,66100.0,5890.0,4711.0,48.0,4378.0,8.78,4210.0,1.57,0.6,2.27,11550.0,66074.0,5011.0,9528.0,66100.0,5890.0,8840.0,4760.0,6800.0,20230420,20231027,16.81,137.26,33599.0,49.1,NaN,NaN,NaN,NaN,NaN
20231201,001390,12,1000.0,711.0,68469.0,3.48,66100.0,5890.0,4711.0,48.0,4378.0,8.79,4210.0,1.57,0.6,2.27,11550.0,66074.0,5011.0,9528.0,66100.0,5890.0,8840.0,4760.0,6800.0,20230420,20231027,16.81,138.38,33599.0,49.1,NaN,NaN,NaN,NaN,NaN
20231204,001390,12,1000.0,711.0,68469.0,3.56,66100.0,5890.0,4978.0,48.0,4378.0,8.63,4140.0,1.66,0.63,2.31,11550.0,66074.0,5011.0,9528.0,66100.0,5890.0,8690.0,4690.0,6690.0,20230420,20231027,23.43,2671.0,33599.0,49.1,NaN,NaN,NaN,NaN,NaN
20231205,001390,12,1000.0,711.0,68469.0,3.54,66100.0,5890.0,5430.0,48.0,4378.0,7.67,4500.0,1.81,0.69,2.38,11550.0,66074.0,5011.0,9528.0,66100.0,5890.0,9450.0,5090.0,7270.0,20230420,20231027,34.63,152.51,33599.0,49.1,NaN,NaN,NaN,NaN,NaN
20231206,001390,12,1000.0,711.0,68469.0,3.51,66100.0,5890.0,5341.0,48.0,4378.0,7.41,4910.0,1.78,0.68,2.36,11550.0,66074.0,5011.0,9528.0,66100.0,5890.0,10300.0,5560.0,7930.0,20230420,20231027,32.43,27.53,33599.0,49.1,NaN,NaN,NaN,NaN,NaN
20231207,001390,12,1000.0,711.0,68469.0,3.51,66100.0,5890.0,5341.0,48.0,4378.0,7.41,4910.0,1.78,0.68,2.36,11550.0,66074.0,5011.0,9528.0,66100.0,5890.0,10300.0,5560.0,7930.0,20230420,20231027,32.43,27.53,33599.0,49.1,NaN,NaN,NaN,NaN,NaN
20231208,001390,12,1000.0,711.0,68469.0,4.1,66100.0,5890.0,5087.0,48.0,4378.0,7.34,4560.0,1.7,0.64,2.33,11550.0,66074.0,5011.0,9528.0,66100.0,5890.0,9580.0,5160.0,7370.0,20230420,20231027,26.15,112.73,33599.0,49.1,NaN,NaN,NaN,NaN,NaN
20231211,001390,12,1000.0,711.0,68469.0,4.22,66100.0,5890.0,4854.0,48.0,4378.0,7.34,4600.0,1.62,0.61,2.29,11550.0,66074.0,5011.0,9528.0,66100.0,5890.0,9650.0,5210.0,7430.0,20230420,20231027,20.37,35.2,33599.0,49.1,NaN,NaN,NaN,NaN,NaN
20231212,001390,12,1000.0,711.0,68469.0,4.52,66100.0,5890.0,4909.0,48.0,4378.0,7.37,4390.0,1.64,0.62,2.3,11550.0,66074.0,5011.0,9528.0,66100.0,5890.0,9210.0,4970.0,7090.0,20230420,20231027,21.73,64.35,33599.0,49.1,NaN,NaN,NaN,NaN,NaN
20231213,001390,12,1000.0,711.0,68469.0,4.6,66100.0,5890.0,4724.0,48.0,4378.0,7.43,4440.0,1.58,0.6,2.27,11550.0,66074.0,5011.0,9528.0,66100.0,5890.0,9320.0,5020.0,7170.0,20230420,20231027,17.15,93.43,33599.0,49.1,NaN,NaN,NaN,NaN,NaN
20231214,001390,12,1000.0,711.0,68469.0,4.72,66100.0,5890.0,4656.0,48.0,4378.0,7.38,4270.0,1.55,0.59,2.26,11550.0,66074.0,5011.0,9528.0,66100.0,5890.0,8970.0,4830.0,6900.0,20230420,20231027,15.45,87.94,33599.0,49.1,NaN,NaN,NaN,NaN,NaN
20231215,001390,12,1000.0,711.0,68469.0,4.7,66100.0,5890.0,4731.0,48.0,4378.0,7.57,4210.0,1.58,0.6,2.27,11550.0,66074.0,5011.0,9528.0,66100.0,5890.0,8840.0,4760.0,6800.0,20230420,20231027,17.32,65.86,33599.0,49.1,NaN,NaN,NaN,NaN,NaN
20231218,001390,12,1000.0,711.0,68469.0,4.77,66100.0,5890.0,4704.0,48.0,4378.0,7.68,4280.0,1.57,0.59,2.27,11550.0,66074.0,5011.0,9528.0,66100.0,5890.0,8980.0,4840.0,6910.0,20230420,20231027,16.64,90.9,33599.0,49.1,NaN,NaN,NaN,NaN,NaN
20231219,001390,12,1000.0,711.0,68469.0,4.78,66100.0,5890.0,4676.0,48.0,4378.0,7.74,4250.0,1.56,0.59,2.27,11550.0,66074.0,5011.0,9528.0,66100.0,5890.0,8930.0,4810.0,6870.0,20230420,20231027,15.96,106.82,33599.0,49.1,NaN,NaN,NaN,NaN,NaN
20231220,001390,12,1000.0,711.0,68469.0,4.77,66100.0,5890.0,4834.0,48.0,4378.0,7.76,4230.0,1.61,0.61,2.29,11550.0,66074.0,5011.0,9528.0,66100.0,5890.0,8870.0,4790.0,6830.0,20230420,20231027,19.86,189.34,33599.0,49.1,NaN,NaN,NaN,NaN,NaN
20231222,001390,12,1000.0,711.0,68469.0,4.85,66100.0,5890.0,4793.0,48.0,4378.0,7.8,4340.0,1.6,0.61,2.28,11550.0,66074.0,5011.0,9528.0,66100.0,5890.0,9100.0,4900.0,7000.0,20230420,20231027,18.85,111.34,33599.0,49.1,NaN,NaN,NaN,NaN,NaN
20231225,001390,12,1000.0,711.0,68469.0,4.73,66100.0,5890.0,4793.0,48.0,4378.0,7.72,4340.0,1.6,0.61,2.28,11550.0,66074.0,5011.0,9528.0,66100.0,5890.0,9100.0,4900.0,7000.0,20230420,20231027,18.85,113.1,33599.0,49.1,NaN,NaN,NaN,NaN,NaN
20231227,001390,12,1000.0,711.0,68469.0,4.7,66100.0,5890.0,4615.0,48.0,4378.0,7.82,4190.0,1.54,0.58,2.26,11550.0,66074.0,5011.0,9528.0,66100.0,5890.0,8780.0,4740.0,6760.0,20230420,20231027,14.43,61.09,33599.0,49.1,NaN,NaN,NaN,NaN,NaN
20231228,001390,12,1000.0,711.0,68469.0,4.68,66100.0,5890.0,4690.0,48.0,4378.0,7.91,4170.0,1.56,0.59,2.27,11550.0,66074.0,5011.0,9528.0,66100.0,5890.0,8760.0,4720.0,6740.0,20230420,20231027,16.3,87.08,33599.0,49.1,NaN,NaN,NaN,NaN,NaN
20231229,001390,12,1000.0,711.0,68469.0,4.68,66100.0,5890.0,4690.0,48.0,4378.0,7.91,4170.0,1.56,0.59,2.27,11550.0,66074.0,5011.0,9528.0,66100.0,5890.0,8760.0,4720.0,6740.0,20230420,20231027,16.3,87.08,33599.0,49.1,NaN,NaN,NaN,NaN,NaN
20240101,001390,12,1000.0,711.0,68469.0,4.63,66100.0,5890.0,4690.0,48.0,4378.0,7.91,4170.0,1.56,0.59,2.27,11550.0,66074.0,5011.0,9528.0,66100.0,5890.0,8760.0,4720.0,6740.0,20230420,20231027,16.3,87.08,33599.0,49.1,NaN,NaN,NaN,NaN,NaN
20240102,001390,12,1000.0,711.0,68469.0,4.63,6890.0,6800.0,4683.0,48.0,4378.0,7.84,4240.0,1.56,0.59,2.27,11550.0,66074.0,5011.0,9528.0,66100.0,5890.0,8900.0,4800.0,6850.0,20230420,20231027,16.13,78.71,33599.0,49.1,NaN,NaN,NaN,NaN,NaN
20240103,001390,12,1000.0,711.0,68469.0,4.56,6890.0,6700.0,4587.0,48.0,4378.0,7.86,4240.0,1.53,0.58,2.25,11550.0,66074.0,5011.0,9528.0,66100.0,5890.0,8890.0,4790.0,6840.0,20230420,20231027,13.75,146.58,33599.0,49.1,NaN,NaN,NaN,NaN,NaN
20240104,001390,12,1000.0,711.0,68469.0,4.6,6890.0,6520.0,4498.0,48.0,4378.0,7.85,4150.0,1.5,0.57,2.24,11550.0,66074.0,5011.0,9528.0,66100.0,5890.0,8710.0,4690.0,6700.0,20230420,20231027,11.54,97.93,33599.0,49.1,NaN,NaN,NaN,NaN,NaN
20240105,001390,12,1000.0,711.0,68469.0,4.59,6890.0,6480.0,4464.0,48.0,4378.0,7.78,4070.0,1.49,0.56,2.23,11550.0,66074.0,5011.0,9528.0,66100.0,5890.0,8540.0,4600.0,6570.0,20230420,20231027,10.7,75.28,33599.0,49.1,NaN,NaN,NaN,NaN,NaN
20240108,001390,12,1000.0,711.0,68469.0,4.54,6890.0,6460.0,4450.0,48.0,4378.0,7.8,4040.0,1.48,0.56,2.23,11550.0,66074.0,5011.0,9528.0,66100.0,5890.0,8470.0,4570.0,6520.0,20230420,20231027,10.36,87.94,33599.0,49.1,NaN,NaN,NaN,NaN,NaN
20240109,001390,12,1000.0,711.0,68469.0,4.56,6890.0,6460.0,4464.0,48.0,4378.0,7.84,4030.0,1.49,0.56,2.23,11550.0,66074.0,5011.0,9528.0,66100.0,5890.0,8450.0,4550.0,6500.0,20230420,20231027,10.7,92.27,33599.0,49.1,NaN,NaN,NaN,NaN,NaN
20240110,001390,12,1000.0,711.0,68469.0,4.55,6890.0,6420.0,4403.0,48.0,4378.0,7.86,4040.0,1.47,0.56,2.23,11550.0,66074.0,5011.0,9528.0,66100.0,5890.0,8470.0,4570.0,6520.0,20230420,20231027,9.17,134.95,33599.0,49.1,NaN,NaN,NaN,NaN,NaN
20240111,001390,12,1000.0,711.0,68469.0,4.53,6890.0,6420.0,4457.0,48.0,4378.0,7.85,3980.0,1.49,0.56,2.23,11550.0,66074.0,5011.0,9528.0,66100.0,5890.0,8350.0,4510.0,6430.0,20230420,20231027,10.53,58.25,33599.0,49.1,NaN,NaN,NaN,NaN,NaN
20240122,001390,12,1000.0,711.0,68469.0,4.45,6890.0,6170.0,4231.0,48.0,4378.0,7.8,3920.0,1.41,0.54,2.2,11550.0,66074.0,5011.0,9528.0,66100.0,5890.0,8220.0,4440.0,6330.0,20230420,20231027,4.92,96.03,33599.0,49.1,NaN,NaN,NaN,NaN,NaN
20240123,001390,12,1000.0,711.0,68469.0,4.43,6890.0,6150.0,4218.0,48.0,4378.0,7.79,3830.0,1.41,0.53,2.2,11550.0,66074.0,5011.0,9528.0,66100.0,5890.0,8030.0,4330.0,6180.0,20230420,20231027,4.58,84.16,33599.0,49.1,NaN,NaN,NaN,NaN,NaN
20240124,001390,12,1000.0,711.0,68469.0,4.39,6890.0,6090.0,4204.0,48.0,4378.0,7.81,3810.0,1.4,0.53,2.2,11550.0,66074.0,5011.0,9528.0,66100.0,5890.0,8000.0,4320.0,6160.0,20230420,20231027,4.24,78.53,33599.0,49.1,NaN,NaN,NaN,NaN,NaN
20240125,001390,12,1000.0,711.0,68469.0,4.42,6890.0,6010.0,4177.0,48.0,4378.0,7.78,3800.0,1.39,0.53,2.19,11550.0,66074.0,5011.0,9528.0,66100.0,5890.0,7980.0,4300.0,6140.0,20230420,20231027,3.57,154.56,33599.0,49.1,NaN,NaN,NaN,NaN,NaN
20240126,001390,12,1000.0,711.0,68469.0,4.36,6890.0,6010.0,4238.0,48.0,4378.0,7.8,3780.0,1.41,0.54,2.2,11550.0,66074.0,5011.0,9528.0,66100.0,5890.0,7930.0,4270.0,6100.0,20230420,20231027,5.09,78.34,33599.0,49.1,NaN,NaN,NaN,NaN,NaN
20240129,001390,12,1000.0,711.0,68469.0,4.35,6890.0,6010.0,4225.0,48.0,4378.0,7.84,3830.0,1.41,0.53,2.2,11550.0,66074.0,5011.0,9528.0,66100.0,5890.0,8040.0,4340.0,6190.0,20230420,20231027,4.75,86.63,33599.0,49.1,NaN,NaN,NaN,NaN,NaN
20240130,001390,12,1000.0,711.0,68469.0,4.34,6890.0,6010.0,4245.0,48.0,4378.0,7.83,3820.0,1.42,0.54,2.2,11550.0,66074.0,5011.0,9528.0,66100.0,5890.0,8020.0,4320.0,6170.0,20230420,20231027,5.26,174.01,33599.0,49.1,NaN,NaN,NaN,NaN,NaN
20240131,001390,12,1000.0,711.0,68469.0,4.38,6890.0,6010.0,4396.0,48.0,4378.0,7.77,3840.0,1.47,0.56,2.22,11550.0,66074.0,5011.0,9528.0,66100.0,5890.0,8060.0,4340.0,6200.0,20230420,20231027,9.0,103.69,33599.0,49.1,NaN,NaN,NaN,NaN,NaN
20240201,001390,12,1000.0,711.0,68469.0,4.34,6890.0,6010.0,4457.0,48.0,4378.0,7.82,3980.0,1.49,0.56,2.23,11550.0,66074.0,5011.0,9528.0,66100.0,5890.0,8340.0,4500.0,6420.0,20230420,20231027,10.53,198.42,33599.0,49.1,NaN,NaN,NaN,NaN,NaN
20240202,001390,12,1000.0,711.0,68469.0,4.39,6890.0,6010.0,4574.0,48.0,4378.0,7.85,4030.0,1.53,0.58,2.25,11550.0,66074.0,5011.0,9528.0,66100.0,5890.0,8460.0,4560.0,6510.0,20230420,20231027,13.41,83.2,33599.0,49.1,NaN,NaN,NaN,NaN,NaN
20240205,001390,12,1000.0,711.0,68469.0,4.33,6890.0,6010.0,4581.0,48.0,4378.0,7.95,4140.0,1.53,0.58,2.25,11550.0,66074.0,5011.0,9528.0,66100.0,5890.0,8680.0,4680.0,6680.0,20230420,20231027,13.58,58.59,33599.0,49.1,NaN,NaN,NaN,NaN,NaN
20240206,001390,12,1000.0,711.0,68469.0,4.29,6890.0,6010.0,4464.0,48.0,4378.0,7.92,4140.0,1.49,0.56,2.23,11550.0,66074.0,5011.0,9528.0,66100.0,5890.0,8690.0,4690.0,6690.0,20230420,20231027,10.7,68.16,33599.0,49.1,NaN,NaN,NaN,NaN,NaN
20240207,001390,12,1000.0,711.0,68469.0,4.29,6890.0,6010.0,4471.0,48.0,4378.0,7.97,4040.0,1.49,0.57,2.24,11550.0,66074.0,5011.0,9528.0,66100.0,5890.0,8470.0,4570.0,6520.0,20230420,20231027,10.87,73.46,33599.0,49.1,NaN,NaN,NaN,NaN,NaN
20240208,001390,12,1000.0,711.0,68469.0,4.28,6890.0,6010.0,4485.0,48.0,4378.0,8.03,4040.0,1.5,0.57,2.24,11550.0,66074.0,5011.0,9528.0,66100.0,5890.0,8480.0,4580.0,6530.0,20230420,20231027,11.21,110.46,33599.0,49.1,NaN,NaN,NaN,NaN,NaN
20240209,001390,12,1000.0,711.0,68469.0,4.27,6890.0,6010.0,4485.0,48.0,4378.0,8.04,4040.0,1.5,0.57,2.24,11550.0,66074.0,5011.0,9528.0,66100.0,5890.0,8480.0,4580.0,6530.0,20230420,20231027,11.21,111.4,33599.0,49.1,NaN,NaN,NaN,NaN,NaN
20240212,001390,12,1000.0,711.0,68469.0,4.27,6890.0,6010.0,4485.0,48.0,4378.0,8.04,4040.0,1.5,0.57,2.24,11550.0,66074.0,5011.0,9528.0,66100.0,5890.0,8480.0,4580.0,6530.0,20230420,20231027,11.21,111.4,33599.0,49.1,NaN,NaN,NaN,NaN,NaN
20240213,001390,12,1000.0,711.0,68469.0,4.27,6890.0,6010.0,4622.0,48.0,4378.0,8.04,4060.0,1.54,0.58,2.26,11550.0,66074.0,5011.0,9528.0,66100.0,5890.0,8510.0,4590.0,6550.0,20230420,20231027,14.6,153.86,33599.0,49.1,NaN,NaN,NaN,NaN,NaN
20240214,001390,12,1000.0,711.0,68469.0,4.25,6890.0,6010.0,4594.0,48.0,4378.0,8.11,4180.0,1.53,0.58,2.25,11550.0,66074.0,5011.0,9528.0,66100.0,5890.0,8770.0,4730.0,6750.0,20230420,20231027,13.92,54.84,33599.0,49.1,NaN,NaN,NaN,NaN,NaN
20240215,001390,12,1000.0,711.0,68469.0,4.25,6890.0,6010.0,4581.0,48.0,4378.0,8.1,4160.0,1.53,0.58,2.25,11550.0,66074.0,5011.0,9528.0,66100.0,5890.0,8720.0,4700.0,6710.0,20230420,20231027,13.58,106.71,33599.0,49.1,NaN,NaN,NaN,NaN,NaN
20240216,001390,12,1000.0,711.0,68469.0,4.21,6890.0,6010.0,4629.0,48.0,4378.0,8.11,4140.0,1.54,0.59,2.26,11550.0,66074.0,5011.0,9528.0,66100.0,5890.0,8690.0,4690.0,6690.0,20230420,20231027,14.77,132.51,33599.0,49.1,NaN,NaN,NaN,NaN,NaN
20240219,001390,12,1000.0,711.0,68469.0,4.22,6890.0,6010.0,4608.0,48.0,4378.0,8.27,4190.0,1.54,0.58,2.26,11550.0,66074.0,5011.0,9528.0,66100.0,5890.0,8780.0,4740.0,6760.0,20230420,20231027,14.26,91.17,33599.0,49.1,NaN,NaN,NaN,NaN,NaN
20240220,001390,12,1000.0,711.0,68469.0,4.23,6890.0,6010.0,4539.0,48.0,4378.0,8.18,4170.0,1.51,0.57,2.25,11550.0,66074.0,5011.0,9528.0,66100.0,5890.0,8740.0,4720.0,6730.0,20230420,20231027,12.56,90.01,33599.0,49.1,NaN,NaN,NaN,NaN,NaN
20240221,001390,12,1000.0,711.0,68469.0,4.19,6890.0,6010.0,4533.0,48.0,4378.0,8.24,4110.0,1.51,0.57,2.24,11550.0,66074.0,5011.0,9528.0,66100.0,5890.0,8610.0,4650.0,6630.0,20230420,20231027,12.39,167.53,33599.0,49.1,NaN,NaN,NaN,NaN,NaN
20240222,001390,12,1000.0,711.0,68469.0,4.18,6890.0,6010.0,4478.0,48.0,4378.0,8.29,4100.0,1.49,0.57,2.24,11550.0,66074.0,5011.0,9528.0,66100.0,5890.0,8600.0,4640.0,6620.0,20230420,20231027,11.04,83.87,33599.0,49.1,NaN,NaN,NaN,NaN,NaN
20240223,001390,12,1000.0,711.0,68469.0,4.17,6890.0,6010.0,4450.0,48.0,4378.0,8.33,4050.0,1.48,0.56,2.23,11550.0,66074.0,5011.0,9528.0,66100.0,5890.0,8500.0,4580.0,6540.0,20230420,20231027,10.36,84.02,33599.0,49.1,NaN,NaN,NaN,NaN,NaN
20240226,001390,12,1000.0,711.0,68469.0,4.12,6890.0,6010.0,4389.0,48.0,4378.0,8.34,4030.0,1.46,0.55,2.22,11550.0,66074.0,5011.0,9528.0,66100.0,5890.0,8450.0,4550.0,6500.0,20230420,20231027,8.83,74.49,33599.0,49.1,NaN,NaN,NaN,NaN,NaN
20240227,001390,12,1000.0,711.0,68469.0,4.14,6890.0,6010.0,4293.0,48.0,4378.0,8.31,3970.0,1.43,0.54,2.21,11550.0,66074.0,5011.0,9528.0,66100.0,5890.0,8330.0,4490.0,6410.0,20230420,20231027,6.45,109.53,33599.0,49.1,NaN,NaN,NaN,NaN,NaN
20240228,001390,12,1000.0,711.0,68469.0,4.14,6890.0,6010.0,4307.0,48.0,4378.0,8.27,3880.0,1.44,0.54,2.21,11550.0,66074.0,5011.0,9528.0,66100.0,5890.0,8150.0,4390.0,6270.0,20230420,20231027,6.79,73.54,33599.0,49.1,NaN,NaN,NaN,NaN,NaN
20240229,001390,12,1000.0,711.0,68469.0,4.12,6890.0,6010.0,4355.0,48.0,4378.0,8.29,3890.0,1.45,0.55,2.22,11550.0,66074.0,5011.0,9528.0,66100.0,5890.0,8170.0,4410.0,6290.0,20230420,20231027,7.98,156.85,33599.0,49.1,NaN,NaN,NaN,NaN,NaN
20240301,001390,12,1000.0,711.0,68469.0,4.09,6890.0,6010.0,4355.0,48.0,4378.0,8.28,3890.0,1.45,0.55,2.22,11550.0,66074.0,5011.0,9528.0,66100.0,5890.0,8170.0,4410.0,6290.0,20230420,20231027,7.98,157.65,33599.0,49.1,NaN,NaN,NaN,NaN,NaN
20240304,001390,12,1000.0,711.0,68469.0,4.09,6890.0,6010.0,4245.0,48.0,4378.0,8.28,3940.0,1.42,0.54,2.2,11550.0,66074.0,5011.0,9528.0,66100.0,5890.0,8260.0,4460.0,6360.0,20230420,20231027,5.26,116.03,33599.0,49.1,NaN,NaN,NaN,NaN,NaN
20240319,001390,12,1000.0,711.0,68469.0,4.27,6890.0,5450.0,3992.0,48.0,4378.0,7.75,3810.0,1.33,0.5,2.17,11550.0,66074.0,5011.0,9528.0,66100.0,5450.0,7990.0,4310.0,6150.0,20230420,20240319,6.97,705.19,33599.0,49.1,NaN,NaN,NaN,NaN,NaN
20240320,001390,12,1000.0,711.0,68469.0,4.3,6890.0,5450.0,4012.0,48.0,4378.0,7.44,3610.0,1.34,0.51,2.17,11550.0,66074.0,5011.0,9528.0,66100.0,5450.0,7570.0,4090.0,5830.0,20230420,20240319,7.52,17.43,33599.0,49.1,NaN,NaN,NaN,NaN,NaN
20240321,001390,12,1000.0,711.0,68469.0,4.26,6890.0,5450.0,4026.0,48.0,4378.0,7.46,3630.0,1.34,0.51,2.17,11550.0,66074.0,5011.0,9528.0,66100.0,5450.0,7610.0,4110.0,5860.0,20230420,20240319,7.89,77.83,33599.0,49.1,NaN,NaN,NaN,NaN,NaN
20240322,001390,12,1000.0,711.0,68469.0,4.23,6890.0,5450.0,4033.0,48.0,4378.0,7.53,3640.0,1.35,0.51,2.17,11550.0,66074.0,5011.0,9528.0,66100.0,5450.0,7640.0,4120.0,5880.0,20230420,20240319,8.07,69.72,33599.0,49.1,NaN,NaN,NaN,NaN,NaN
20240421,001390,12,1000.0,711.0,68469.0,4.02,6890.0,5220.0,3766.0,11.1,1388.0,7.64,3790.0,3.96,0.41,1.84,13489.0,89331.0,4426.0,3507.0,66100.0,5220.0,7040.0,3800.0,5420.0,20230420,20240415,5.36,139.42,33548.0,49.0,NaN,NaN,NaN,NaN,NaN
20240422,001390,12,1000.0,711.0,68469.0,4.02,6890.0,5220.0,3786.0,11.1,1388.0,7.64,3850.0,3.98,0.41,1.85,13489.0,89331.0,4426.0,3507.0,66100.0,5220.0,7150.0,3850.0,5500.0,20230420,20240415,5.94,79.36,33548.0,49.0,NaN,NaN,NaN,NaN,NaN
20240423,001390,12,1000.0,711.0,68469.0,3.99,6890.0,5220.0,3759.0,11.1,1388.0,7.58,3870.0,3.95,0.41,1.84,13489.0,89331.0,4426.0,3507.0,66100.0,5220.0,7180.0,3880.0,5530.0,20230420,20240415,5.17,94.91,33548.0,49.0,NaN,NaN,NaN,NaN,NaN
20240424,001390,12,1000.0,711.0,68469.0,3.99,6890.0,5220.0,3759.0,11.1,1388.0,7.56,3870.0,3.95,0.41,1.84,13489.0,89331.0,4426.0,3507.0,66100.0,5220.0,7180.0,3880.0,5530.0,20230420,20240415,5.17,108.84,33548.0,49.0,NaN,NaN,NaN,NaN,NaN
20240425,001390,12,1000.0,711.0,68469.0,3.96,6890.0,5220.0,3718.0,11.1,1388.0,7.59,3840.0,3.91,0.4,1.84,13489.0,89331.0,4426.0,3507.0,66100.0,5220.0,7130.0,3850.0,5490.0,20230420,20240415,4.02,113.98,33548.0,49.0,NaN,NaN,NaN,NaN,NaN
20240426,001390,12,1000.0,711.0,68469.0,3.96,6890.0,5220.0,3738.0,11.1,1388.0,7.56,3800.0,3.93,0.4,1.84,13489.0,89331.0,4426.0,3507.0,66100.0,5220.0,7050.0,3810.0,5430.0,20230420,20240415,4.6,68.82,33548.0,49.0,NaN,NaN,NaN,NaN,NaN
20240427,001390,12,1000.0,711.0,68469.0,3.95,6890.0,5220.0,3738.0,11.1,1388.0,7.57,3800.0,3.93,0.4,1.84,13489.0,89331.0,4426.0,3507.0,66100.0,5220.0,7050.0,3810.0,5430.0,20230420,20240415,4.6,72.69,33548.0,49.0,NaN,NaN,NaN,NaN,NaN
20240430,001390,12,1000.0,711.0,68469.0,3.93,6890.0,5220.0,3923.0,11.1,1388.0,7.72,4000.0,4.13,0.42,1.87,13489.0,89331.0,4426.0,3507.0,65100.0,5220.0,7430.0,4010.0,5720.0,20230421,20240415,9.77,67.49,33548.0,49.0,NaN,NaN,NaN,NaN,NaN
20240501,001390,12,1000.0,711.0,68469.0,3.94,6890.0,5220.0,3923.0,11.1,1388.0,7.74,4000.0,4.13,0.42,1.87,13489.0,89331.0,4426.0,3507.0,65100.0,5220.0,7430.0,4010.0,5720.0,20230421,20240415,9.77,67.77,33548.0,49.0,NaN,NaN,NaN,NaN,NaN
20240502,001390,12,1000.0,711.0,68469.0,3.94,6890.0,5220.0,3875.0,11.1,1388.0,7.74,4010.0,4.08,0.42,1.86,13489.0,89331.0,4426.0,3507.0,59600.0,5220.0,7440.0,4020.0,5730.0,20230424,20240415,8.43,59.94,33548.0,49.0,NaN,NaN,NaN,NaN,NaN
20240503,001390,12,1000.0,711.0,68469.0,3.91,6890.0,5220.0,3869.0,11.1,1388.0,7.71,3960.0,4.07,0.42,1.86,13489.0,89331.0,4426.0,3507.0,56500.0,5220.0,7350.0,3970.0,5660.0,20230425,20240415,8.24,110.07,33548.0,49.0,NaN,NaN,NaN,NaN,NaN
20240506,001390,12,1000.0,711.0,68469.0,3.9,6890.0,5220.0,3869.0,11.1,1388.0,7.68,3960.0,4.07,0.42,1.86,13489.0,89331.0,4426.0,3507.0,56500.0,5220.0,7350.0,3970.0,5660.0,20230425,20240415,8.24,111.6,33548.0,49.0,NaN,NaN,NaN,NaN,NaN
20240507,001390,12,1000.0,711.0,68469.0,3.9,6890.0,5220.0,3869.0,11.1,1388.0,7.68,3950.0,4.07,0.42,1.86,13489.0,89331.0,4426.0,3507.0,52800.0,5220.0,7340.0,3960.0,5650.0,20230706,20240415,8.24,86.13,33548.0,49.0,NaN,NaN,NaN,NaN,NaN
20240508,001390,12,1000.0,711.0,68469.0,3.92,6890.0,5220.0,3903.0,11.1,1388.0,7.67,3950.0,4.11,0.42,1.86,13489.0,89331.0,4426.0,3507.0,52800.0,5220.0,7340.0,3960.0,5650.0,20230706,20240415,9.2,105.2,33548.0,49.0,NaN,NaN,NaN,NaN,NaN
20240509,001390,12,1000.0,711.0,68469.0,3.91,6890.0,5220.0,3841.0,11.1,1388.0,7.73,3990.0,4.04,0.42,1.85,13489.0,89331.0,4426.0,3507.0,52800.0,5220.0,7410.0,3990.0,5700.0,20230706,20240415,7.47,116.66,33548.0,49.0,NaN,NaN,NaN,NaN,NaN
20240510,001390,12,1000.0,711.0,68469.0,3.95,6890.0,5220.0,3807.0,11.1,1388.0,7.68,3920.0,4.0,0.41,1.85,13489.0,89331.0,4426.0,3507.0,52800.0,5220.0,7290.0,3930.0,5610.0,20230706,20240415,6.51,91.27,33548.0,49.0,NaN,NaN,NaN,NaN,NaN
20240513,001390,12,1000.0,711.0,68469.0,3.94,6890.0,5220.0,3827.0,11.1,1388.0,7.64,3890.0,4.03,0.41,1.85,13489.0,89331.0,4426.0,3507.0,52800.0,5220.0,7220.0,3900.0,5560.0,20230706,20240415,7.09,91.33,33548.0,49.0,NaN,NaN,NaN,NaN,NaN
20240514,001390,12,1000.0,711.0,68469.0,3.97,6890.0,5220.0,3848.0,11.1,1388.0,7.67,3910.0,4.05,0.42,1.86,13489.0,89331.0,4426.0,3507.0,52800.0,5220.0,7260.0,3920.0,5590.0,20230706,20240415,7.66,92.62,33548.0,49.0,NaN,NaN,NaN,NaN,NaN
20240515,001390,12,1000.0,711.0,68469.0,3.93,6890.0,5220.0,3848.0,11.1,1388.0,7.71,3910.0,4.05,0.42,1.86,13489.0,89331.0,4426.0,3507.0,52800.0,5220.0,7260.0,3920.0,5590.0,20230706,20240415,7.66,94.07,33548.0,49.0,NaN,NaN,NaN,NaN,NaN
20240516,001390,12,1000.0,711.0,68469.0,3.93,6890.0,5220.0,3841.0,11.1,1388.0,7.71,3930.0,4.04,0.42,1.85,13489.0,89331.0,4426.0,3507.0,52800.0,5220.0,7300.0,3940.0,5620.0,20230706,20240415,7.47,94.72,33548.0,49.0,NaN,NaN,NaN,NaN,NaN
20240517,001390,12,1000.0,711.0,68469.0,3.92,6890.0,5220.0,3752.0,11.1,1388.0,7.71,3920.0,3.95,0.41,1.84,13489.0,89331.0,4426.0,3507.0,52800.0,5220.0,7290.0,3930.0,5610.0,20230706,20240415,4.98,152.75,33548.0,49.0,NaN,NaN,NaN,NaN,NaN
20240520,001390,12,1000.0,711.0,68469.0,3.94,6890.0,5220.0,3704.0,11.1,1388.0,7.68,3830.0,3.9,0.4,1.84,13489.0,89331.0,4426.0,3507.0,52800.0,5220.0,7120.0,3840.0,5480.0,20230706,20240415,3.64,133.95,33548.0,49.0,NaN,NaN,NaN,NaN,NaN
20240521,001390,12,1000.0,711.0,68469.0,3.92,6890.0,5220.0,3643.0,11.1,1388.0,7.68,3780.0,3.83,0.39,1.83,13489.0,89331.0,4426.0,3507.0,52800.0,5220.0,7030.0,3790.0,5410.0,20230706,20240415,1.92,85.44,33548.0,49.0,NaN,NaN,NaN,NaN,NaN
20240522,001390,12,1000.0,711.0,68469.0,3.89,6890.0,5220.0,3622.0,11.1,1388.0,7.59,3720.0,3.81,0.39,1.82,13489.0,89331.0,4426.0,3507.0,52800.0,5220.0,6910.0,3730.0,5320.0,20230706,20240415,1.34,85.69,33548.0,49.0,NaN,NaN,NaN,NaN,NaN
20240523,001390,12,1000.0,711.0,68469.0,3.79,6890.0,5190.0,3567.0,11.1,1388.0,7.56,3700.0,3.75,0.39,1.82,13489.0,89331.0,4426.0,3507.0,52800.0,5190.0,6870.0,3710.0,5290.0,20230706,20240523,0.39,142.27,33548.0,49.0,NaN,NaN,NaN,NaN,NaN
20240524,001390,12,1000.0,711.0,68469.0,3.76,6890.0,5150.0,3526.0,11.1,1388.0,7.42,3640.0,3.71,0.38,1.81,13489.0,89331.0,4426.0,3507.0,52800.0,5150.0,6770.0,3650.0,5210.0,20230706,20240524,0.0,80.8,33548.0,49.0,NaN,NaN,NaN,NaN,NaN
20240527,001390,12,1000.0,711.0,68469.0,3.75,6890.0,5020.0,3512.0,11.1,1388.0,7.31,3600.0,3.7,0.38,1.81,13489.0,89331.0,4426.0,3507.0,52800.0,5020.0,6690.0,3610.0,5150.0,20230706,20240527,2.19,156.37,33548.0,49.0,NaN,NaN,NaN,NaN,NaN
20240528,001390,12,1000.0,711.0,68469.0,3.76,6890.0,5020.0,3451.0,11.1,1388.0,7.17,3590.0,3.63,0.37,1.8,13489.0,89331.0,4426.0,3507.0,52800.0,5020.0,6660.0,3600.0,5130.0,20230706,20240527,0.4,67.97,33548.0,49.0,NaN,NaN,NaN,NaN,NaN
20240529,001390,12,1000.0,711.0,68469.0,3.74,6890.0,5010.0,3608.0,11.1,1388.0,6.97,3520.0,3.8,0.39,1.82,13489.0,89331.0,4426.0,3507.0,52800.0,5010.0,6550.0,3530.0,5040.0,20230706,20240529,5.19,1622.64,33548.0,49.0,NaN,NaN,NaN,NaN,NaN
20240530,001390,12,1000.0,711.0,68469.0,3.73,6890.0,5010.0,3512.0,11.1,1388.0,6.79,3680.0,3.7,0.38,1.81,13489.0,89331.0,4426.0,3507.0,52800.0,5010.0,6850.0,3690.0,5270.0,20230706,20240529,2.4,14.6,33548.0,49.0,NaN,NaN,NaN,NaN,NaN
20240531,001390,12,1000.0,711.0,68469.0,3.73,6890.0,5010.0,3512.0,11.1,1388.0,6.79,3680.0,3.7,0.38,1.81,13489.0,89331.0,4426.0,3507.0,52800.0,5010.0,6850.0,3690.0,5270.0,20230706,20240529,2.4,14.6,33548.0,49.0,NaN,NaN,NaN,NaN,NaN
20240603,001390,12,1000.0,711.0,68469.0,3.83,6890.0,5010.0,3560.0,11.1,1388.0,6.71,3510.0,3.75,0.39,1.82,13489.0,89331.0,4426.0,3507.0,52800.0,5010.0,6520.0,3520.0,5020.0,20230706,20240529,3.79,36.99,33548.0,49.0,NaN,NaN,NaN,NaN,NaN
20240604,001390,12,1000.0,711.0,68469.0,3.8,6890.0,5010.0,3519.0,11.1,1388.0,6.83,3640.0,3.7,0.38,1.81,13489.0,89331.0,4426.0,3507.0,52800.0,5010.0,6760.0,3640.0,5200.0,20230706,20240529,2.59,65.16,33548.0,49.0,NaN,NaN,NaN,NaN,NaN
20240605,001390,12,1000.0,711.0,68469.0,3.84,6890.0,5010.0,3554.0,11.1,1388.0,6.72,3590.0,3.74,0.38,1.81,13489.0,89331.0,4426.0,3507.0,52800.0,5010.0,6680.0,3600.0,5140.0,20230706,20240529,3.59,92.19,33548.0,49.0,NaN,NaN,NaN,NaN,NaN
20240606,001390,12,1000.0,711.0,68469.0,3.85,6890.0,5010.0,3554.0,11.1,1388.0,6.73,3590.0,3.74,0.38,1.81,13489.0,89331.0,4426.0,3507.0,52800.0,5010.0,6680.0,3600.0,5140.0,20230706,20240529,3.59,93.21,33548.0,49.0,NaN,NaN,NaN,NaN,NaN
20240607,001390,12,1000.0,711.0,68469.0,3.85,6890.0,5010.0,3540.0,11.1,1388.0,6.73,3630.0,3.72,0.38,1.81,13489.0,89331.0,4426.0,3507.0,52800.0,5010.0,6740.0,3640.0,5190.0,20230706,20240529,3.19,85.68,33548.0,49.0,NaN,NaN,NaN,NaN,NaN
20240610,001390,12,1000.0,711.0,68469.0,3.82,6890.0,5010.0,3560.0,11.1,1388.0,6.72,3610.0,3.75,0.39,1.82,13489.0,89331.0,4426.0,3507.0,52800.0,5010.0,6720.0,3620.0,5170.0,20230706,20240529,3.79,93.47,33548.0,49.0,NaN,NaN,NaN,NaN,NaN
20240611,001390,12,1000.0,711.0,68469.0,3.8,6890.0,5010.0,3581.0,11.1,1388.0,6.68,3640.0,3.77,0.39,1.82,13489.0,89331.0,4426.0,3507.0,52800.0,5010.0,6760.0,3640.0,5200.0,20230706,20240529,4.39,141.06,33548.0,49.0,NaN,NaN,NaN,NaN,NaN
20240612,001390,12,1000.0,711.0,68469.0,3.8,6890.0,5010.0,3526.0,11.1,1388.0,6.64,3660.0,3.71,0.38,1.81,13489.0,89331.0,4426.0,3507.0,52800.0,5010.0,6790.0,3670.0,5230.0,20230706,20240529,2.79,95.79,33548.0,49.0,NaN,NaN,NaN,NaN,NaN
20240613,001390,12,1000.0,711.0,68469.0,3.81,6890.0,5010.0,3533.0,11.1,1388.0,6.56,3600.0,3.72,0.38,1.81,13489.0,89331.0,4426.0,3507.0,52800.0,5010.0,6690.0,3610.0,5150.0,20230706,20240529,2.99,59.14,33548.0,49.0,NaN,NaN,NaN,NaN,NaN
20240614,001390,12,1000.0,711.0,68469.0,3.83,6890.0,5010.0,3526.0,11.1,1388.0,6.55,3610.0,3.71,0.38,1.81,13489.0,89331.0,4426.0,3507.0,52800.0,5010.0,6700.0,3620.0,5160.0,20230706,20240529,2.79,217.37,33548.0,49.0,NaN,NaN,NaN,NaN,NaN
20240617,001390,12,1000.0,711.0,68469.0,3.82,6890.0,5010.0,3465.0,11.1,1388.0,6.48,3600.0,3.64,0.38,1.8,13489.0,89331.0,4426.0,3507.0,52800.0,5010.0,6690.0,3610.0,5150.0,20230706,20240529,1.0,78.16,33548.0,49.0,NaN,NaN,NaN,NaN,NaN
20240618,001390,12,1000.0,711.0,68469.0,3.85,6890.0,5010.0,3615.0,11.1,1388.0,6.35,3540.0,3.8,0.39,1.82,13489.0,89331.0,4426.0,3507.0,52800.0,5010.0,6570.0,3550.0,5060.0,20230706,20240529,5.39,853.67,33548.0,49.0,NaN,NaN,NaN,NaN,NaN
20240619,001390,12,1000.0,711.0,68469.0,3.89,6890.0,5010.0,3506.0,11.1,1388.0,6.15,3690.0,3.69,0.38,1.81,13489.0,89331.0,4426.0,3507.0,52800.0,5010.0,6860.0,3700.0,5280.0,20230706,20240529,2.2,23.22,33548.0,49.0,NaN,NaN,NaN,NaN,NaN
20240620,001390,12,1000.0,711.0,68469.0,3.89,6890.0,5010.0,3492.0,11.1,1388.0,6.15,3580.0,3.67,0.38,1.81,13489.0,89331.0,4426.0,3507.0,52800.0,5010.0,6650.0,3590.0,5120.0,20230706,20240529,1.8,39.98,33548.0,49.0,NaN,NaN,NaN,NaN,NaN
20240621,001390,12,1000.0,711.0,68469.0,3.92,6890.0,5010.0,3526.0,11.1,1388.0,6.16,3570.0,3.71,0.38,1.81,13489.0,89331.0,4426.0,3507.0,52800.0,5010.0,6630.0,3570.0,5100.0,20230706,20240529,2.79,103.7,33548.0,49.0,NaN,NaN,NaN,NaN,NaN
20240624,001390,12,1000.0,711.0,68469.0,3.87,6890.0,5000.0,3423.0,11.1,1388.0,6.18,3600.0,3.6,0.37,1.8,13489.0,89331.0,4426.0,3507.0,52800.0,5000.0,6690.0,3610.0,5150.0,20230706,20240624,0.0,162.65,33548.0,49.0,NaN,NaN,NaN,NaN,NaN
20240625,001390,12,1000.0,711.0,68469.0,3.85,6890.0,4905.0,3379.0,11.1,1388.0,5.9,3500.0,3.55,0.37,1.79,13489.0,89331.0,4426.0,3507.0,52800.0,4905.0,6500.0,3500.0,5000.0,20230706,20240625,0.61,85.93,33548.0,49.0,NaN,NaN,NaN,NaN,NaN
20240626,001390,12,1000.0,711.0,68469.0,3.83,6890.0,4905.0,3365.0,11.1,1388.0,5.83,3450.0,3.54,0.36,1.79,13489.0,89331.0,4426.0,3507.0,52800.0,4905.0,6410.0,3455.0,4935.0,20230706,20240625,0.2,35.67,33548.0,49.0,NaN,NaN,NaN,NaN,NaN
20240627,001390,12,1000.0,711.0,68469.0,3.81,6890.0,4825.0,3307.0,11.1,1388.0,5.8,3440.0,3.48,0.36,1.78,13489.0,89331.0,4426.0,3507.0,52800.0,4825.0,6380.0,3445.0,4915.0,20230706,20240627,0.1,170.82,33548.0,49.0,NaN,NaN,NaN,NaN,NaN
20240628,001390,12,1000.0,711.0,68469.0,3.84,6890.0,4810.0,3348.0,11.1,1388.0,5.76,3380.0,3.52,0.36,1.79,13489.0,89331.0,4426.0,3507.0,52800.0,4810.0,6270.0,3385.0,4830.0,20230706,20240628,1.66,74.84,33548.0,49.0,NaN,NaN,NaN,NaN,NaN
20240701,001390,12,1000.0,711.0,68469.0,3.84,6890.0,4810.0,3389.0,11.1,1388.0,5.76,3610.0,3.57,0.37,1.79,13489.0,89331.0,4426.0,3507.0,52800.0,4810.0,6350.0,3425.0,4890.0,20230706,20240628,2.91,99.69,33548.0,49.0,NaN,NaN,NaN,NaN,NaN
20240702,001390,12,1000.0,711.0,68469.0,3.84,6890.0,4810.0,3352.0,11.1,1388.0,5.76,3660.0,3.53,0.36,1.79,13489.0,89331.0,4426.0,3507.0,52800.0,4810.0,6430.0,3465.0,4950.0,20230706,20240628,1.77,134.04,33548.0,49.0,NaN,NaN,NaN,NaN,NaN
20240703,001390,12,1000.0,711.0,68469.0,3.84,6890.0,4810.0,3334.0,11.1,1388.0,5.67,3620.0,3.51,0.36,1.78,13489.0,89331.0,4426.0,3507.0,52800.0,4810.0,6360.0,3430.0,4895.0,20230706,20240628,1.25,50.66,33548.0,49.0,NaN,NaN,NaN,NaN,NaN
20240704,001390,12,1000.0,711.0,68469.0,3.83,6890.0,4810.0,3355.0,11.1,1388.0,5.65,3600.0,3.53,0.36,1.79,13489.0,89331.0,4426.0,3507.0,52800.0,4810.0,6330.0,3410.0,4870.0,20230706,20240628,1.87,119.01,33548.0,49.0,NaN,NaN,NaN,NaN,NaN
20240705,001390,12,1000.0,711.0,68469.0,3.82,6890.0,4810.0,3372.0,11.1,1388.0,5.67,3620.0,3.55,0.37,1.79,13489.0,89331.0,4426.0,3507.0,52800.0,4810.0,6370.0,3430.0,4900.0,20230706,20240628,2.39,160.29,33548.0,49.0,NaN,NaN,NaN,NaN,NaN
20240708,001390,12,1000.0,711.0,68469.0,3.81,6890.0,4810.0,3437.0,11.1,1388.0,5.73,3640.0,3.62,0.37,1.8,13489.0,89331.0,4426.0,3507.0,52800.0,4810.0,6400.0,3450.0,4925.0,20230706,20240628,4.37,53.65,33548.0,49.0,NaN,NaN,NaN,NaN,NaN
20240709,001390,12,1000.0,711.0,68469.0,3.81,6890.0,4810.0,3399.0,11.1,1388.0,5.75,3710.0,3.58,0.37,1.79,13489.0,89331.0,4426.0,3507.0,52800.0,4810.0,6520.0,3520.0,5020.0,20230706,20240628,3.22,99.14,33548.0,49.0,NaN,NaN,NaN,NaN,NaN
20240710,001390,12,1000.0,711.0,68469.0,3.8,6890.0,4810.0,3369.0,11.1,1388.0,5.69,3670.0,3.54,0.36,1.79,13489.0,89331.0,4426.0,3507.0,52800.0,4810.0,6450.0,3480.0,4965.0,20230706,20240628,2.29,88.03,33548.0,49.0,NaN,NaN,NaN,NaN,NaN
20240711,001390,12,1000.0,711.0,68469.0,3.8,6890.0,4810.0,3355.0,11.1,1388.0,5.68,3640.0,3.53,0.36,1.79,13489.0,89331.0,4426.0,3507.0,52800.0,4810.0,6390.0,3445.0,4920.0,20230706,20240628,1.87,101.39,33548.0,49.0,NaN,NaN,NaN,NaN,NaN
20240712,001390,12,1000.0,711.0,68469.0,3.8,6890.0,4810.0,3352.0,11.1,1388.0,5.68,3620.0,3.53,0.36,1.79,13489.0,89331.0,4426.0,3507.0,52800.0,4810.0,6370.0,3430.0,4900.0,20230706,20240628,1.77,88.69,33417.0,48.8,KG케미칼,001390,기초 화학물질 제조업,"콘크리트혼화제, 비료, 친환경농자재, 수처리제",1989-08-25
