index,id,order_num,code,code_name,rate,purchase_rate,purchase_price,present_price,valuation_price,valuation_profit,holding_amount,buy_date,item_total_purchase,chegyul_check,reinvest_count,reinvest_date,invest_unit,reinvest_unit,sell_date,sell_price,sell_rate,rate_std,rate_std_mod_val,rate_std_htr,rate_htr,rate_std_mod_val_htr,yes_close,close,d1_diff_rate,d1_diff,open,high,low,volume,clo5,clo10,clo20,clo40,clo60,clo80,clo100,clo120,clo5_diff_rate,clo10_diff_rate,clo20_diff_rate,clo40_diff_rate,clo60_diff_rate,clo80_diff_rate,clo100_diff_rate,clo120_diff_rate
0,0,0,002320,한진,5.66,0.5,30200,32000,510571,27371,16,202201040933,483200,0,0,0,500000,0,202201050900,32000,5.66,0,0,0,0,0,30050,32400,7.82,0,31900,32400,29950,159235,30750,30365,30222,30563,31895,33308,34547,35730,-0.99,-0.23,-0.17,-1.71,-5.89,-10.02,-13.25,-16.08
0,0,0,210980,SK디앤디,2.73,1.53,29850,30750,490625,13025,16,202201121031,477600,0,0,0,500000,0,202203150900,30750,2.73,0,0,0,0,0,29400,30800,-1.28,0,30750,31500,30700,20929,30880,30600,29717,29208,29879,29867,30160,30795,-2.71,-5.16,-5.52,-3.57,-4.33,-6.6,-10.39,-12.32
0,0,0,060560,홈센타홀딩스,6.69,2.23,1145,1225,532610,33390,436,202201200903,499220,0,0,0,500000,0,202202280900,1225,6.69,0,0,0,0,0,1120,1210,3.42,0,1210,1285,1195,3492217,1213,1197,1183,1192,1205,1230,1378,1493,-2.78,-5.25,-8.61,-8.52,-13.3,-24.09,-28.85,-26.27
0,0,0,012630,HDC,4.68,2.4,7240,7600,522935,23375,69,202201240910,499560,0,0,0,500000,0,202203280900,7600,4.68,0,0,0,0,0,7070,7600,-0.13,0,7600,7650,7520,143341,7662,7655,7695,7560,8193,8708,9025,9298,-4.61,-16,-25.25,-28.26,-29.31,-30.46,-32.23,-33.59
0,0,0,030210,다올투자증권,4.23,0.91,4975,5200,518547,21047,100,202201250901,497500,0,0,0,500000,0,202203290900,5200,4.23,0,0,0,0,0,4930,5160,-2.09,0,5200,5280,5150,281009,5152,5128,5086,5076,5117,5329,5526,5663,-2.95,-4.2,-5.19,-11.7,-15.37,-17.24,-20.14,-23.04
0,0,0,053210,스카이라이프,11.81,0.25,7920,8880,557883,58923,63,202201260901,498960,0,0,0,500000,0,202203230900,8880,11.81,0,0,0,0,0,7900,8810,0.34,0,8880,8870,8730,38635,8664,8483,8479,8454,8660,8788,9016,9180,-5.07,-7.68,-10.17,-12.22,-14.42,-16.29,-17.78,-18.85
0,0,0,234920,자이글,7.91,2.29,3350,3625,538619,39469,149,202201260912,499150,0,0,0,500000,0,202202100900,3625,7.91,0,0,0,0,0,3275,3630,5.99,0,3630,4095,3435,354183,3449,3390,3623,3837,3695,3679,3717,3813,-7.8,-11.71,-15.98,-15.08,-11.84,-11.69,-13.53,-16.51
0,0,0,071840,롯데하이마트,14.43,1.43,21350,24500,561933,70883,23,202201260915,491050,0,0,0,500000,0,202203290900,24500,14.43,0,0,0,0,0,21050,24400,-1.21,0,24400,24700,24250,29352,24650,24770,24270,23423,23720,24156,24639,25275,-5.05,-8.44,-12.55,-15.17,-16.92,-19.33,-22.12,-24.95
0,0,0,005160,동국산업,6.87,2.39,3210,3440,531712,34162,155,202201260928,497550,0,0,0,500000,0,202203040900,3440,6.87,0,0,0,0,0,3135,3440,0.58,0,3440,3455,3395,27662,3356,3322,3293,3331,3389,3456,3551,3608,-3.69,-6.1,-8.8,-9.07,-11.58,-13.85,-15.2,-15.52
0,0,0,002620,제일파마홀딩스,4.67,6.07,13100,13750,521041,23241,38,202201260940,497800,0,0,0,500000,0,202203290900,13750,4.67,0,0,0,0,0,12350,13800,0,0,13750,13800,13650,4036,13820,13750,13467,13397,14135,14512,14998,15457,-9.66,-15.79,-19.47,-20.46,-22.75,-24.76,-27.35,-29.85
0,0,0,031430,신세계인터내셔날,19.42,2.97,24300,29100,580385,94385,20,202201261102,486000,0,0,0,500000,0,202202100900,29100,19.42,0,0,0,0,0,23600,28700,10.38,0,29200,28900,26700,784480,25860,24790,25445,27327,28170,29545,31200,32524,-5.14,-7.96,-12.62,-16.25,-19.18,-22.88,-27.16,-29.39
0,0,0,234080,JW생명과학,11.7,0.39,12900,14450,547571,57371,38,202201261102,490200,0,0,0,500000,0,202202210900,14450,11.7,0,0,0,0,0,12850,14550,3.93,0,14550,14650,13800,58425,13950,13695,13370,13685,14031,14320,14582,15043,-2.73,-4.6,-6.39,-9.58,-10.66,-12.53,-15.39,-17.69
0,0,0,079980,휴비스,-1.51,1.96,7280,7190,487550,-7490,68,202201261106,495040,0,0,0,500000,0,202203290900,7190,-1.51,0,0,0,0,0,7140,7180,0,0,7180,7200,7110,31782,7160,7133,7106,7117,7493,7729,8015,8325,-6.37,-9.31,-12.52,-14.18,-16.69,-19.72,-22.16,-24.43
0,0,0,108230,톱텍,5.91,3.21,8050,8550,528620,29520,62,202201280915,499100,0,0,0,500000,0,202203180900,8550,5.91,0,0,0,0,0,7800,8650,1.53,0,8520,8840,8550,122122,8316,8196,8234,8331,8564,8480,8498,8637,-5.68,-8.55,-12.6,-10.98,-8.69,-9.68,-12.53,-15.11
0,0,0,093050,LF,12.47,2.69,15250,17200,548868,60868,32,202201281010,488000,0,0,0,500000,0,202202140900,17200,12.47,0,0,0,0,0,14850,17300,1.47,0,17050,17800,17300,172488,16910,16270,16312,16721,17136,17591,17686,17783,-4.44,-7.33,-10.1,-12.27,-15.06,-16.22,-16.8,-16.89
0,0,0,294870,HDC현대산업개발,6.35,5.15,14300,15250,517053,30853,34,202201281020,486200,0,0,0,500000,0,202203300900,15250,6.35,0,0,0,0,0,13600,15250,-5.86,0,15200,16100,14900,2659216,16540,16685,16922,16135,17655,19029,19985,21008,-4.56,-12.99,-31.13,-36.95,-38.63,-41.2,-43.72,-45.63
0,0,0,073490,이노와이어리스,14.26,4.01,36350,41650,539944,67394,13,202201281054,472550,0,0,0,500000,0,202203300900,41650,14.26,0,0,0,0,0,34950,41150,4.57,0,41800,41450,39350,161103,39430,39140,39157,38705,39643,40678,40593,40183,-6.25,-10.05,-14.46,-17.37,-16.32,-14.4,-15.58,-16.61
0,0,0,007160,사조산업,9.05,4.27,42750,46750,512817,42567,11,202201281106,470250,0,0,0,500000,0,202202140900,46750,9.05,0,0,0,0,0,41000,47450,1.28,0,46800,48300,46200,16142,46790,44910,44945,46256,45863,46223,47214,49340,-2.96,-6.42,-10.65,-11.6,-10.61,-12,-15.24,-19.27
0,0,0,161390,한국타이어앤테크놀로지,2.11,1.99,33350,34150,476763,9863,14,202201281121,466900,0,0,0,500000,0,202203300900,34150,2.11,0,0,0,0,0,32700,33800,-1.02,0,33900,34300,33500,321257,34130,34175,33962,34461,35857,36988,37898,38769,-5.6,-8.7,-13.75,-16.7,-17.98,-19.7,-21.24,-23.01
0,0,0,000240,한국앤컴퍼니,12.19,3.64,12800,14400,560037,60837,39,202201281142,499200,0,0,0,500000,0,202203300900,14400,12.19,0,0,0,0,0,12350,14350,1.41,0,14400,14400,14050,84181,14080,13845,13532,13442,13903,14403,14861,15205,-6.23,-9.95,-14.75,-18.92,-21.12,-22.88,-23.35,-24.56
0,0,0,192400,쿠쿠홀딩스,0.87,3.57,17400,17600,491421,4221,28,202201281145,487200,0,0,0,500000,0,202202240900,17600,0.87,0,0,0,0,0,16800,17750,2.01,0,17650,17750,17300,32526,17650,17705,17707,18247,18437,18850,19562,20261,-5.62,-7.57,-8.87,-10.33,-11.06,-15.24,-17.93,-21.48
0,0,0,000120,CJ대한통운,7.85,3.1,116500,126000,502595,36595,4,202201281201,466000,0,0,0,500000,0,202202110900,126000,7.85,0,0,0,0,0,113000,127500,2,0,127000,128000,124000,48321,123300,119900,121950,125525,128033,132400,137455,142691,-4.64,-6.3,-8.76,-11.27,-13.29,-16.13,-19.79,-22.43
0,0,0,008490,서흥,5.95,3.29,39250,41700,499003,28003,12,202201281209,471000,0,0,0,500000,0,202203210900,41700,5.95,0,0,0,0,0,38000,41150,4.57,0,41600,41500,39150,44417,39250,39315,39265,39695,40835,41058,42100,43471,-3.94,-6.75,-9.19,-10.04,-10.84,-13.6,-17.24,-19.5
0,0,0,081660,휠라홀딩스,20.55,3.73,29200,35300,598435,102035,17,202201281212,496400,0,0,0,500000,0,202203040900,35300,20.55,0,0,0,0,0,28150,35500,0.42,0,35250,36100,34850,556959,34530,33170,32527,32411,33556,34395,35195,36781,-6.51,-9.11,-13.73,-17.78,-19.96,-21.78,-25.52,-29.08
0,0,0,200710,에이디테크놀로지,-7.21,2.81,20150,18750,448735,-34865,24,202201281231,483600,0,0,0,500000,0,202203300900,18750,-7.21,0,0,0,0,0,19600,18600,1.92,0,18900,18650,18300,53452,18430,18415,18330,18720,20100,20355,20593,20456,-5.18,-9.89,-12.86,-10.9,-10.06,-8.26,-7.9,-9.12
0,0,0,002320,한진,6.64,1.86,27400,29300,525928,32728,18,202201281232,493200,0,0,0,500000,0,202203070900,29300,6.64,0,0,0,0,0,26900,29600,0,0,29550,29600,29100,20652,28980,28840,28915,29526,29717,30049,30969,32105,-2.78,-6.97,-11.38,-11.04,-12.13,-14.99,-18.4,-21.15
0,0,0,003060,에이프로젠바이오로직스,10.76,2.09,732,813,553733,53777,683,202201281235,499956,0,0,0,500000,0,202203300900,813,10.76,0,0,0,0,0,717,810,1.38,0,816,816,795,580726,799,802,789,775,805,821,850,878,-6.57,-11.67,-15.73,-16.73,-19.47,-22.25,-25.04,-27.51
0,0,0,046440,KG모빌리언스,8.97,3.68,8730,9540,542264,44654,57,202201281235,497610,0,0,0,500000,0,202203300900,9540,8.97,0,0,0,0,0,8420,9520,-0.31,0,9570,9670,9410,604859,9294,9176,8939,8891,9448,9866,9740,9660,-7.17,-10.1,-17.39,-22.39,-18.06,-16.07,-16.21,-16.46
0,0,0,138490,코오롱플라스틱,10.14,4.69,10050,11100,542385,49935,49,202201281235,492450,0,0,0,500000,0,202203040900,11100,10.14,0,0,0,0,0,9600,11150,2.29,0,11100,11400,11000,742611,10404,10327,10342,10801,11497,12070,13093,13426,-5.19,-9.33,-15.84,-20.94,-24.55,-30.77,-31.63,-25.73
0,0,0,013120,동원개발,4.18,3.33,4805,5020,520622,20902,104,202201281239,499720,0,0,0,500000,0,202203040900,5020,4.18,0,0,0,0,0,4650,5040,2.96,0,5020,5080,4905,147822,4877,4845,4831,5052,5079,5091,5160,5272,-4.83,-8.32,-12.31,-10.71,-10.34,-11.42,-13.48,-15.22
0,0,0,171090,선익시스템,25.95,3.9,17300,21850,610106,125706,28,202201281241,484400,0,0,0,500000,0,202203180900,21850,25.95,0,0,0,0,0,16650,20700,29.78,0,21900,20700,16400,2595938,16900,16845,16920,17667,18918,20468,21156,21260,-8.26,-13.55,-18.12,-22.24,-26.79,-26.2,-26.75,-28.23
0,0,0,122450,KX,15.44,3.79,6850,7930,569373,76173,72,202201281246,493200,0,0,0,500000,0,202202140900,7930,15.44,0,0,0,0,0,6600,8020,2.69,0,8010,8240,7650,327744,7572,7276,7479,7699,7923,8136,8404,8722,-7.72,-11.43,-14.84,-15.57,-18.08,-20.61,-23.53,-26.62
0,0,0,023410,유진기업,5.08,2.34,4375,4610,524073,25323,114,202201281305,498750,0,0,0,500000,0,202202280900,4610,5.08,0,0,0,0,0,4275,4610,2.79,0,4610,4620,4525,266230,4577,4510,4492,4677,4710,4781,4793,4850,-3.41,-6.51,-10.97,-11.24,-12.01,-11.98,-12.83,-13.63
0,0,0,089030,테크윙,11.59,2.99,9569,10708,555266,57678,52,202201281309,497588,0,0,0,500000,0,202203300900,10708,11.59,0,0,0,0,0,9291,10708,8.18,0,10708,10734,9873,1235809,10019,9855,9737,9655,9935,10157,10221,10188,-2.49,-5.8,-9.89,-12.59,-12.05,-10.97,-13.03,-16.28
0,0,0,004360,세방,8.49,2.86,10800,11750,538993,42193,46,202201281310,496800,0,0,0,500000,0,202203240900,11750,8.49,0,0,0,0,0,10500,11850,0.85,0,11750,11900,11700,47962,11670,11560,11407,11333,11512,11540,11661,11814,-4.81,-8.5,-10.24,-10.48,-10.63,-12,-14.17,-15.32
0,0,0,006650,대한유화,9,2.03,150500,164500,492125,40625,3,202201281311,451500,0,0,0,500000,0,202203300900,164500,9,0,0,0,0,0,147500,163000,1.88,0,165000,163500,161000,23822,162000,161350,159900,161487,168258,175375,176360,180729,-7.17,-12.38,-17.04,-21.44,-20.3,-21.87,-25.18,-27.38
0,0,0,027410,BGF,13.81,5.34,4635,5290,564456,68511,107,202201281323,495945,0,0,0,500000,0,202203300900,5290,13.81,0,0,0,0,0,4400,5280,0,0,5290,5330,5250,130602,5280,5262,5207,5073,5092,5117,5261,5324,-6.82,-9.9,-12.88,-14.42,-17.69,-18.85,-21,-22.6
0,0,0,005720,넥센,5.89,4.3,4120,4375,527897,29377,121,202201281343,498520,0,0,0,500000,0,202203300900,4375,5.89,0,0,0,0,0,3950,4370,0.11,0,4375,4385,4355,15527,4350,4324,4279,4229,4343,4407,4505,4587,-7.41,-10.6,-12.56,-13.43,-15.17,-16.75,-17.63,-18.06
0,0,0,006060,화승인더,10.55,5.24,4925,5460,549924,52499,101,202201281414,497425,0,0,0,500000,0,202203300900,5460,10.55,0,0,0,0,0,4680,5440,1.3,0,5460,5460,5380,154238,5392,5334,5289,5291,5478,5596,5766,5942,-8.13,-13.19,-18.14,-20.17,-22.26,-24.78,-26.64,-27.78
0,0,0,001200,유진투자증권,13.3,2.59,2975,3380,566260,66460,168,202201281512,499800,0,0,0,500000,0,202203300900,3380,13.3,0,0,0,0,0,2900,3360,0.6,0,3390,3385,3340,157283,3335,3330,3301,3219,3295,3394,3467,3523,-5.51,-9.85,-14.12,-18.2,-19.53,-20.71,-21.9,-22.79
0,0,0,121800,비덴트,25.25,1.03,14650,18400,623867,125767,34,202202040905,498100,0,0,0,500000,0,202203180900,18400,25.25,0,0,0,0,0,14500,18200,5.2,0,18400,18550,17450,6063527,17260,17000,16480,16431,18649,21175,20106,18374,-4.79,-10.69,-17.84,-34.52,-36.8,-28.91,-20.76,-14.32
0,0,0,297090,씨에스베어링,12.47,2.71,6173,6962,555410,61570,80,202202040908,493840,0,0,0,500000,0,202202280900,6962,12.47,0,0,0,0,0,6010,6892,24.27,0,6915,7194,5801,4462999,5954,5836,5975,6858,7320,7589,8057,8562,0,-8.77,-17.23,-22.87,-24.16,-28.26,-32.15,-35.11
0,0,0,042420,네오위즈홀딩스,-20.38,4.73,59800,47750,380916,-97484,8,202202071011,478400,0,0,0,500000,0,202202141004,47750,-20.38,0,0,0,0,0,57100,50700,-0.78,0,49000,54500,49300,606259,56380,61290,68665,71380,69906,64228,56923,52160,-13.75,-21.17,-22.01,-21.24,-18.14,-8.89,2.97,11.58
0,0,0,042420,네오위즈홀딩스,3.25,8.18,50900,52700,472974,14874,9,202202160947,458100,0,0,0,500000,0,202203140900,52700,3.25,0,0,0,0,0,47050,55700,6.7,0,54300,57500,51500,588623,52580,53285,51575,61050,65263,65363,61346,55619,-8.5,-15.18,-28.44,-33.56,-32.54,-27.11,-17.96,-10.22
0,0,0,002320,한진,2.28,1.56,29250,30000,508574,11324,17,202203110909,497250,0,0,0,500000,0,202203180900,30000,2.28,0,0,0,0,0,28800,30050,1.69,0,30100,30300,29650,38993,29510,29265,28955,28917,29630,29750,30502,31439,-0.76,0.23,-0.17,-1.5,-2.93,-3.71,-6.45,-9.53
0,0,0,012510,더존비즈온,-10.95,2.69,42050,37550,411886,-50664,11,202203151310,462550,0,0,0,500000,0,202205170900,37550,-10.95,0,0,0,0,0,40950,37700,2.17,0,37900,38200,37200,118180,38090,39355,40542,42847,44080,46910,51799,55985,-4.34,-9.48,-15.13,-23.04,-31.69,-36.36,-40.49,-44.47
0,0,0,051910,LG화학,16.45,3.85,459000,536000,534511,75511,1,202203170901,459000,0,0,0,500000,0,202204060900,536000,16.45,0,0,0,0,0,442000,540000,2.66,0,536000,546000,534000,225685,529200,525700,500350,548875,595700,614625,640510,670141,-4.18,-11.09,-19.48,-27.11,-29.44,-32.35,-35.26,-36.65
0,0,0,251970,펌텍코리아,10.77,1.44,17600,19550,545875,53075,28,202203180908,492800,0,0,0,500000,0,202203290900,19550,10.77,0,0,0,0,0,17350,18500,0.54,0,19650,19650,18250,365078,18020,17695,17580,17287,17003,17170,17674,18488,-0.34,-0.29,-1.52,2.34,2.33,0.58,-3.51,-8.37
0,0,0,042420,네오위즈홀딩스,-0.58,4.09,33100,33000,493614,-2886,15,202205130909,496500,0,0,0,500000,0,202205240900,33000,-0.58,0,0,0,0,0,31800,33650,4.5,0,33650,35600,31550,188324,31890,32460,35290,41216,45020,48330,54508,56684,-8.17,-12.73,-18.27,-29.15,-32.49,-39.01,-43.91,-45.61
0,0,0,039490,키움증권,-12.88,2.76,85500,74700,372446,-55054,5,202205130941,427500,0,0,0,500000,0,202207130900,74700,-12.88,0,0,0,0,0,83200,74400,-4.37,0,74400,78100,73700,88065,78620,80050,83425,87357,89255,91620,93110,93425,-4.89,-8.21,-11.29,-13.5,-14.33,-13.93,-15.66,-16.62
0,0,0,003470,유안타증권,-20.14,2.3,3340,2675,397444,-100216,149,202205131423,497660,0,0,0,500000,0,202206221446,2675,-20.14,0,0,0,0,0,3265,2850,3.45,0,2885,2850,2755,149373,2803,2940,3078,3267,3414,3456,3487,3565,-3.46,-6.02,-8.91,-10.03,-9.65,-10.14,-11.97,-13.65
0,0,0,000240,한국앤컴퍼니,-20.23,0.71,14250,11400,397868,-100882,35,202205180923,498750,0,0,0,500000,0,202207151022,11400,-20.23,0,0,0,0,0,14150,11850,-1.25,0,11900,12000,11800,44903,11910,12120,12470,13230,13533,13698,13622,13599,2.09,1.29,0.07,-0.11,1.91,2.65,0.24,-1.82
0,0,0,002100,경농,-3.26,1.9,13400,13000,479651,-16149,37,202205201046,495800,0,0,0,500000,0,202205260900,13000,-3.26,0,0,0,0,0,13150,12950,1.17,0,12950,13200,12700,35823,13000,13155,13552,13733,13519,13170,12955,12714,-1.94,-1.5,-4.93,-4.72,-2.5,0.31,1.84,3.86
0,0,0,007340,DN오토모티브,11.37,-0.88,56500,63100,503394,51394,8,202206170950,452000,0,0,0,500000,0,202208170900,63100,11.37,0,0,0,0,0,57000,60600,0.5,0,63800,61400,60000,24336,58040,57180,55850,54572,58473,63003,65668,66325,-3.42,-10.08,-16.19,-21.52,-22.49,-21.3,-21.77,-21.03
0,0,0,084010,대한제강,-9.16,-1.75,16850,15350,443897,-44753,29,202206171040,488650,0,0,0,500000,0,202207050900,15350,-9.16,0,0,0,0,0,17150,15300,-3.16,0,15350,15950,15300,40044,15770,15445,16767,18457,19519,20006,20350,19825,-4.03,-9.11,-11.39,-15.72,-16.75,-19.09,-16.47,-13.65
0,0,0,001200,유진투자증권,10.74,-1.63,2715,3015,553215,53655,184,202206171319,499560,0,0,0,500000,0,202208170900,3015,10.74,0,0,0,0,0,2760,2990,0.84,0,3015,3025,2970,130061,2943,2913,2917,2797,2901,2999,3078,3112,-4.99,-9.8,-12.93,-14.77,-16.07,-15.91,-15.17,-16.63
0,0,0,020120,키다리스튜디오,-0.28,-1.37,7190,7190,494721,-1389,69,202206171357,496110,0,0,0,500000,0,202206200900,7190,-0.28,0,0,0,0,0,7290,7130,-2.19,0,7100,7220,6760,154934,7418,7919,8290,9436,10993,12039,12639,13301,-4.2,-10.06,-12.58,-24.1,-34.45,-39.94,-42.79,-45.46
0,0,0,060980,HL홀딩스,2.64,1.62,37600,38700,501693,12893,13,202206171453,488800,0,0,0,500000,0,202208120900,38700,2.64,0,0,0,0,0,37000,38800,2.11,0,38700,39000,38150,12494,38460,38655,38225,37150,38138,38965,39321,39513,-3.65,-6.44,-7.77,-9.27,-9.24,-9.08,-9.48,-11.54
0,0,0,027410,BGF,-3.27,1.41,4330,4200,481645,-16305,115,202206200901,497950,0,0,0,500000,0,202207210900,4200,-3.27,0,0,0,0,0,4270,4170,1.71,0,4200,4220,4155,112603,4088,4109,4102,4461,4780,4926,4977,4966,-3.61,-10.71,-13.89,-18.32,-18.78,-18.38,-17.34,-17.5
0,0,0,126560,현대퓨처넷,-10.1,9.42,2845,2565,447611,-50264,175,202206201340,497875,0,0,0,500000,0,202207150900,2565,-10.1,0,0,0,0,0,2600,2545,0.99,0,2545,2555,2490,149141,2523,2486,2491,2777,2959,3113,3220,3275,-6.31,-11.22,-14.31,-18,-21.28,-23.34,-23.99,-26.49
0,0,0,020120,키다리스튜디오,6.65,3.22,7050,7540,526327,32827,70,202206210926,493500,0,0,0,500000,0,202206280900,7540,6.65,0,0,0,0,0,6830,7640,12.85,0,7540,7820,6830,807733,6834,7057,7814,8459,10241,11400,12061,12881,-6.18,-11.48,-17,-26.25,-37.12,-42.72,-45.52,-48.39
0,0,0,319660,피에스케이,1.07,4.84,18425,18675,502814,5339,27,202206210933,497475,0,0,0,500000,0,202207050900,18675,1.07,0,0,0,0,0,17575,18275,-1.35,0,18750,18825,17750,327838,18695,18487,19122,21099,22200,22670,22806,22920,-5.71,-11.05,-17.1,-22.26,-24.35,-24.72,-24.38,-25.28
0,0,0,217270,넵튠,29.27,5.65,12150,15750,643964,145814,41,202206211105,498150,0,0,0,500000,0,202207140900,15750,29.27,0,0,0,0,0,11500,14600,29.78,0,15300,14600,11800,690927,12190,11700,11687,13327,14314,15683,16480,17409,-9.45,-18.21,-21.64,-24.15,-30.78,-33.82,-37.04,-41.02
0,0,0,100790,미래에셋벤처투자,-1.51,1.61,5690,5620,487570,-7460,87,202206220900,495030,0,0,0,500000,0,202206290900,5620,-1.51,0,0,0,0,0,5600,5750,0,0,5610,5750,5570,91865,5498,5678,6485,7258,7863,8320,8572,8476,-4.4,-12.57,-19.97,-26.92,-31.69,-34.99,-35.62,-34.71
0,0,0,317400,자이에스앤디,-1.07,1.94,6300,6250,492367,-5333,79,202206220901,497700,0,0,0,500000,0,202207220900,6250,-1.07,0,0,0,0,0,6180,6210,3.33,0,6250,6210,6010,67175,6004,5937,5958,6753,7470,7922,8241,8393,-5.42,-13.9,-20.98,-26.36,-28.99,-30.53,-30.91,-31.52
0,0,0,035420,NAVER,2.9,2.84,235500,243000,484641,13641,2,202206230948,471000,0,0,0,500000,0,202207190900,243000,2.9,0,0,0,0,0,229000,246500,6.71,0,242500,247000,233000,986963,236400,240300,240650,253550,262716,278150,287400,293266,-2.97,-7.46,-12.68,-15.26,-20.28,-22.94,-24.12,-26.23
0,0,0,036810,에프에스티,-3.3,4.95,14850,14400,473867,-16183,33,202206230951,490050,0,0,0,500000,0,202207060900,14400,-3.3,0,0,0,0,0,14150,14750,3.51,0,14400,14950,14250,47991,14540,14640,16025,17753,19180,19878,20114,20667,-9.47,-16.07,-21.79,-26.96,-30.65,-31.15,-32.07,-34.12
0,0,0,006800,미래에셋증권,-2.67,1.98,6690,6530,481865,-13195,74,202206231009,495060,0,0,0,500000,0,202208230900,6530,-2.67,0,0,0,0,0,6560,6560,-1.35,0,6500,6600,6400,813127,6684,6677,6594,6537,6809,7078,7337,7516,-2.99,-6.96,-12.32,-14.7,-17.3,-18.59,-19.92,-20.58
0,0,0,096530,씨젠,1.91,5.19,36500,37300,483544,9044,13,202206231012,474500,0,0,0,500000,0,202206270900,37300,1.91,0,0,0,0,0,34700,37450,10.64,0,37500,37550,33850,677623,35920,37150,40265,40295,42088,44698,46436,48448,-5.45,-10.13,-15.27,-14.41,-18.64,-23.05,-26.09,-29
0,0,0,000070,삼양홀딩스,6.66,1.55,71900,76900,460113,28713,6,202206240900,431400,0,0,0,500000,0,202208160900,76900,6.66,0,0,0,0,0,70800,76100,1.87,0,76600,76400,74800,16684,74840,73960,73665,73030,75476,77808,79240,79802,-2.64,-6.76,-9.94,-12.47,-14.14,-14.29,-15.14,-17.07
0,0,0,052400,코나아이,0.91,1.83,16700,16900,488729,4429,29,202206240901,484300,0,0,0,500000,0,202206290900,16900,0.91,0,0,0,0,0,16400,17400,-0.85,0,16900,17800,17000,29685,16980,17375,19185,21623,22791,22721,23507,24792,-4.09,-8.94,-17.38,-25.8,-28.97,-28.91,-31.12,-34.78
0,0,0,073490,이노와이어리스,2.43,2.41,27650,28400,509771,12071,18,202206240902,497700,0,0,0,500000,0,202207180900,28400,2.43,0,0,0,0,0,27000,27850,2.58,0,28400,28350,26900,28352,27430,27440,27632,31565,34005,35833,36489,36770,-2.95,-9.41,-19.23,-24.87,-28.57,-29.16,-29.17,-30.26
0,0,0,290690,소룩스,3.95,2.59,7540,7860,517311,19671,66,202206240903,497640,0,0,0,500000,0,202206270900,7860,3.95,0,0,0,0,0,7350,7780,5.85,0,7780,7880,7260,34965,7834,8289,9248,10110,10880,11289,11416,11334,-8.22,-13.49,-21.55,-28.05,-32.95,-35.15,-35.77,-35.26
0,0,0,027360,아주IB투자,1.48,6.04,2545,2590,506220,7400,196,202206240906,498820,0,0,0,500000,0,202207050900,2590,1.48,0,0,0,0,0,2400,2515,-1.95,0,2525,2645,2500,241648,2631,2630,2825,3131,3372,3521,3562,3600,-8.75,-14.79,-21.66,-28.33,-32.06,-33.51,-33.89,-34.81
0,0,0,095610,테스,-3.52,3.09,20000,19350,482393,-17607,25,202206240906,500000,0,0,0,500000,0,202207150900,19350,-3.52,0,0,0,0,0,19400,19050,0.26,0,19350,19300,18650,58895,19330,19275,19960,22572,24205,24920,24998,25106,-6.82,-11.48,-18.05,-23.73,-25.49,-25.23,-24.92,-26.02
0,0,0,042420,네오위즈홀딩스,1.55,4.21,27200,27700,497205,7605,18,202206240909,489600,0,0,0,500000,0,202207050900,27700,1.55,0,0,0,0,0,26100,27400,0.37,0,27500,27900,26700,27643,28020,28130,30007,31948,35325,39471,42016,47013,-8.93,-13.35,-19.89,-22.69,-31.33,-37.42,-41.64,-48.28
0,0,0,026890,스틱인베스트먼트,11.36,3.45,6600,7370,551211,56211,75,202206240910,495000,0,0,0,500000,0,202206300900,7370,11.36,0,0,0,0,0,6380,7390,-0.54,0,7390,7440,7230,251414,7072,7114,7753,8554,9064,9295,9501,9927,-8.23,-13.02,-21.02,-28.09,-31.09,-32.47,-33.69,-37.24
0,0,0,041190,우리기술투자,4.62,3.04,5090,5340,521858,23038,98,202206240910,498820,0,0,0,500000,0,202206290900,5340,4.62,0,0,0,0,0,4940,5420,2.07,0,5290,5420,5250,482689,5222,5503,6017,6509,7195,7587,7734,7816,-10.08,-13.71,-20.23,-26.44,-33.13,-35.92,-36.66,-37.58
0,0,0,121800,비덴트,3.75,6.05,8410,8750,514808,18618,59,202206240911,496190,0,0,0,500000,0,202207060900,8750,3.75,0,0,0,0,0,7930,8710,6.22,0,8750,8780,8440,1095988,8510,8521,9069,10294,12073,13776,14259,14717,-7.81,-12.5,-21.73,-30.66,-41.13,-45.56,-46.51,-49.57
0,0,0,003540,대신증권,4.5,0.34,14600,15300,518747,22347,34,202206240911,496400,0,0,0,500000,0,202208240900,15300,4.5,0,0,0,0,0,14550,15200,-1.62,0,15300,15400,15000,38783,15550,15530,15442,15142,15419,15692,16184,16445,-2.94,-7.68,-9.59,-11.15,-14.26,-15.09,-14.64,-15.49
0,0,0,061970,LB세미콘,-2.42,3.32,8400,8220,483620,-11980,59,202206240911,495600,0,0,0,500000,0,202207060900,8220,-2.42,0,0,0,0,0,8130,8350,4.38,0,8300,8390,8020,147540,8298,8455,9140,10054,10648,10842,10889,11156,-7.13,-12.99,-19.34,-24.1,-27.06,-26.73,-27.14,-29.21
0,0,0,122990,와이솔,-1.36,2.33,8340,8250,485386,-6674,59,202206240914,492060,0,0,0,500000,0,202207050900,8250,-1.36,0,0,0,0,0,8150,8210,-2.96,0,8230,8480,8150,24571,8606,8648,9207,9941,10426,10566,10547,10544,-7.49,-11.73,-17.36,-21.58,-24.23,-24.11,-23.68,-23.63
0,0,0,033270,유나이티드제약,3.98,0.96,21050,21950,503440,19290,23,202206240915,484150,0,0,0,500000,0,202207060900,21950,3.98,0,0,0,0,0,20850,22150,5.23,0,22250,22300,21050,59918,21740,21870,23260,25400,27017,30968,33909,35898,-6,-10.86,-18.43,-22.29,-28.91,-37.43,-41.78,-44.45
0,0,0,053610,프로텍,4.23,2.19,21000,21950,503440,20440,23,202206240915,483000,0,0,0,500000,0,202207190900,21950,4.23,0,0,0,0,0,20550,22300,3.24,0,22150,22400,21950,34050,21620,21900,21965,24940,26272,27121,27502,28265,-7.72,-12.68,-22.67,-26.21,-27.65,-28.03,-29.6,-28.61
0,0,0,194370,제이에스코퍼레이션,12.23,3.67,15550,17500,558441,60841,32,202206240918,497600,0,0,0,500000,0,202207110900,17500,12.23,0,0,0,0,0,15000,17500,10.41,0,17300,19600,15850,528161,15830,16005,16590,18936,20506,21891,22457,22553,-8.14,-14.94,-22.65,-27.68,-32.85,-35.22,-35.69,-34.79
0,0,0,281820,케이씨텍,15.43,5.78,15550,18000,574399,76799,32,202206240918,497600,0,0,0,500000,0,202207060900,18000,15.43,0,0,0,0,0,14700,17800,4.09,0,17700,18100,17200,116620,17660,16770,17360,18742,19590,19940,20030,20179,-7.43,-13.43,-20.45,-24.49,-27.18,-27.43,-27.44,-28.7
0,0,0,067160,아프리카TV,-5.63,3.3,87600,82900,413336,-24664,5,202206240918,438000,0,0,0,500000,0,202207080900,82900,-5.63,0,0,0,0,0,84800,82200,-0.36,0,83600,85300,81600,92940,80400,82870,90005,96862,106541,117267,122468,128237,-7.38,-12.7,-16.98,-18.55,-27.69,-32.25,-34.44,-38.17
0,0,0,083450,GST,-0.28,3.19,21050,21050,482794,-1356,23,202206240919,484150,0,0,0,500000,0,202207050900,21050,-0.28,0,0,0,0,0,20400,20700,-1.9,0,20950,21300,20250,78111,21970,21940,23557,25965,27769,28600,29445,30450,-7.15,-12.73,-19.79,-25.99,-29.41,-30.8,-32.98,-34.83
0,0,0,036200,유니셈,-2.63,2.56,7220,7050,485086,-13094,69,202206240920,498180,0,0,0,500000,0,202207150900,7050,-2.63,0,0,0,0,0,7040,6970,1.01,0,7050,7050,6800,121491,7076,7128,7381,8619,9362,9904,10192,10588,-6.38,-14.41,-22.87,-28.43,-32.33,-33.83,-35.82,-38.16
0,0,0,131970,두산테스나,8.16,3.25,30150,32700,521741,39341,16,202206240920,482400,0,0,0,500000,0,202206280900,32700,8.16,0,0,0,0,0,29200,33150,8.16,0,32650,33250,30450,292453,30950,32365,35987,40260,41547,41761,42924,43679,-6.56,-12.27,-20.74,-28.96,-30.33,-30.61,-32.41,-33.6
0,0,0,101160,월덱스,4.47,3.78,17850,18700,522137,22337,28,202206240921,499800,0,0,0,500000,0,202207080900,18700,4.47,0,0,0,0,0,17200,19150,10.06,0,19150,20850,17500,1126105,17710,18230,19102,21767,23417,23614,23866,24462,-7.13,-13.89,-21.74,-28.23,-29.82,-29.14,-30.52,-31.9
0,0,0,093520,매커스,3.54,4.26,7580,7870,510120,17420,65,202206240921,492700,0,0,0,500000,0,202206270900,7870,3.54,0,0,0,0,0,7270,7710,6.05,0,7790,7850,7280,143495,7804,8301,9249,9887,10232,9975,9602,9370,-9.33,-14.39,-22.53,-27.07,-29.44,-27.16,-24.25,-22.42
0,0,0,285130,SK케미칼,7.26,2.04,90000,96800,482650,32650,5,202206240921,450000,0,0,0,500000,0,202207060900,96800,7.26,0,0,0,0,0,88200,98200,9.48,0,96500,98700,89600,159354,93120,93060,100820,112697,117915,120048,121009,123790,-5.85,-13.77,-22.13,-26,-28.52,-28.25,-28.7,-30.79
0,0,0,265520,AP시스템,1.5,4.33,16850,17150,495959,7309,29,202206240923,488650,0,0,0,500000,0,202206290900,17150,1.5,0,0,0,0,0,16150,17650,0,0,17300,17700,17300,41933,17040,17900,19697,21083,21803,22324,22296,22575,-8.24,-14.16,-20.72,-25.03,-27,-28.25,-27.99,-29.08
0,0,0,160980,싸이맥스,1.98,3.11,13250,13550,499948,9698,37,202206240923,490250,0,0,0,500000,0,202207060900,13550,1.98,0,0,0,0,0,12850,13600,1.87,0,13550,13750,13350,12524,13690,13680,14540,15775,16784,17097,16989,17190,-6.61,-12.2,-18.57,-23.3,-26.71,-25.94,-25.51,-26.86
0,0,0,003530,한화투자증권,5.73,3.27,3155,3345,527035,28545,158,202206240928,498490,0,0,0,500000,0,202207080900,3345,5.73,0,0,0,0,0,3055,3290,0.3,0,3355,3320,3235,397833,3262,3299,3361,3701,4072,4317,4429,4556,-6.03,-10.78,-17.99,-24.58,-29.95,-32.3,-33.58,-36.33
0,0,0,063080,컴투스홀딩스,8.4,4.6,48850,53100,529520,41020,10,202206240929,488500,0,0,0,500000,0,202207110900,53100,8.4,0,0,0,0,0,46700,53600,2.88,0,53600,55500,52000,162764,51250,50930,52177,59123,68934,84758,94918,105751,-8.03,-14.94,-24.85,-30.89,-43,-51.82,-55.98,-60.92
0,0,0,002020,코오롱,5.6,1.92,21200,22450,514909,27309,23,202206240933,487600,0,0,0,500000,0,202207050900,22450,5.6,0,0,0,0,0,20800,22450,0,0,22350,22600,22000,21296,22800,22390,24090,25577,26581,27348,27710,28341,-6.73,-13.41,-19,-21.44,-23.98,-25.48,-26.28,-28.05
0,0,0,097520,엠씨넥스,1.9,2.58,29800,30450,485837,9037,16,202206240935,476800,0,0,0,500000,0,202207050900,30450,1.9,0,0,0,0,0,29050,30000,-2.6,0,30150,31200,29600,61980,31360,31145,33092,36187,38953,39778,40931,42807,-7.16,-12.47,-18.12,-24.34,-27.97,-29.08,-31.21,-34.34
0,0,0,079960,동양이엔피,2.89,3.28,12600,13000,505583,14183,39,202206240936,491400,0,0,0,500000,0,202207050900,13000,2.89,0,0,0,0,0,12200,13000,-2.26,0,12950,13400,12700,17115,13380,13260,14142,15171,15957,16558,16726,16839,-9.09,-13.44,-19.25,-23,-26.11,-27.98,-28.05,-28.89
0,0,0,298020,효성티앤씨,-2.47,2.25,341000,333500,332565,-8435,1,202206240940,341000,0,0,0,500000,0,202207080900,333500,-2.47,0,0,0,0,0,333500,331500,0,0,333500,335000,327500,26705,338500,343900,358450,374387,387491,404468,417180,425500,-6.43,-10.59,-14.7,-14.33,-17.62,-20.97,-21.63,-24.62
0,0,0,192080,더블유게임즈,10.32,2.87,37650,41650,539942,50492,13,202206240945,489450,0,0,0,500000,0,202207060900,41650,10.32,0,0,0,0,0,36600,41800,8.43,0,42000,42400,38700,134513,39210,38655,39852,41797,44623,46337,47088,47992,-4.01,-7.63,-12.31,-16.44,-21,-22.84,-23.78,-25.65
0,0,0,264450,유비쿼스,5.63,3.4,15200,16100,513762,27362,32,202206240946,486400,0,0,0,500000,0,202206280900,16100,5.63,0,0,0,0,0,14700,16000,1.27,0,15900,16400,15800,21328,15740,16570,18727,20883,21695,21531,21250,21307,-8.53,-15.54,-23.57,-30.74,-32.9,-32.07,-31.06,-31.38
0,0,0,003070,코오롱글로벌,5.89,3.56,13914,14775,515682,28692,35,202206240947,486990,0,0,0,500000,0,202207190900,14775,5.89,0,0,0,0,0,13436,14966,5.03,0,14775,14966,14345,14793,14660,14803,14846,16394,17354,18190,18694,18731,-8.53,-16.17,-22.41,-26.3,-29.06,-30.99,-30.49,-31.8
0,0,0,003850,보령,3.16,2.28,9860,10200,508575,15575,50,202206240948,493000,0,0,0,500000,0,202207060900,10200,3.16,0,0,0,0,0,9640,10300,3,0,10250,10400,10050,83300,10186,10107,10482,11202,11825,12133,12208,12327,-3.64,-7.81,-14.13,-17.86,-21.16,-22.11,-22.05,-23.62
0,0,0,006360,GS건설,-5.91,3.85,31000,29250,466685,-29315,16,202206240950,496000,0,0,0,500000,0,202207220900,29250,-5.91,0,0,0,0,0,29850,29200,0.86,0,29400,29350,28750,480211,28720,28750,29747,33105,35394,37383,39048,39149,-7.59,-12.42,-18.14,-21.89,-25.24,-27.85,-27.25,-27.53
0,0,0,012860,모베이스전자,4.14,5.86,1355,1415,520676,20681,369,202206240953,499995,0,0,0,500000,0,202206300900,1415,4.14,0,0,0,0,0,1280,1415,-0.35,0,1420,1425,1355,140107,1383,1451,1621,1745,1804,1848,1932,1957,-12.03,-18.63,-25.01,-28.58,-30.43,-32.16,-34.86,-35.16
0,0,0,011780,금호석유,3.67,1.46,139000,144500,432289,15289,3,202206240954,417000,0,0,0,500000,0,202206290900,144500,3.67,0,0,0,0,0,137000,145500,0.69,0,144500,147000,143000,54282,142000,145250,151950,151650,151833,152806,153330,155016,-4.79,-7.99,-10.78,-9.76,-10.07,-10.66,-10.68,-12.14
0,0,0,033160,엠케이전자,10.75,4,10400,11550,552856,53656,48,202206240956,499200,0,0,0,500000,0,202207150900,11550,10.75,0,0,0,0,0,10000,11450,1.78,0,11500,11700,11250,258126,11030,10775,10872,12455,13321,14065,14256,14531,-8.93,-16.04,-23.8,-28.17,-31.89,-32.63,-33.28,-35.12
0,0,0,001530,DI동일,4.86,5.1,16246,17083,511059,23679,30,202206240956,487380,0,0,0,500000,0,202207200900,17083,4.86,0,0,0,0,0,15458,16738,2.41,0,17231,16837,16000,74101,16068,15881,16004,18884,20639,22207,22615,22692,-10.75,-17.09,-26.04,-31.21,-35.45,-35.92,-35.23,-36.17
0,0,0,183190,아세아시멘트,7.53,2.34,9190,9910,533647,37387,54,202206240956,496260,0,0,0,500000,0,202207050900,9910,7.53,0,0,0,0,0,8980,9830,-4.1,0,9900,10400,9780,123671,10126,9797,10225,11351,12745,13550,13733,13791,-5.61,-10.66,-18.02,-26.5,-33.72,-35.9,-35.81,-35.65
0,0,0,005940,NH투자증권,1.98,0.87,9280,9490,501563,9723,53,202206240956,491840,0,0,0,500000,0,202207220900,9490,1.98,0,0,0,0,0,9200,9540,0.95,0,9500,9550,9400,505204,9368,9217,9219,9659,9892,10224,10472,10673,-3.16,-5.44,-8.91,-10.07,-12.88,-14.71,-16.09,-17.6
0,0,0,007700,F&F홀딩스,5.39,3.23,17600,18600,519346,26546,28,202206241000,492800,0,0,0,500000,0,202207060900,18600,5.39,0,0,0,0,0,17050,18300,9.58,0,18600,19250,16700,94086,17470,17760,19325,21448,23391,24262,24900,25602,-7.64,-14.36,-20.22,-26.15,-30.99,-32.42,-33.47,-36.02
0,0,0,071050,한국금융지주,-4.56,1.51,60600,58000,462698,-22102,8,202206241000,484800,0,0,0,500000,0,202208240900,58000,-4.56,0,0,0,0,0,59700,57900,-2.2,0,57900,58900,57700,342064,60220,61120,61615,61430,62920,64513,66660,68364,-1.84,-5.51,-10.41,-12.26,-15.48,-17.38,-18.51,-19.68
0,0,0,049070,인탑스,-5.85,5.71,27750,26200,470275,-29225,18,202206241000,499500,0,0,0,500000,0,202207050900,26200,-5.85,0,0,0,0,0,26250,25700,1.38,0,26150,25950,24650,180691,26190,27035,30305,34503,36095,35693,35045,35052,-9.58,-15.46,-23.51,-28.26,-29.54,-27.33,-26.6,-25.68
0,0,0,030210,다올투자증권,1.49,3.43,4225,4300,505981,7431,118,202206241001,498550,0,0,0,500000,0,202207080900,4300,1.49,0,0,0,0,0,4085,4280,0.59,0,4300,4290,4230,83608,4225,4283,4484,4683,4719,4827,4874,4912,-7.26,-12.83,-15.59,-14.44,-16.08,-17.02,-17.5,-18.18
0,0,0,104700,한국철강,0.64,2.2,6490,6550,502939,3209,77,202206241007,499730,0,0,0,500000,0,202207060900,6550,0.64,0,0,0,0,0,6350,6550,0.31,0,6550,6630,6530,45511,6628,6629,7157,7900,8269,8348,8301,8219,-7.78,-13.25,-20.02,-24.18,-25.53,-25.54,-24.21,-23.53
0,0,0,093230,이아이디,-3.69,4.37,1315,1270,481246,-18454,380,202206271015,499700,0,0,0,500000,0,202207050900,1270,-3.69,0,0,0,0,0,1260,1270,6.72,0,1270,1480,1230,3757022,1255,1269,1413,1581,1710,1819,2000,2149,-2.4,-9.22,-17.62,-24.35,-30.01,-34.32,-39.77,-43.78
0,0,0,058430,포스코스틸리온,1.48,3.51,33950,34550,482347,7047,14,202206271056,475300,0,0,0,500000,0,202206300900,34550,1.48,0,0,0,0,0,32800,34500,0.29,0,34850,34650,33450,11373,33450,34465,39020,43028,45960,46929,46727,48347,-1.5,-8.64,-19.4,-26.06,-29.97,-30.79,-30.59,-32.89
0,0,0,011780,금호석유,-1.33,2.52,142500,141000,421815,-5685,3,202207010905,427500,0,0,0,500000,0,202207050900,141000,-1.33,0,0,0,0,0,139000,140000,0,0,139000,141500,137500,65481,141100,141600,147975,150112,150741,152106,153030,154133,-2.66,-3.03,-7.33,-7.9,-8.14,-8.76,-9.27,-10.08
0,0,0,006650,대한유화,-1.07,3.27,126500,125500,375445,-4055,3,202207010957,379500,0,0,0,500000,0,202207220900,125500,-1.07,0,0,0,0,0,122500,125500,-0.4,0,126000,126500,123500,15727,123400,123200,125800,137112,140816,145618,148520,150837,-5.62,-7.86,-14.4,-15.94,-17.95,-19.41,-20.85,-22.51
0,0,0,139990,아주스틸,5.59,2.51,10200,10800,527723,27923,49,202207040917,499800,0,0,0,500000,0,202207220900,10800,5.59,0,0,0,0,0,9950,10700,0.47,0,10800,10850,10600,30107,10530,10445,10361,11906,13100,14028,14433,14720,-4.51,-5.6,-17.56,-26.74,-31.89,-33.85,-34.6,-36.27
0,0,0,100790,미래에셋벤처투자,-7.18,6.82,5640,5250,460701,-35619,88,202207041126,496320,0,0,0,500000,0,202207050900,5250,-7.18,0,0,0,0,0,5280,5270,-0.19,0,5300,5690,5190,114278,5498,5483,6036,6946,7606,8075,8451,8389,-5.61,-4.35,-14.2,-24.91,-31.16,-35,-37.85,-37.23
0,0,0,001130,대한제분,5.98,1.88,135500,144000,430794,24294,3,202207050906,406500,0,0,0,500000,0,202207110900,144000,5.98,0,0,0,0,0,133000,145000,7.01,0,146000,148000,135500,12370,137100,138350,142200,155675,164616,167281,167540,165400,-3.41,-3.8,-9.68,-16.53,-20.41,-21.23,-21.11,-19.85
0,0,0,031980,피에스케이홀딩스,1.74,2.42,8900,9080,507058,8658,56,202207050917,498400,0,0,0,500000,0,202207060900,9080,1.74,0,0,0,0,0,8690,8960,3.11,0,9150,9120,8710,61663,8954,9061,9673,10978,12031,12565,12916,13345,-3.64,-4.53,-11.31,-21.66,-28.27,-31.2,-32.96,-35.15
0,0,0,272550,삼양패키징,2.1,1.82,16750,17150,495959,10209,29,202207050920,485750,0,0,0,500000,0,202207130900,17150,2.1,0,0,0,0,0,16450,17200,-0.58,0,17200,17300,17000,7751,17230,17080,17402,19587,20756,21310,21599,22055,-3.12,-3.66,-10.86,-19.15,-23.01,-24.06,-25.31,-26.69
0,0,0,077360,덕산하이메탈,16.57,5.56,6450,7540,578967,82317,77,202207051105,496650,0,0,0,500000,0,202207120900,7540,16.57,0,0,0,0,0,6110,7640,4.95,0,7550,7730,7170,338317,6964,6753,7072,7947,8417,8651,8557,8592,-6.6,-8.83,-18.75,-24.94,-29.21,-29.97,-28.89,-29.82
0,0,0,086790,하나금융지주,-2.1,-1.41,38400,37700,488726,-10474,13,202207060900,499200,0,0,0,500000,0,202209060900,37700,-2.1,0,0,0,0,0,38950,38050,0.93,0,38100,38250,37450,844790,38260,38420,38747,37535,38584,40714,41979,42987,-0.81,-1.95,-7.42,-12.58,-14.25,-15.46,-16.5,-16.12
0,0,0,032190,다우데이타,11.13,2.13,10050,11200,547272,54822,49,202207130909,492450,0,0,0,500000,0,202207270900,11200,11.13,0,0,0,0,0,9840,11050,0.91,0,11200,11150,10850,46010,10860,10539,10379,11087,11778,12333,12636,12766,-2.75,-3.71,-6.86,-15.62,-20.27,-23.1,-23.84,-24.41
0,0,0,036810,에프에스티,3.62,2.55,14050,14600,509572,17822,35,202207131021,491750,0,0,0,500000,0,202207180900,14600,3.62,0,0,0,0,0,13700,14250,0.71,0,14450,14550,13900,34101,14160,14330,14565,16646,18161,19206,19533,19994,-4.33,-5.06,-8.21,-19.55,-26.13,-29.66,-30.63,-32.29
0,0,0,298020,효성티앤씨,-2.52,2.13,311000,304000,303148,-7852,1,202207131404,311000,0,0,0,500000,0,202207190900,304000,-2.52,0,0,0,0,0,304500,306500,2.68,0,306500,307500,300500,21340,304600,318050,332275,363937,374200,390550,407840,413150,-5.82,-8.94,-12.14,-17.79,-20.28,-23.61,-26.42,-27.48
0,0,0,005810,풍산홀딩스,13.46,3.89,25400,28900,547572,64972,19,202207140908,482600,0,0,0,500000,0,202209010900,28900,13.46,0,0,0,0,0,24450,28950,1.58,0,28900,29050,28050,18852,28460,28135,27892,26973,27098,27780,28191,28393,-1.09,-2.08,-5.13,-12.38,-14.31,-15.07,-15.05,-14.79
0,0,0,000880,한화,8.96,0.42,23750,25950,543431,44681,21,202207141103,498750,0,0,0,500000,0,202207290900,25950,8.96,0,0,0,0,0,23650,25550,3.86,0,25950,25700,24850,281006,24800,24465,24510,25953,26763,27657,28294,28523,-2.39,-4.6,-7.26,-12.2,-14.97,-17.32,-18.16,-18.46
0,0,0,005490,POSCO홀딩스,-0.06,1.79,227000,227500,453726,-274,2,202207150900,454000,0,0,0,500000,0,202207190900,227500,-0.06,0,0,0,0,0,223000,226500,1.12,0,226500,227000,222000,273744,224600,228250,232775,257025,266475,272206,274720,274895,-1.63,-2.81,-5.51,-14.26,-16.98,-18.63,-19.16,-19.17
0,0,0,057050,현대홈쇼핑,2.69,0.8,50400,51900,465794,12194,9,202207150902,453600,0,0,0,500000,0,202207220900,51900,2.69,0,0,0,0,0,50000,52400,1.16,0,51800,52800,51200,12086,51240,50820,51015,53617,55086,56211,56700,57340,-0.79,-1.15,-2.24,-7.9,-10.38,-11.84,-12.45,-13.48
0,0,0,298050,효성첨단소재,-1.92,4.03,335500,330000,329075,-6425,1,202207181239,335500,0,0,0,500000,0,202207190900,330000,-1.92,0,0,0,0,0,322500,334500,3.72,0,331500,337500,324500,44525,331400,348100,370025,424687,441175,457481,462520,459970,-3.82,-8.3,-13.82,-24.6,-27.36,-29.8,-30.47,-30.1
0,0,0,298000,효성화학,-20.3,1.43,142000,113500,339534,-86466,3,202209221505,426000,0,0,0,500000,0,202209300939,113500,-20.3,0,0,0,0,0,140000,117000,0,0,114000,123500,117000,11559,123300,135100,151325,166712,169633,178787,186150,194704,-7.28,-11.84,-14.93,-19.89,-20.68,-24.98,-27.12,-30.52
0,0,0,096530,씨젠,23.3,0.98,25800,31900,604420,114220,19,202209270900,490200,0,0,0,500000,0,202211290900,31900,23.3,0,0,0,0,0,25550,32150,-0.16,0,31900,32350,31250,235065,32130,32665,31770,30177,29685,31230,33672,34391,-4.45,-8.86,-13.09,-23.22,-29.85,-31.21,-32.58,-34.34
0,0,0,077360,덕산하이메탈,-16.83,0.94,6450,5380,413088,-83562,77,202209270900,496650,0,0,0,500000,0,202211290900,5380,-16.83,0,0,0,0,0,6390,5370,-3.07,0,5400,5560,5350,165751,5474,5638,5693,5703,6099,6385,6593,6748,-5.86,-8.41,-9.05,-11.27,-11.2,-13.53,-16.62,-20.05
0,0,0,232140,와이아이케이,3.09,0.81,3110,3215,512962,15362,160,202209270909,497600,0,0,0,500000,0,202211290900,3215,3.09,0,0,0,0,0,3085,3245,-2.11,0,3215,3315,3220,46382,3286,3351,3349,3253,3355,3568,3686,3808,-8.43,-12.02,-17.1,-22.61,-23.34,-25.94,-29.34,-31.93
0,0,0,006280,녹십자,4.95,1.22,124000,130500,520542,24542,4,202209270914,496000,0,0,0,500000,0,202211290900,130500,4.95,0,0,0,0,0,122500,131500,-1.87,0,130500,132500,129000,32185,131600,134100,131050,126637,132216,140950,148410,151483,-7.89,-12.81,-17.31,-22.85,-25.69,-26.32,-27.82,-29.12
0,0,0,024810,이화전기,-2.08,0.28,721,708,489269,-10384,693,202209270914,499653,0,0,0,500000,0,202211290900,708,-2.08,0,0,0,0,0,719,710,-2.74,0,710,730,706,485606,726,738,736,720,761,809,850,929,-6.65,-12.49,-18.18,-21.47,-25.1,-31.77,-30.93,-31.85
0,0,0,067160,아프리카TV,48.65,1.92,63600,94800,661775,216575,7,202209270915,445200,0,0,0,500000,0,202211110900,94800,48.65,0,0,0,0,0,62400,87400,17.63,0,92000,88900,72300,3278460,75580,75780,76020,72390,74103,77033,78585,82900,-5.71,-9.33,-12.84,-19.89,-21.53,-25.96,-29.05,-35.25
0,0,0,063080,컴투스홀딩스,-20.31,2.58,47800,38200,380916,-97084,10,202209270959,478000,0,0,0,500000,0,202210120913,38200,-20.31,0,0,0,0,0,46600,38700,-6.52,0,38450,40550,38500,77283,42210,43330,49425,54590,55043,54129,56422,61154,-8.91,-14.46,-16.93,-19.79,-17.14,-17.8,-21.59,-29.89
0,0,0,009240,한샘,-1.72,1.47,44900,44250,485386,-8514,11,202209271004,493900,0,0,0,500000,0,202211140900,44250,-1.72,0,0,0,0,0,44250,44250,3.51,0,44250,44800,43550,47371,42850,40905,40295,42357,46015,48602,51215,54453,-5.95,-9.12,-12.34,-16.69,-19.58,-24.3,-26.81,-30.51
0,0,0,020120,키다리스튜디오,26.54,1.13,7140,9060,632444,132644,70,202209280902,499800,0,0,0,500000,0,202211240900,9060,26.54,0,0,0,0,0,7060,8550,29.94,0,8850,8550,7020,3350066,7174,7123,6788,6688,7195,7829,7955,7903,-5.69,-9.98,-12.89,-20.91,-19.76,-16.8,-17.35,-24.43
0,0,0,322310,오로스테크놀로지,16.34,4.85,10800,12600,577990,81190,46,202209280927,496800,0,0,0,500000,0,202211160900,12600,16.34,0,0,0,0,0,10300,12900,9.79,0,12900,13150,11600,320751,11710,11155,10857,11025,11880,12713,13048,13985,-9.09,-14.91,-19.03,-25.42,-26.83,-30.11,-35.1,-39.13
0,0,0,029460,케이씨,17.24,0.68,14800,17400,572605,84205,33,202209280929,488400,0,0,0,500000,0,202211160900,17400,17.24,0,0,0,0,0,14700,17200,7.5,0,17400,17450,16450,93472,16100,15735,15532,15337,16150,16811,17187,17872,-5.77,-10.34,-13.5,-16.97,-18.8,-20.75,-23.84,-25.39
0,0,0,100840,SNT에너지,12.47,1.44,17600,19850,554253,61453,28,202209280936,492800,0,0,0,500000,0,202210110900,19850,12.47,0,0,0,0,0,17350,19800,7.03,0,19850,20100,18350,221763,18200,17835,19140,20001,18710,18103,18268,18419,-6.72,-9.49,-17.54,-12.37,-6.29,-4.59,-5.93,-6
0,0,0,001470,삼부토건,1.63,1.62,1570,1600,507377,8117,318,202209280937,499260,0,0,0,500000,0,202211230900,1600,1.63,0,0,0,0,0,1545,1630,6.54,0,1605,1730,1570,20006728,1544,1526,1470,1457,1592,1711,1793,1836,-5.62,-10.64,-14.89,-20.43,-22.45,-23.09,-25.46,-28.5
0,0,0,285490,노바텍,-1.69,0,21200,20900,479353,-8247,23,202209280948,487600,0,0,0,500000,0,202211140900,20900,-1.69,0,0,0,0,0,21200,20800,4,0,20900,21200,20350,44841,20200,19765,19762,20572,23477,25690,26786,28192,-5.9,-12.7,-19.66,-26.92,-28.82,-30.82,-33.6,-36.08
0,0,0,330860,네패스아크,13.42,0.91,22200,25250,553955,65555,22,202209281003,488400,0,0,0,500000,0,202211140900,25250,13.42,0,0,0,0,0,22000,24250,4.3,0,24900,24500,23600,49422,23400,22940,22257,22501,24233,25499,26116,28271,-5.86,-10.35,-14.58,-19.78,-20.66,-24.75,-30.76,-34.76
0,0,0,138040,메리츠금융지주,36.57,3.84,21650,29650,680068,182118,23,202209290908,497950,0,0,0,500000,0,202211160900,29650,36.57,0,0,0,0,0,20850,29850,4.01,0,29700,30400,28700,313376,28590,26175,23970,23050,24795,25392,25484,26267,-6.42,-10.94,-18.24,-23.55,-21.85,-22.7,-25.56,-30.3
0,0,0,083450,GST,14.26,5.79,19200,22000,570409,71209,26,202209290909,499200,0,0,0,500000,0,202211150900,22000,14.26,0,0,0,0,0,18150,21900,2.82,0,22050,22350,20950,221346,21120,20405,20160,20055,20590,21023,21143,22027,-6.4,-11.64,-12.91,-15.84,-16.02,-18.21,-22.62,-26.76
0,0,0,007700,F&F홀딩스,44.12,3.91,14600,21100,715424,219024,34,202209290920,496400,0,0,0,500000,0,202211110900,21100,44.12,0,0,0,0,0,14050,19600,29.8,0,20850,19600,15000,971661,15540,14690,14225,14755,15934,16811,17091,18041,-7.08,-11.58,-15.16,-22.03,-23.02,-24.67,-28.65,-33.1
0,0,0,251270,넷마블,-20.1,3.77,55100,44150,396223,-99677,9,202209290926,495900,0,0,0,500000,0,202210121050,44150,-20.1,0,0,0,0,0,53100,48700,-2.99,0,48050,50200,47800,191527,50840,52120,55855,60215,63566,65117,67980,72315,-2.96,-7.23,-10.43,-16.5,-18.99,-21.43,-24.59,-29.58
0,0,0,281820,케이씨텍,20.02,4.09,14000,16850,588114,98114,35,202209290926,490000,0,0,0,500000,0,202211160900,16850,20.02,0,0,0,0,0,13450,16750,5.68,0,16850,16800,15900,46537,15940,15550,15447,14977,15412,15907,16164,16641,-2.61,-7.02,-11.67,-16.41,-19.17,-20.33,-23.33,-26.04
0,0,0,006650,대한유화,23.49,3.88,107000,132500,528531,100531,4,202209290934,428000,0,0,0,500000,0,202211100900,132500,23.49,0,0,0,0,0,103000,134000,0.75,0,132000,135500,132000,24464,130600,127050,124000,117600,119491,120918,122760,127570,-5.07,-7.5,-10.18,-14.58,-15.61,-18.85,-21.52,-23.91
0,0,0,148150,세경하이테크,17.34,6.83,13300,15650,577442,85342,37,202209290947,492100,0,0,0,500000,0,202211250900,15650,17.34,0,0,0,0,0,12450,16150,24.23,0,15700,16750,13000,3723168,13380,13130,12547,12447,13841,15178,15685,16260,-11.32,-18.15,-23.86,-29.67,-29.93,-30.99,-33.95,-36.02
0,0,0,007860,서연,36.72,4.32,5310,7280,682432,183292,94,202209290959,499140,0,0,0,500000,0,202211160900,7280,36.72,0,0,0,0,0,5090,7250,29.93,0,7250,7250,5670,6931847,5822,5561,5380,5415,5803,6114,6317,6644,-8.19,-13.14,-17.26,-22.24,-24.5,-27.3,-29.87,-31.76
0,0,0,001390,KG케미칼,12.96,6.86,4520,5120,561633,64433,110,202209291010,497200,0,0,0,500000,0,202211140900,5120,12.96,0,0,0,0,0,4230,5110,0,0,5120,5250,5070,1070905,5016,4858,4688,4611,4858,4991,5081,5282,-7.72,-11,-14.22,-19.89,-18.71,-21.8,-26.2,-31.87
0,0,0,093230,이아이디,-11.65,7.04,1140,1010,441133,-58187,438,202209291049,499320,0,0,0,500000,0,202211290900,1010,-11.65,0,0,0,0,0,1065,1020,-1.45,0,1015,1040,1010,188954,1023,1037,1032,1035,1113,1206,1232,1262,-7.39,-13.94,-17.1,-23.08,-22.07,-23.06,-26.96,-31.1
0,0,0,363280,티와이홀딩스,-20.06,1.27,12000,9620,393301,-98699,41,202209300900,492000,0,0,0,500000,0,202210211243,9620,-20.06,0,0,0,0,0,11850,10400,-9.57,0,10250,11500,10250,269198,11310,11510,12130,14207,15693,16379,17808,18952,-6.25,-12.84,-19.72,-28.31,-30.62,-34.86,-39.1,-42.31
0,0,0,003720,삼영,9.61,0,2370,2605,545526,47826,210,202209300900,497700,0,0,0,500000,0,202211150900,2605,9.61,0,0,0,0,0,2370,2605,1.96,0,2605,2685,2590,182069,2530,2491,2432,2494,2677,2745,2696,2736,-4.44,-11.78,-17.13,-20.26,-17.05,-15.84,-17.38,-18.95
0,0,0,000540,흥국화재,-2.28,1.89,3235,3170,486812,-11378,154,202209300900,498190,0,0,0,500000,0,202211250900,3170,-2.28,0,0,0,0,0,3175,3170,2.59,0,3170,3170,3080,14367,3072,3000,2949,2996,3120,3196,3200,3250,-2.88,-5.62,-5.39,-6.35,-4.81,-5.54,-7.49,-10.63
0,0,0,290690,소룩스,28.15,-1.55,6350,8160,634719,139419,78,202209300901,495300,0,0,0,500000,0,202210170900,8160,28.15,0,0,0,0,0,6450,8320,7.22,0,8200,9450,7950,2899772,6858,6634,7007,7616,7965,8068,8429,8921,-5.54,-10.83,-15.65,-20.18,-21.96,-22.91,-26.7,-31.06
0,0,0,008350,남선알미늄,43.39,3.21,1770,2545,715713,216573,282,202209300903,499140,0,0,0,500000,0,202211220900,2545,43.39,0,0,0,0,0,1715,2285,6.28,0,2545,2360,2180,23133778,2195,2151,2116,2000,2047,2096,2100,2157,-3.87,-9.83,-14.96,-19.74,-19.8,-21.18,-25.04,-29.67
0,0,0,317400,자이에스앤디,1.52,0,6100,6210,501603,7503,81,202209300906,494100,0,0,0,500000,0,202211300900,6210,1.52,0,0,0,0,0,6100,6210,0.65,0,6160,6270,6110,43008,6222,6241,6251,6267,6539,6912,6858,6810,-3.6,-9.48,-14.98,-19.81,-15.84,-14.21,-17.69,-20.95
0,0,0,211270,AP위성,13.86,-0.96,8250,9420,563628,68628,60,202209300908,495000,0,0,0,500000,0,202211140900,9420,13.86,0,0,0,0,0,8330,9380,3.88,0,9420,9650,9190,312812,9140,9055,8903,9013,9741,10333,10645,11719,-4.54,-10.93,-16.56,-23.53,-25.49,-30.28,-35.47,-37.16
0,0,0,054210,이랜텍,7.33,1.72,11800,12700,531912,36312,42,202209300910,495600,0,0,0,500000,0,202211300900,12700,7.33,0,0,0,0,0,11600,12550,1.21,0,12700,12600,12200,273008,12650,12515,12402,12041,12753,14248,15184,15901,-6.45,-12.91,-19.88,-30.53,-33.32,-35.43,-38.37,-40.2
0,0,0,036930,주성엔지니어링,6.57,1.3,11650,12450,521441,32141,42,202209300912,489300,0,0,0,500000,0,202211300900,12450,6.57,0,0,0,0,0,11500,12500,0,0,12450,12600,12300,366548,12700,12800,12492,12205,12635,13556,14125,14744,-4.64,-10.33,-16.15,-23.6,-25.75,-28.7,-33.05,-36.59
0,0,0,037070,파세코,30.04,3.18,11350,14800,649399,149999,44,202209300919,499400,0,0,0,500000,0,202211300900,14800,30.04,0,0,0,0,0,11000,14800,2.78,0,14800,14800,14300,203346,14280,14235,13745,13033,13339,13598,14015,14480,-11.79,-17.63,-21.93,-22.66,-25.48,-27.99,-30.88,-33.24
0,0,0,007810,코리아써키트,24,1.52,13350,16600,612498,118548,37,202209301015,493950,0,0,0,500000,0,202211160900,16600,24,0,0,0,0,0,13150,16450,6.47,0,16700,16600,15600,407571,15580,15005,14587,14587,15784,16800,17271,18366,-7.85,-14.91,-21.83,-26.38,-28.83,-31.01,-36.57,-41.09
0,0,0,112040,위메이드,15.4,0,45800,53000,528527,70527,10,202209301015,458000,0,0,0,500000,0,202211100900,53000,15.4,0,0,0,0,0,45800,55000,-0.54,0,52600,56200,53200,1176374,54200,51775,49500,49253,53764,56198,57014,60248,-3.54,-8.42,-14.97,-23.96,-23.77,-25.78,-28.52,-32.22
0,0,0,001880,DL건설,5.09,-0.67,14850,15650,515008,24958,33,202209301017,490050,0,0,0,500000,0,202211300900,15650,5.09,0,0,0,0,0,14950,15750,3.28,0,15650,15750,15100,25538,15520,15280,14810,14488,15489,16925,17721,18256,-3.11,-9.28,-15.56,-23.46,-25.1,-26.15,-28.48,-31.89
0,0,0,084010,대한제강,10.24,-0.42,11850,13100,548667,50967,42,202209301039,497700,0,0,0,500000,0,202211140900,13100,10.24,0,0,0,0,0,11900,13050,1.56,0,13100,13350,12850,48698,12850,12655,12530,12777,13391,14000,14272,15095,-6.3,-11.75,-13.71,-18.44,-20.21,-22.62,-27.14,-30.88
0,0,0,121800,비덴트,-20.23,1.9,5900,4720,395355,-100245,84,202209301043,495600,0,0,0,500000,0,202210110929,4720,-20.23,0,0,0,0,0,5790,5900,-2.32,0,5240,6040,5820,659182,5942,6108,6821,7939,8794,8777,9241,10160,-7.71,-14.51,-21.57,-32.6,-35.87,-36.14,-39.57,-45.5
0,0,0,033160,엠케이전자,25.32,0.43,9350,11750,621025,125475,53,202209301046,495550,0,0,0,500000,0,202211140900,11750,25.32,0,0,0,0,0,9310,11850,10.75,0,11850,11950,11000,603607,11110,10860,10473,10424,11060,11331,11235,11679,-5.6,-12.55,-18.89,-22.17,-20.96,-21.07,-24.44,-27.74
0,0,0,003070,코오롱글로벌,53.09,0.34,14297,21947,744148,258050,34,202209301052,486098,0,0,0,500000,0,202211080900,21947,53.09,0,0,0,0,0,14249,20274,15.53,0,21278,21278,19126,5943145,16056,14435,13899,14839,15735,16007,15859,16308,-4.3,-10.43,-14.24,-16.7,-15.07,-14.22,-16.4,-18.61
0,0,0,145990,삼양사,7.8,1.27,35800,38700,501697,36297,13,202209301134,465400,0,0,0,500000,0,202211300900,38700,7.8,0,0,0,0,0,35350,38650,0.13,0,38650,39150,38500,4859,38770,38550,38220,37078,37741,38836,39268,40159,-4.33,-7.91,-9.97,-13.21,-13.35,-15.59,-19.6,-22.75
0,0,0,001200,유진투자증권,20.07,0.67,2255,2715,598350,99995,221,202209301150,498355,0,0,0,500000,0,202211300900,2715,20.07,0,0,0,0,0,2240,2720,1.3,0,2720,2725,2635,117080,2721,2665,2539,2447,2497,2601,2645,2666,-3.41,-9.28,-14.79,-19.16,-19.55,-19.66,-22.38,-24.47
0,0,0,151860,KG ETS,10.34,1.04,9670,10700,544180,51010,51,202209301242,493170,0,0,0,500000,0,202211300900,10700,10.34,0,0,0,0,0,9570,10550,1.44,0,10500,10650,10350,182612,10750,10800,11157,9989,10453,11637,12282,13342,-4.72,-10.49,-17.74,-28.7,-31.17,-36.68,-37.54,-37.71
0,0,0,027410,BGF,15.01,0.15,3295,3800,572205,74660,151,202209301358,497545,0,0,0,500000,0,202211170900,3800,15.01,0,0,0,0,0,3290,3800,2.7,0,3800,3845,3700,246300,3602,3508,3391,3391,3597,3757,3826,3992,-4.11,-9.86,-13.48,-17.84,-18.77,-20.43,-24.41,-27.58
0,0,0,060720,KH바텍,24.56,0.38,13050,16300,617684,121784,38,202209301418,495900,0,0,0,500000,0,202211250900,16300,24.56,0,0,0,0,0,13000,16100,12.98,0,16250,16250,14200,1905567,14320,14110,13455,12980,14351,15733,16398,17077,-5.87,-13.94,-21.32,-28.07,-29.81,-31.18,-32.63,-33.11
0,0,0,300720,한일시멘트,6.11,2.63,11700,12450,521441,30041,42,202209301502,491400,0,0,0,500000,0,202211150900,12450,6.11,0,0,0,0,0,11400,12450,4.62,0,12450,12600,11950,183965,11890,11600,11407,11765,12770,13181,13255,14052,-6.1,-12.91,-17.59,-21.03,-19.45,-20.63,-25.84,-29.87
0,0,0,031330,에스에이엠티,3.74,3.41,2730,2840,518268,18678,183,202210040900,499590,0,0,0,500000,0,202212060900,2840,3.74,0,0,0,0,0,2640,2855,1.6,0,2820,2880,2810,354017,2795,2739,2752,2678,2785,2977,3110,3203,-3.68,-9.4,-15.56,-21.66,-23.45,-25.48,-29.17,-31.2
0,0,0,131970,두산테스나,36.33,3.91,21250,29050,666306,177556,23,202210040901,488750,0,0,0,500000,0,202211090900,29050,36.33,0,0,0,0,0,20450,28650,5.52,0,29000,29150,27150,412198,26500,26085,24550,24167,25556,26648,27557,29773,-4.53,-11.47,-18.07,-24.17,-26.92,-29.99,-35.93,-40.21
0,0,0,061970,LB세미콘,4.84,4.23,7400,7780,519804,24004,67,202210040903,495800,0,0,0,500000,0,202212060900,7780,4.84,0,0,0,0,0,7100,7840,-0.25,0,7750,8010,7790,120630,7924,7999,8180,8108,8060,8316,8417,8463,-2.5,-8.29,-13.01,-18.33,-17.99,-19.12,-22.96,-26.45
0,0,0,036810,에프에스티,34.41,5.5,11500,15500,664660,170160,43,202210040905,494500,0,0,0,500000,0,202211170900,15500,34.41,0,0,0,0,0,10900,15650,0.97,0,15500,16000,15400,199408,14840,14220,13367,12647,13053,13608,13803,14517,-4.39,-10.62,-15.27,-21.23,-23.16,-25.58,-30.19,-34.67
0,0,0,084370,유진테크,23.69,3.48,20800,25800,617484,118284,24,202210040911,499200,0,0,0,500000,0,202211140900,25800,23.69,0,0,0,0,0,20100,25550,10.85,0,25900,25800,24550,536395,23710,22400,22035,22177,23709,25361,26257,28410,-5.19,-10.65,-16.63,-23.3,-26.96,-30.21,-35.81,-39.97
0,0,0,095610,테스,13.75,4.92,16000,18250,564176,68176,31,202210040914,496000,0,0,0,500000,0,202211150900,18250,13.75,0,0,0,0,0,15250,18350,3.09,0,18350,18900,18000,176425,17590,16955,16397,16377,17432,18215,18518,19543,-3.54,-9.23,-14.29,-19.89,-21.27,-23.31,-28.02,-31.36
0,0,0,252990,샘씨엔에스,1.46,2.68,4020,4090,505741,7261,124,202210040914,498480,0,0,0,500000,0,202212060900,4090,1.46,0,0,0,0,0,3915,4095,0.61,0,4090,4135,4060,37883,4055,4055,4084,4013,4126,4329,4475,4519,-3.36,-9.53,-13.39,-17.78,-19.35,-19.6,-24.14,-26.65
0,0,0,101160,월덱스,20.19,6.56,17050,20550,594297,99847,29,202210040916,494450,0,0,0,500000,0,202211140900,20550,20.19,0,0,0,0,0,16000,20550,4.58,0,20550,20950,20450,214975,19790,19445,19280,18651,19075,19169,18958,19668,-2.74,-8.6,-12.72,-16.49,-16.11,-16.71,-21.2,-25.07
0,0,0,012860,모베이스전자,8.5,4.17,1250,1360,542483,42483,400,202210040916,500000,0,0,0,500000,0,202211100900,1360,8.5,0,0,0,0,0,1200,1380,0.73,0,1360,1400,1365,128684,1350,1342,1315,1334,1390,1413,1412,1483,-3.77,-9.84,-14.47,-17.84,-17.45,-18.4,-22.59,-25.41
0,0,0,298000,효성화학,3.09,3.49,118500,122500,488630,14630,4,202210040920,474000,0,0,0,500000,0,202212060900,122500,3.09,0,0,0,0,0,114500,125000,3.31,0,124000,127500,119000,35725,124900,126600,127525,120400,126500,139212,147025,155254,-4.1,-12.76,-22.83,-30.58,-32.04,-35.47,-38.14,-40.85
0,0,0,006360,GS건설,1,3.55,23350,23650,495260,4910,21,202210040920,490350,0,0,0,500000,0,202212060900,23650,1,0,0,0,0,0,22550,23850,0.21,0,23650,24100,23450,855376,23940,23640,23667,23048,23955,25623,26377,27252,-5.45,-11.33,-16.51,-22.11,-22.28,-25.02,-29.23,-32.77
0,0,0,361610,SK아이이테크놀로지,18.52,3.24,54100,64300,577093,90193,9,202210040923,486900,0,0,0,500000,0,202211140900,64300,18.52,0,0,0,0,0,52400,64000,8.11,0,64400,64800,60500,1057643,60300,58410,54427,57418,66072,70915,75417,82293,-8.2,-17.69,-26.22,-33.92,-34.83,-39.43,-43.63,-46.68
0,0,0,085620,미래에셋생명,7.88,1.7,2690,2910,536849,39199,185,202210040928,497650,0,0,0,500000,0,202211170900,2910,7.88,0,0,0,0,0,2645,2950,3.33,0,2910,2950,2830,35350,2832,2744,2705,2729,2822,2893,2937,3054,-2.25,-7.01,-9.33,-12.09,-12.57,-15.04,-18.32,-21.4
0,0,0,381970,케이카,-20.16,6.2,14550,11650,394976,-99724,34,202210040930,494700,0,0,0,500000,0,202210211431,11650,-20.16,0,0,0,0,0,13700,12900,0,0,12850,13550,12600,410547,12780,12865,13987,16811,18151,18508,19371,20458,-7.43,-13.4,-21.12,-29.58,-29.29,-30.5,-34.1,-38.38
0,0,0,014280,금강공업,13.22,2.9,5320,6040,560157,65397,93,202210040936,494760,0,0,0,500000,0,202211220900,6040,13.22,0,0,0,0,0,5170,6180,3.69,0,6180,6320,6020,507188,5886,5783,5521,5377,5816,6163,6325,6590,-3.4,-11.14,-17.01,-22.91,-23.85,-25.51,-29.71,-33.62
0,0,0,071050,한국금융지주,9.14,2.53,48700,53300,531515,44515,10,202210040939,487000,0,0,0,500000,0,202211080900,53300,9.14,0,0,0,0,0,47500,53000,3.52,0,53500,53200,51300,243993,50800,49715,49485,50786,53519,55449,56767,58877,-2.98,-8.25,-11.37,-16.47,-18.55,-20.3,-22.82,-25.19
0,0,0,092070,디엔에프,18.79,5.46,12550,14950,581432,91982,39,202210040946,489450,0,0,0,500000,0,202211160900,14950,18.79,0,0,0,0,0,11900,15150,4.84,0,15100,15150,14300,129783,14590,14200,13595,13263,13914,14215,14197,14996,-3.88,-10.15,-15.96,-18.6,-19.03,-20.45,-26.29,-30
0,0,0,060560,홈센타홀딩스,12.71,3.86,1075,1215,563403,63528,465,202210040951,499875,0,0,0,500000,0,202211160900,1215,12.71,0,0,0,0,0,1035,1205,1.69,0,1220,1210,1185,309614,1173,1140,1110,1105,1189,1245,1234,1260,-2.54,-8.85,-16.06,-21.71,-21.79,-19.87,-23.01,-24.44
0,0,0,214260,라파스,-2.17,4.52,18500,18150,488676,-10824,27,202210121025,499500,0,0,0,500000,0,202212130900,18150,-2.17,0,0,0,0,0,17700,18150,-2.42,0,18050,18750,18000,13915,18230,18575,18907,18850,20432,24641,27874,29496,-9.74,-13.95,-35.04,-45.84,-49.79,-50.69,-52.37,-52.1
0,0,0,115960,연우,24.56,0,13450,16800,619878,122228,37,202210130900,497650,0,0,0,500000,0,202211300900,16800,24.56,0,0,0,0,0,13450,16500,24.53,0,17000,17100,13150,1137000,14170,13980,13817,13511,14265,15024,15456,15879,-4.47,-5.08,-11.35,-15.82,-18.37,-19.08,-23.06,-27.52
0,0,0,046440,KG모빌리언스,14.96,3.11,5300,6110,572743,74543,94,202210140901,498200,0,0,0,500000,0,202212070900,6110,14.96,0,0,0,0,0,5140,6170,0.33,0,6080,6270,6060,140169,6100,6047,6045,5824,5929,6202,6356,6499,-5.48,-6.44,-14.2,-20.7,-22.84,-24.11,-27.81,-30.52
0,0,0,241710,코스메카코리아,18.51,2.77,7060,8390,585670,91470,70,202210180904,494200,0,0,0,500000,0,202211140900,8390,18.51,0,0,0,0,0,6870,8500,5.85,0,8450,8990,8060,1469093,7368,6943,6867,7454,7991,8456,8695,9338,0.26,-5.74,-13.61,-19.02,-23.11,-24.59,-29.71,-34.8
0,0,0,251270,넷마블,6.98,3.84,46000,49350,492123,32123,10,202210180907,460000,0,0,0,500000,0,202211140900,49350,6.98,0,0,0,0,0,44300,50600,4.98,0,49350,52200,49300,485198,48180,46990,45837,49532,54115,58227,60449,63530,-2.06,-8.27,-15.45,-23.16,-28.49,-30.55,-33.6,-37.05
0,0,0,036200,유니셈,19.41,3.55,6130,7340,592890,96360,81,202210240911,496530,0,0,0,500000,0,202211170900,7340,19.41,0,0,0,0,0,5920,7420,5.25,0,7340,7550,6930,715709,6790,6531,6313,6605,6879,7052,7112,7475,-2.54,-5.43,-11.32,-16.45,-18.28,-18.66,-22.33,-26.92
0,0,0,121800,비덴트,9.1,1.5,3720,4070,543860,45380,134,202212070915,498480,0,0,0,500000,0,202302070900,4070,9.1,0,0,0,0,0,3665,4035,-1.34,0,4045,4060,3980,888528,4024,4143,4127,3817,3896,3912,4425,5143,-2.89,-6.41,-10.46,-8.73,-25.12,-37.77,-46.42,-48.71
0,0,0,012630,HDC,1.43,1.57,5840,5940,503488,7088,85,202212091530,496400,0,0,0,500000,0,202302080900,5940,1.43,0,0,0,0,0,5750,5940,-0.83,0,5940,5980,5850,68639,6016,6052,5968,5803,5826,5785,5860,6034,-1.88,-1.17,-2.09,-0.3,-2.52,-6.51,-8.38,-9.16
0,0,0,015860,일진홀딩스,2.93,0.72,4190,4325,513236,14626,119,202212121006,498610,0,0,0,500000,0,202302080900,4325,2.93,0,0,0,0,0,4160,4305,1.53,0,4295,4310,4220,143795,4247,4205,4163,4093,4180,4164,4224,4476,-2.32,-4.17,-4.25,-1.83,-3.2,-10.43,-16.98,-21.28
0,0,0,053690,한미글로벌,1.85,2.01,30450,31100,496208,9008,16,202212130910,487200,0,0,0,500000,0,202301060900,31100,1.85,0,0,0,0,0,29850,33400,22.79,0,31150,34500,26750,5987894,28260,27920,28740,33201,34125,31693,28752,25879,-5.15,-11.66,-16.02,-19.22,-9.44,1.49,15.27,27.48
0,0,0,005160,동국산업,-2.7,1.1,4125,4025,485660,-13465,121,202212140920,499125,0,0,0,500000,0,202301130900,4025,-2.7,0,0,0,0,0,4080,4010,4.56,0,4015,4440,3910,9556906,3840,3749,3838,4133,4323,4480,4377,4151,-2.13,-6.59,-8.35,-10.85,-13.31,-9.32,-2.88,2.67
0,0,0,015750,성우하이텍,18.87,0.96,5260,6270,593997,94297,95,202212191016,499700,0,0,0,500000,0,202302170900,6270,18.87,0,0,0,0,0,5210,6230,14.1,0,6310,6330,5500,14205181,5568,5425,5211,5071,5266,5354,5229,5246,-3.05,-5.05,-8.46,-7.7,-2.33,-2.29,-2.34,0.36
0,0,0,112040,위메이드,27.97,6.55,34950,44850,626163,136863,14,202212290904,489300,0,0,0,500000,0,202302060900,44850,27.97,0,0,0,0,0,32800,44500,13.67,0,45150,46050,39300,5524077,39770,38370,36980,35803,39980,42183,43696,46994,-3.33,-7.42,-8.89,-24.93,-26.61,-29.65,-35.26,-37.2
0,0,0,001470,삼부토건,25.61,2.08,1225,1543,627801,128001,408,202301031437,499800,0,0,0,500000,0,202302220900,1543,25.61,0,0,0,0,0,1200,1483,16.59,0,1527,1595,1268,77592528,1293,1265,1270,1283,1348,1384,1393,1463,-5.88,-9.26,-13.96,-18.28,-17.07,-20.25,-25.47,-28.66
0,0,0,205470,휴마시스,10.15,2.29,3527,3896,547806,50499,141,202301040909,497307,0,0,0,500000,0,202303070900,3896,10.15,0,0,0,0,0,3448,3828,2.74,0,3902,3854,3731,2046076,3796,3819,3921,4186,4283,4351,4475,4275,-9.43,-19.42,-23.81,-24.3,-26.06,-20.26,-20.6,-23.64
0,0,0,005950,이수화학,39.78,1.64,9275,13000,687100,195525,53,202301041414,491575,0,0,0,500000,0,202303020900,13000,39.78,0,0,0,0,0,9125,12200,20.49,0,12725,12475,10550,17335696,10660,10670,10448,9946,10107,10956,11033,11373,-1.3,-4.07,-9.92,-22.38,-21.79,-23.96,-20.97,-16.01
0,0,0,205470,휴마시스,-20.13,1.29,3140,2515,398750,-100510,159,202304271516,499260,0,0,0,500000,0,202305171411,2515,-20.13,0,0,0,0,0,3100,2545,-1.74,0,2520,2685,2535,4616086,2676,2780,3100,3905,3986,4031,4108,4181,-6.91,-15.05,-26.36,-28.98,-26.48,-27.31,-28.48,-29.32
0,0,0,137310,에스디바이오센서,10.22,1.39,11680,12910,540710,50150,42,202307101009,490560,0,0,0,500000,0,202308010900,12910,10.22,0,0,0,0,0,11520,12950,16.04,0,12840,13370,11400,4680296,11834,11796,11820,13036,14870,16510,17435,18902,-5.56,-7.4,-14.04,-25.48,-33.97,-37.24,-41.33,-45.8
0,0,0,005950,이수화학,-20.3,2.98,25900,20700,392184,-99916,19,202307110924,492100,0,0,0,500000,0,202308070902,20700,-20.3,0,0,0,0,0,25150,21650,0.7,0,21500,22100,21250,287433,22140,22470,24120,26681,25605,24728,24250,22343,-3.71,-5.08,-13.26,-4.94,1.06,3.1,13.6,25.23
0,0,0,005950,이수화학,-20.03,0.91,20050,16080,384825,-96375,24,202308090914,481200,0,0,0,500000,0,202309211128,16080,-20.03,0,0,0,0,0,19870,16520,-0.48,0,16420,16760,16470,109655,16806,17197,17925,19130,21379,23443,22905,23049,-5.26,-8.4,-15.67,-24.1,-22.32,-19.14,-18.3,-11.72
0,0,0,000480,CR홀딩스,-20.01,2.77,10010,8030,392354,-98136,49,202308140932,490490,0,0,0,500000,0,202309111021,8030,-20.01,0,0,0,0,0,9740,8150,-0.85,0,8070,8240,8070,67204,8230,8493,8657,13001,14877,13482,12854,12284,-5.89,-20.35,-41.81,-45.73,-35.5,-30.01,-25.2,-20.64
0,0,0,025900,동화기업,1.38,2.71,35950,36550,473821,6471,13,202308210904,467350,0,0,0,500000,0,202308220900,36550,1.38,0,0,0,0,0,35000,36350,3.86,0,36300,37400,35550,50649,35820,36805,38172,39080,41769,43276,45700,47219,-3.15,-5.58,-8.78,-10.73,-16.6,-19.47,-23.72,-26.09
0,0,0,006220,제주은행,-6.31,1.94,8930,8390,460153,-30997,55,202308210932,491150,0,0,0,500000,0,202309200900,8390,-6.31,0,0,0,0,0,8760,8400,-0.94,0,8250,8480,8230,170971,8502,8588,8761,9111,10224,11262,12634,14424,-3.1,-5.51,-9.21,-21.35,-29.01,-37.15,-44.62,-46.73
0,0,0,073640,테라사이언스,126.2,10.32,1294,2935,1129833,630349,386,202308240912,499484,0,0,0,500000,0,202308300900,2935,126.2,0,0,0,0,0,1173,2830,9.9,0,2860,3290,2610,80281558,2016,1997,3228,4505,4878,4576,4367,4000,-30.11,-58.87,-68.49,-75.85,-76.46,-74.84,-73.13,-70.68
0,0,0,036570,엔씨소프트,7.11,1.41,216000,227000,462706,30706,2,202310060913,432000,0,0,0,500000,0,0,0,0,0,0,0,0,0,213000,232000,3.57,0,227000,235000,226000,93467,227500,221800,231600,241400,252408,262843,276415,292891,-3.31,-8.01,-11.28,-14.56,-17.99,-21.17,-25.73,-29.39
0,0,0,035720,카카오,2.84,1.59,41500,43400,512164,14164,12,202310060913,498000,0,0,0,500000,0,0,0,0,0,0,0,0,0,40850,42800,-0.81,0,43400,44050,42800,1056485,43090,42530,44652,46688,48254,48800,50303,51453,-4.98,-9.06,-12.61,-15.45,-17.08,-18.1,-20.34,-22.08
