index,id,order_num,code,code_name,rate,purchase_rate,purchase_price,present_price,valuation_price,valuation_profit,holding_amount,buy_date,item_total_purchase,chegyul_check,reinvest_count,reinvest_date,invest_unit,reinvest_unit,sell_date,sell_price,sell_rate,rate_std,rate_std_mod_val,rate_std_htr,rate_htr,rate_std_mod_val_htr,yes_close,close,d1_diff_rate,d1_diff,open,high,low,volume,clo5,clo10,clo20,clo40,clo60,clo80,clo100,clo120,clo5_diff_rate,clo10_diff_rate,clo20_diff_rate,clo40_diff_rate,clo60_diff_rate,clo80_diff_rate,clo100_diff_rate,clo120_diff_rate
0,0.0,0,009160,SIMPAC,-3.76,1.54,6600,6370,959172,-37428,151,202201040927,996600,0,0,0,1000000,0,202207260900,6370,-3.76,0,0,0,0,0,6500,6330,1.93,0,6340,6360,6180,119071,6244,6174,6247,6595,7151,7599,7683,7491,0.34,0.45,-2.21,-3.52,-9.78,-13.36,-11.3,-9.5
0,0.0,0,095720,웅진씽크빅,-20.57,1.56,3245,2585,793920,-205540,308,202201050947,999460,0,0,0,1000000,0,202206140902,2585,-20.57,0,0,0,0,0,3195,2680,-5.8,0,2580,2805,2680,411590,2855,2917,2962,2989,3019,2991,2994,3029,0.0,0.16,0.53,-2.47,-3.63,-4.45,-6.25,-9.08
0,0.0,0,002020,코오롱,-20.02,1.53,33100,26550,794240,-198760,30,202201050954,993000,0,0,0,1000000,0,202205120930,26550,-20.02,0,0,0,0,0,32600,27200,-0.37,0,26900,27350,26900,30001,27680,27700,28357,28940,28970,29388,29974,30252,0.77,2.34,2.67,2.73,-1.28,-5.87,-3.92,-2.59
0,0.0,0,014830,유니드,-20.14,3.79,126560,101364,707535,-178385,7,202201070938,885920,0,0,0,1000000,0,202201251017,101364,-20.14,0,0,0,0,0,121937,105756,-4.29,0,106334,110263,104369,56117,110610,114655,117804,118215,121719,128159,134924,135538,0.86,3.04,3.07,0.93,-4.36,-9.66,-11.65,-9.66
0,0.0,0,064800,젬백스링크,-20.0,2.69,1720,1380,799505,-199815,581,202201071054,999320,0,0,0,1000000,0,202206151210,1380,-20.0,0,0,0,0,0,1675,1450,0.35,0,1410,1495,1385,339304,1486,1495,1513,1575,1601,1598,1584,1601,-2.33,-1.03,-0.21,-1.53,1.08,2.31,1.48,-0.15
0,0.0,0,078600,대주전자재료,-20.57,4.91,98300,78300,780778,-202222,10,202201120910,983000,0,0,0,1000000,0,202205100900,78300,-20.57,0,0,0,0,0,93700,80500,-3.94,0,78300,83400,80500,134463,82740,82880,87130,89450,89175,90748,92871,96560,-2.56,-6.47,-6.19,-12.53,-12.66,-10.18,-2.58,4.29
0,0.0,0,151860,KG ETS,-20.16,3.19,14550,11650,789952,-199448,68,202201121502,989400,0,0,0,1000000,0,202201251327,11650,-20.16,0,0,0,0,0,14100,12400,-4.98,0,12300,13000,12300,324140,13060,13600,14162,14635,14801,14880,15305,15982,-2.96,-3.82,-5.4,-7.04,-6.04,-7.26,-10.4,-14.51
0,0.0,0,084110,휴온스글로벌,-20.34,2.62,35300,28200,787359,-201041,28,202201121530,988400,0,0,0,1000000,0,202203080901,28200,-20.34,0,0,0,0,0,34400,29150,-3.32,0,28650,29900,29150,34463,30150,30205,31057,32142,34312,35518,37778,41273,-4.23,-8.49,-10.28,-10.33,-15.1,-22.04,-28.81,-32.75
0,0.0,0,075580,세진중공업,-20.09,5.07,7050,5650,794390,-199660,141,202201130902,994050,0,0,0,1000000,0,202206201024,5650,-20.09,0,0,0,0,0,6710,5920,-1.5,0,6090,6080,5780,347215,6122,6482,6551,6764,6782,6799,6790,6708,3.1,6.98,11.81,13.32,10.2,10.68,10.23,8.42
0,0.0,0,082640,동양생명,-20.05,0.75,6710,5380,799346,-200444,149,202201140901,999790,0,0,0,1000000,0,202206141241,5380,-20.05,0,0,0,0,0,6660,5800,-5.54,0,5740,6020,5800,287594,6000,5940,5913,6305,6389,6332,6297,6389,-0.86,-0.45,-2.34,-3.61,-3.95,-4.96,-1.53,1.69
0,0.0,0,000390,삼화페인트,-21.01,0.11,9140,7240,786919,-209341,109,202201180900,996260,0,0,0,1000000,0,202206141012,7240,-21.01,0,0,0,0,0,9130,7990,-4.88,0,7630,8370,7970,33418,8402,8564,8705,9184,9517,9357,9216,9215,-1.51,-2.92,-1.09,0.08,-2.84,-3.55,-5.91,-7.83
0,0.0,0,121800,비덴트,-20.17,3.98,18300,14650,788855,-199345,54,202201180920,988200,0,0,0,1000000,0,202201271245,14650,-20.17,0,0,0,0,0,17600,16450,3.46,0,16550,17100,16050,3182385,16740,17215,19167,23626,23060,20204,18157,16809,-2.92,-7.66,-21.0,-31.37,-22.48,-9.91,-0.37,7.05
0,0.0,0,230360,에코마케팅,21.14,2.63,15600,18950,1209436,211036,64,202201180946,998400,0,0,0,1000000,0,202208090900,18950,21.14,0,0,0,0,0,15200,18550,5.4,0,19350,18700,17550,392792,17950,17905,16985,15465,15647,16658,17155,17100,-1.94,-3.61,-7.5,-9.99,-11.88,-14.61,-18.43,-22.81
0,0.0,0,357550,석경에이티,-20.46,-0.88,16800,13400,788356,-202844,59,202201190922,991200,0,0,0,1000000,0,202202140935,13400,-20.46,0,0,0,0,0,16950,13950,-5.1,0,13800,14750,13950,23632,14600,14565,15700,16950,17617,18359,19031,19238,-1.17,-2.98,-4.57,-7.17,-10.01,-13.26,-14.47,-16.16
0,0.0,0,122990,와이솔,-20.03,2.48,10350,8300,794539,-199061,96,202201190935,993600,0,0,0,1000000,0,202206230922,8300,-20.03,0,0,0,0,0,10100,8510,-5.44,0,8500,9040,8470,125408,9026,9453,9981,10465,10801,10764,10705,10694,-1.66,-2.88,-4.72,-3.72,-3.1,-3.53,-6.13,-8.67
0,0.0,0,033500,동성화인텍,9.37,0.93,10850,11900,1091749,93549,92,202201191019,998200,0,0,0,1000000,0,202208090900,11900,9.37,0,0,0,0,0,10750,11900,0.85,0,11900,12000,11650,175523,12030,11675,11252,11150,11125,11346,11303,11206,-5.62,-8.55,-7.82,-5.44,-6.95,-7.23,-6.54,-6.93
0,0.0,0,003030,세아제강지주,47.87,2.73,101500,150500,1350774,437274,9,202201191029,913500,0,0,0,1000000,0,202208090900,150500,47.87,0,0,0,0,0,98800,151000,-2.27,0,151000,158000,149500,35950,152900,148800,141600,139425,144483,145500,141355,137504,-5.05,-6.95,-5.24,-7.23,-10.52,-14.77,-17.04,-12.7
0,0.0,0,018310,삼목에스폼,58.05,3.75,13850,21950,1576062,578862,72,202201200921,997200,0,0,0,1000000,0,202208090900,21950,58.05,0,0,0,0,0,13350,22350,2.05,0,22300,22900,21650,149978,20990,20025,18947,19138,21065,22488,23615,22973,-4.3,-6.81,-4.11,-2.8,-7.24,-8.51,-10.49,-10.14
0,0.0,0,058820,CMG제약,-21.28,2.72,3395,2680,785682,-212448,294,202201200921,998130,0,0,0,1000000,0,202206170900,2680,-21.28,0,0,0,0,0,3305,2740,-0.36,0,2645,2850,2735,399310,2849,2980,3037,3096,3178,3203,3218,3302,-4.15,-6.66,-10.14,-9.46,-10.48,-12.2,-14.99,-17.96
0,0.0,0,064260,다날,-20.06,6.36,11700,9380,795038,-199462,85,202201201312,994500,0,0,0,1000000,0,202202241329,9380,-20.06,0,0,0,0,0,11000,9980,1.73,0,9810,10100,9920,2043010,10078,10164,10363,11707,13037,12410,11213,10384,-1.52,-6.9,-17.46,-24.31,-15.17,-2.52,6.99,13.35
0,0.0,0,033160,엠케이전자,-21.8,1.86,16450,12900,771801,-215199,60,202201201320,987000,0,0,0,1000000,0,202206140900,12900,-21.8,0,0,0,0,0,16150,13200,-5.71,0,12850,13750,13200,186427,13890,14200,14367,14811,15295,15219,15413,15863,-4.55,-6.92,-9.18,-11.98,-13.96,-15.94,-20.47,-20.72
0,0.0,0,138490,코오롱플라스틱,5.14,2.79,11050,11650,1045572,51072,90,202201201515,994500,0,0,0,1000000,0,202208090900,11650,5.14,0,0,0,0,0,10750,11650,-0.43,0,11550,11750,11600,128609,11720,11725,11182,10930,11791,12146,12155,11888,-4.1,-6.68,-12.44,-14.24,-19.22,-26.11,-22.43,-15.91
0,0.0,0,033100,제룡전기,34.2,17.21,5380,7240,1335701,340401,185,202201250921,995300,0,0,0,1000000,0,202208170900,7240,34.2,0,0,0,0,0,4590,7240,-3.72,0,7250,7750,7180,711244,7398,7426,7360,7045,6668,6335,6074,5843,-4.71,-7.49,-9.92,-9.08,-13.14,-17.96,-20.07,-21.67
0,0.0,0,093520,매커스,8.19,4.29,7540,8180,1076749,81469,132,202201260924,995280,0,0,0,1000000,0,202208170900,8180,8.19,0,0,0,0,0,7230,8210,0.0,0,8240,8330,8190,189097,8444,8700,8478,8145,8697,9162,9569,9383,-6.71,-10.02,-11.91,-9.4,-10.26,-5.91,-3.45,-0.94
0,0.0,0,102460,이연제약,-20.19,3.04,28800,23050,781476,-197724,34,202201260942,979200,0,0,0,1000000,0,202206161344,23050,-20.19,0,0,0,0,0,27950,23350,-3.71,0,23650,24550,23150,146997,26070,27150,26927,27012,27615,27656,27968,29147,-6.15,-8.78,-14.01,-21.69,-27.43,-31.86,-36.49,-39.79
0,0.0,0,026890,스틱인베스트먼트,-20.13,3.4,10650,8530,791039,-199411,93,202201261249,990450,0,0,0,1000000,0,202206091353,8530,-20.13,0,0,0,0,0,10300,8740,-1.35,0,8770,8930,8740,202568,8836,8859,9011,9574,9711,9825,10105,10835,-7.29,-10.71,-18.85,-25.17,-28.61,-29.66,-29.49,-28.73
0,0.0,0,094480,갤럭시아머니트리,-20.13,7.86,10150,8130,794479,-200221,98,202201270912,994700,0,0,0,1000000,0,202205091355,8130,-20.13,0,0,0,0,0,9410,8640,-1.03,0,8510,8690,8500,153648,8814,8984,9567,9993,9864,9955,10595,11333,-4.72,-7.73,-16.53,-22.87,-28.84,-20.09,-11.5,-5.11
0,0.0,0,251970,펌텍코리아,3.88,2.97,15600,16250,1037094,38694,64,202201270927,998400,0,0,0,1000000,0,202208170900,16250,3.88,0,0,0,0,0,15150,15950,-1.85,0,16200,16300,15950,4040,16230,16155,16035,15675,16307,16961,17396,17412,-3.07,-4.05,-6.31,-10.71,-14.46,-19.72,-25.61,-29.32
0,0.0,0,002240,고려제강,10.19,2.3,18400,20332,1094869,101269,54,202201270932,993600,0,0,0,1000000,0,202208170900,20332,10.19,0,0,0,0,0,17986,20240,-2.87,0,20332,21298,20056,138390,20138,19793,19361,19103,20440,21361,21174,21039,-2.01,-4.14,-5.13,-3.95,-7.14,-14.06,-18.77,-19.2
0,0.0,0,053030,바이넥스,22.53,5.31,12900,15850,1217067,223767,77,202201280905,993300,0,0,0,1000000,0,202208170900,15850,22.53,0,0,0,0,0,12250,15650,0.97,0,15800,16500,15400,935380,15420,15170,14952,14446,14171,14324,14637,14638,-7.2,-8.48,-12.94,-17.78,-18.11,-20.04,-22.43,-25.14
0,0.0,0,151860,KG ETS,27.58,10.27,12350,15800,1260502,272502,80,202201280908,988000,0,0,0,1000000,0,202208170900,15800,27.58,0,0,0,0,0,11200,15700,1.29,0,15850,16200,15500,1122658,15530,15220,15027,15890,16353,16233,15872,15317,-7.05,-12.47,-18.16,-22.42,-23.65,-23.9,-25.92,-28.95
0,0.0,0,294870,HDC현대산업개발,-21.68,6.25,14450,11350,780925,-216125,69,202201281109,997050,0,0,0,1000000,0,202206170900,11350,-21.68,0,0,0,0,0,13600,11600,-1.69,0,11250,12100,11600,492826,12210,12840,13257,13936,14448,15004,15033,16386,-4.56,-12.99,-31.13,-36.95,-38.63,-41.2,-43.72,-45.63
0,0.0,0,000240,한국앤컴퍼니,7.09,4.05,12850,13800,1059636,70186,77,202201281149,989450,0,0,0,1000000,0,202208170900,13800,7.09,0,0,0,0,0,12350,13250,-0.38,0,13550,13450,13200,37730,13180,13055,12580,12455,12940,13232,13429,13417,-6.23,-9.95,-14.75,-18.92,-21.12,-22.88,-23.35,-24.56
0,0.0,0,031980,피에스케이홀딩스,-20.49,4.15,15050,12000,789752,-203548,66,202201281209,993300,0,0,0,1000000,0,202205161207,12000,-20.49,0,0,0,0,0,14450,13050,1.95,0,12950,13150,12800,33266,13040,13360,13840,14100,14197,14313,14619,14249,-4.3,-7.34,-10.26,-3.35,4.18,10.49,12.9,12.67
0,0.0,0,081000,일진다이아,-20.15,4.68,24600,19700,785764,-198236,40,202201281236,984000,0,0,0,1000000,0,202206201352,19700,-20.15,0,0,0,0,0,23500,20650,-1.67,0,20650,20700,19900,25385,21260,23080,24172,25108,26000,26093,25975,26616,-7.63,-12.22,-16.67,-21.3,-25.48,-29.6,-33.79,-37.9
0,0.0,0,090350,노루페인트,-20.41,6.4,10800,8620,790789,-202811,92,202201281259,993600,0,0,0,1000000,0,202206201042,8620,-20.41,0,0,0,0,0,10150,8910,-2.84,0,8940,9050,8750,116896,9252,9721,9939,10455,10978,11024,10997,11396,-5.67,-12.61,-20.27,-19.26,-16.38,-12.51,-11.34,-10.87
0,0.0,0,006280,녹십자,-1.7,5.11,175000,172500,860083,-14917,5,202201281302,875000,0,0,0,1000000,0,202208170900,172500,-1.7,0,0,0,0,0,166500,172000,-0.29,0,171000,174000,172000,14740,172400,172350,174850,173325,175108,176993,180345,182254,-6.41,-10.46,-16.08,-21.75,-24.37,-28.3,-35.17,-37.89
0,0.0,0,122450,KX,3.92,4.4,7120,7420,1035898,39098,140,202202031405,996800,0,0,0,1000000,0,202208230900,7420,3.92,0,0,0,0,0,6820,7550,-3.08,0,7420,7830,7500,42120,7742,7763,7618,7584,7602,7881,7975,7922,-2.49,-7.12,-11.27,-12.47,-15.05,-17.74,-20.67,-23.83
0,0.0,0,069080,웹젠,-20.18,0.9,22300,17850,783172,-198028,44,202202040905,981200,0,0,0,1000000,0,202206231530,17850,-20.18,0,0,0,0,0,22100,19350,-3.01,0,19200,20500,19350,107307,19970,20620,20647,20807,21752,22197,22405,23119,-0.54,-5.64,-11.02,-14.75,-16.25,-16.37,-16.53,-16.89
0,0.0,0,121800,비덴트,-20.23,1.72,14750,11800,788357,-199893,67,202202040909,988250,0,0,0,1000000,0,202205121246,11800,-20.23,0,0,0,0,0,14500,12700,-2.68,0,12100,12850,12300,1470085,13160,13810,15010,16956,16717,16707,18128,19777,-4.79,-10.69,-17.84,-34.52,-36.8,-28.91,-20.76,-14.32
0,0.0,0,078340,컴투스,-20.12,2.02,126200,101100,705692,-177708,7,202202040917,883400,0,0,0,1000000,0,202204130925,101100,-20.12,0,0,0,0,0,123700,101900,-6.94,0,101900,108700,101500,353085,112240,112990,115610,113407,119083,127182,132570,133170,-3.77,-5.66,-7.91,-13.49,-16.77,-12.22,-6.8,-3.48
0,0.0,0,220260,켐트로스,-20.08,1.15,9670,7750,795985,-200025,103,202202041021,996010,0,0,0,1000000,0,202206201020,7750,-20.08,0,0,0,0,0,9560,8140,-0.85,0,8150,8170,7810,139317,8188,8553,8899,9138,9399,9445,9523,9874,-0.21,-5.39,-10.99,-15.91,-21.81,-26.19,-26.54,-22.84
0,0.0,0,171090,선익시스템,-12.64,1.4,18150,15900,872033,-126217,55,202202041355,998250,0,0,0,1000000,0,202208240900,15900,-12.64,0,0,0,0,0,17900,15850,-2.16,0,15650,16000,15600,53637,16520,17065,17412,17147,17263,17555,18302,18540,3.53,-3.58,-9.69,-15.11,-20.66,-20.52,-20.81,-22.26
0,0.0,0,042420,네오위즈홀딩스,-21.04,5.6,60300,47750,761831,-202969,16,202202071116,964800,0,0,0,1000000,0,202202141004,47750,-21.04,0,0,0,0,0,57100,50700,-0.78,0,49000,54500,49300,606259,56380,61290,68665,71380,69906,64228,56923,52160,-13.75,-21.17,-22.01,-21.24,-18.14,-8.89,2.97,11.58
0,0.0,0,058430,포스코스틸리온,-20.0,2.89,48050,38550,768813,-192187,20,202202080916,961000,0,0,0,1000000,0,202206141049,38550,-20.0,0,0,0,0,0,46700,40750,-8.32,0,39550,43600,40650,49695,44240,45035,45440,48357,49250,48441,49126,50380,-5.04,-9.74,-14.95,-15.67,-15.93,-17.61,-18.99,-20.48
0,0.0,0,136480,하림,1.46,1.24,2865,2915,1014489,14604,349,202202090909,999885,0,0,0,1000000,0,202208300900,2915,1.46,0,0,0,0,0,2830,2895,-3.98,0,2890,2950,2890,932566,2975,2975,2953,2934,3028,3174,3254,3230,1.25,2.97,1.69,1.48,1.64,0.85,0.31,-1.02
0,0.0,0,011210,현대위아,-20.04,3.03,64600,51800,774796,-194204,15,202202151018,969000,0,0,0,1000000,0,202206230919,51800,-20.04,0,0,0,0,0,62700,52000,-3.17,0,52200,54600,52000,162335,54080,57700,61115,62845,63270,62620,63329,65767,-5.2,-5.63,-9.08,-15.3,-16.06,-17.9,-19.21,-20.87
0,0.0,0,027360,아주IB투자,-20.06,4.61,3630,2910,797980,-200270,275,202202160913,998250,0,0,0,1000000,0,202206141052,2910,-20.06,0,0,0,0,0,3470,3040,-6.89,0,2980,3235,3035,461082,3217,3294,3306,3567,3705,3712,3719,3769,-6.22,-6.49,-6.76,-10.3,-12.39,-15.26,-18.19,-22.32
0,0.0,0,297090,씨에스베어링,89.23,4.74,5639,10700,1888731,890628,177,202202160917,998103,0,0,0,1000000,0,202209060900,10700,89.23,0,0,0,0,0,5384,10700,-2.28,0,10650,11200,10500,1046067,11590,12135,12077,10867,10690,9925,9465,9297,-8.51,-10.63,-16.82,-26.47,-29.39,-32.55,-36.28,-39.47
0,0.0,0,210980,SK디앤디,-20.02,2.86,28800,23100,783172,-196028,34,202202160927,979200,0,0,0,1000000,0,202207140904,23100,-20.02,0,0,0,0,0,28000,23400,-2.09,0,23450,24050,23250,26123,24330,24790,24945,27055,27641,28264,28637,28593,-2.54,-0.8,-1.67,-5.9,-6.07,-6.92,-8.88,-12.36
0,0.0,0,042420,네오위즈홀딩스,-20.25,9.88,51700,41350,783421,-198879,19,202202161015,982300,0,0,0,1000000,0,202204180932,41350,-20.25,0,0,0,0,0,47050,43600,-2.35,0,43500,44600,43150,71050,45050,47885,50047,50970,55578,60806,62178,60110,-8.5,-15.18,-28.44,-33.56,-32.54,-27.11,-17.96,-10.22
0,0.0,0,095700,제넥신,-20.27,4.65,33519,26800,774995,-197056,29,202202161019,972051,0,0,0,1000000,0,202205090900,26800,-20.27,0,0,0,0,0,32030,26982,-2.88,0,26583,27599,26873,117472,28267,28042,28844,30774,31733,33182,35306,36764,-5.51,-7.49,-10.87,-18.12,-21.7,-24.63,-27.31,-30.67
0,0.0,0,102260,동성케미컬,-0.06,0.87,4615,4625,996203,-637,216,202202170928,996840,0,0,0,1000000,0,202209060900,4625,-0.06,0,0,0,0,0,4575,4655,-0.11,0,4620,4675,4630,19737,4662,4653,4605,4422,4312,4378,4474,4527,-1.25,-1.82,-2.65,-4.23,-5.58,-8.85,-11.34,-13.0
0,0.0,0,014830,유니드,19.2,1.81,97665,116736,1164120,187470,10,202202171110,976650,0,0,0,1000000,0,202209060900,116736,19.2,0,0,0,0,0,95931,116736,1.0,0,116736,119625,116158,33961,118469,120781,116787,113126,114368,120768,125544,125586,-0.55,-0.58,-4.94,-12.84,-15.55,-19.14,-23.69,-26.82
0,0.0,0,015860,일진홀딩스,10.66,5.14,4605,5110,1105782,106497,217,202202250943,999285,0,0,0,1000000,0,202209140900,5110,10.66,0,0,0,0,0,4380,5250,0.0,0,5050,5370,5190,367952,5260,5469,5735,6121,6306,6267,6151,6043,-3.25,-3.05,-3.94,-10.77,-13.58,-17.7,-22.5,-25.72
0,0.0,0,038290,마크로젠,-20.15,0.39,25600,20500,797232,-201168,39,202203080944,998400,0,0,0,1000000,0,202209230956,20500,-20.15,0,0,0,0,0,25500,21000,-3.45,0,20850,21750,20750,26499,21910,22305,22897,24578,24996,25446,25748,26240,-1.85,-1.49,-1.33,-4.06,-7.35,-7.66,-8.58,-10.26
0,0.0,0,078150,HB테크놀러지,-20.06,1.08,2345,1880,798608,-200362,426,202204130925,998970,0,0,0,1000000,0,202206221052,1880,-20.06,0,0,0,0,0,2320,1950,-1.02,0,1950,1985,1930,225776,2041,2131,2205,2296,2346,2358,2345,2378,-0.26,-1.53,-3.48,-1.77,-1.88,-3.94,-3.58,-4.14
0,0.0,0,306200,세아제강,-20.23,4.52,185000,148000,737900,-187100,5,202205091244,925000,0,0,0,1000000,0,202206210911,148000,-20.23,0,0,0,0,0,177000,149500,-4.47,0,148500,158500,149000,18952,156500,163700,171125,170262,156783,144508,134724,128475,0.06,6.43,14.06,30.47,42.9,51.36,56.48,60.25
0,0.0,0,005950,이수화학,58.74,2.6,7900,12575,1580102,584702,126,202205101258,995400,0,0,0,1000000,0,202211290900,12575,58.74,0,0,0,0,0,7700,12750,-0.58,0,12650,13050,12600,1369862,13020,13397,13716,12290,12632,11631,10757,10185,-2.78,1.22,2.68,7.01,11.43,11.55,10.08,8.4
0,0.0,0,004430,송원산업,-20.15,3.05,25350,20300,789454,-199196,39,202205101335,988650,0,0,0,1000000,0,202206201510,20300,-20.15,0,0,0,0,0,24600,21450,0.94,0,21800,21500,20450,257570,21870,23240,24242,24766,24310,23208,22520,22315,-6.46,-4.43,-2.94,4.88,10.18,12.93,13.71,16.31
0,0.0,0,036570,엔씨소프트,-20.11,-0.12,412500,330500,659125,-165875,2,202205121049,825000,0,0,0,1000000,0,202209230936,330500,-20.11,0,0,0,0,0,413000,347000,-2.66,0,349000,354500,346500,85936,356300,364500,367500,373737,371808,386987,395110,403962,-0.19,-0.97,-3.15,-7.21,-8.37,-13.6,-19.41,-24.42
0,0.0,0,112040,위메이드,-21.0,7.9,66900,53000,739893,-196707,14,202205131016,936600,0,0,0,1000000,0,202206230904,53000,-21.0,0,0,0,0,0,62000,67300,-3.99,0,62600,71900,66500,723046,68040,71650,76065,74450,81101,86366,92489,102705,-10.04,-16.2,-21.34,-30.82,-34.05,-39.53,-46.08,-51.28
0,0.0,0,001250,GS글로벌,-22.19,2.74,3755,2930,777165,-221665,266,202206091412,998830,0,0,0,1000000,0,202206230906,2930,-22.19,0,0,0,0,0,3655,3125,-6.16,0,3085,3465,3125,4764444,3217,3311,3499,3844,3617,3316,3090,2967,-0.54,-0.89,-4.59,-7.08,5.45,15.07,22.26,26.66
0,0.0,0,004980,성신양회,-20.61,0.0,10300,8200,793142,-205958,97,202206140946,999100,0,0,0,1000000,0,202209270904,8200,-20.61,0,0,0,0,0,10300,8300,-7.57,0,8220,8900,8280,246868,9218,9594,9919,10097,9738,9831,10266,10869,-5.33,-8.61,-9.97,-16.85,-21.17,-21.17,-23.21,-26.37
0,0.0,0,034810,해성산업,-20.06,2.56,12000,9620,796195,-199805,83,202206160947,996000,0,0,0,1000000,0,202209271456,9620,-20.06,0,0,0,0,0,11700,9770,-4.22,0,9710,10150,9760,67591,10304,10662,10881,11214,10967,11132,11471,11779,-4.18,-6.14,-7.78,-9.43,-9.7,-8.57,-10.33,-11.59
0,0.0,0,012510,더존비즈온,10.16,9.31,33450,36950,1068565,98515,29,202206160954,970050,0,0,0,1000000,0,202301030900,36950,10.16,0,0,0,0,0,30600,36950,0.27,0,36950,37650,36550,41247,37670,37930,37997,36347,34076,33821,33935,33934,-8.41,-13.18,-16.2,-20.58,-24.88,-27.47,-31.74,-37.87
0,0.0,0,005010,휴스틸,24.84,5.22,4050,5070,1243765,247465,246,202206161000,996300,0,0,0,1000000,0,202301030900,5070,24.84,0,0,0,0,0,3849,5090,0.39,0,5050,5270,5030,765017,5106,5078,5087,5390,5372,5506,5607,5283,-5.67,-7.0,-6.74,-9.86,-3.29,1.61,7.3,12.14
0,0.0,0,005390,신성통상,-20.16,3.81,2860,2290,796942,-201198,349,202206161109,998140,0,0,0,1000000,0,202209281049,2290,-20.16,0,0,0,0,0,2755,2405,-2.04,0,2360,2470,2310,347051,2553,2603,2711,2884,2899,2908,2964,3114,-4.93,-6.2,-7.14,-15.45,-21.86,-22.23,-22.35,-21.78
0,0.0,0,138040,메리츠금융지주,-20.08,4.73,27700,22200,796933,-200267,36,202206211107,997200,0,0,0,1000000,0,202209260915,22200,-20.08,0,0,0,0,0,26450,22900,-3.78,0,22300,24200,22600,217030,23950,24605,26670,27570,26901,27368,28493,30379,-3.78,-8.11,-12.89,-18.95,-24.49,-24.47,-28.16,-31.28
0,0.0,0,027360,아주IB투자,-20.07,8.12,2595,2080,798528,-200547,385,202206240907,999075,0,0,0,1000000,0,202210131107,2080,-20.07,0,0,0,0,0,2400,2200,0.46,0,2170,2205,2120,287740,2301,2320,2525,2761,2877,2832,2917,3062,-8.75,-14.79,-21.66,-28.33,-32.06,-33.51,-33.89,-34.81
0,0.0,0,000050,경방,-7.98,9.91,11650,10750,911180,-79070,85,202206240912,990250,0,0,0,1000000,0,202301110900,10750,-7.98,0,0,0,0,0,10600,10750,-0.46,0,10750,10850,10650,7073,10670,10775,10985,10998,11011,11153,11430,11690,-11.59,-17.54,-22.92,-27.61,-29.98,-29.32,-28.85,-28.33
0,0.0,0,067160,아프리카TV,-20.25,4.83,88900,71100,779881,-198019,11,202206240925,977900,0,0,0,1000000,0,202209070931,71100,-20.25,0,0,0,0,0,84800,73900,1.23,0,73100,74500,72900,65430,74420,76020,79470,82370,84095,89186,95713,104554,-7.38,-12.7,-16.98,-18.55,-27.69,-32.25,-34.44,-38.17
0,0.0,0,252990,샘씨엔에스,4.95,3.8,4100,4315,1045617,49317,243,202206240928,996300,0,0,0,1000000,0,202301110900,4315,4.95,0,0,0,0,0,3950,4255,-1.62,0,4305,4415,4255,399738,4174,4075,4044,4041,4036,4061,4221,4366,-10.71,-19.67,-29.14,-33.27,-34.92,-35.72,-36.37,-37.27
0,0.0,0,033270,유나이티드제약,10.26,2.16,21300,23550,1080282,100482,46,202206240941,979800,0,0,0,1000000,0,202301110900,23550,10.26,0,0,0,0,0,20850,23450,0.21,0,23500,24050,23100,42218,23210,23145,24122,24040,24050,23775,23846,24208,-6.0,-10.86,-18.43,-22.29,-28.91,-37.43,-41.78,-44.45
0,0.0,0,083450,GST,1.13,4.17,21250,21550,1010016,11266,47,202206240946,998750,0,0,0,1000000,0,202301110900,21550,1.13,0,0,0,0,0,20400,21400,0.23,0,21600,21600,21050,42869,21000,20450,20685,21533,21075,20794,20968,21193,-7.15,-12.73,-19.79,-25.99,-29.41,-30.8,-32.98,-34.83
0,0.0,0,014160,대영포장,-20.23,5.08,1550,1240,797531,-202219,645,202206240947,999750,0,0,0,1000000,0,202210131420,1240,-20.23,0,0,0,0,0,1475,1330,1.14,0,1315,1360,1305,199512,1350,1348,1435,1572,1632,1631,1728,1824,-10.01,-15.93,-24.63,-30.0,-32.35,-33.29,-34.2,-35.51
0,0.0,0,058820,CMG제약,-11.92,6.65,2485,2195,879902,-119068,402,202206240949,998970,0,0,0,1000000,0,202301110900,2195,-11.92,0,0,0,0,0,2330,2185,-0.68,0,2195,2210,2175,415296,2170,2163,2235,2206,2181,2206,2304,2380,-6.84,-12.9,-19.59,-22.46,-24.98,-26.27,-26.59,-28.31
0,0.0,0,078340,컴투스,-20.06,5.33,73100,58600,759639,-190661,13,202206240949,950300,0,0,0,1000000,0,202212231407,58600,-20.06,0,0,0,0,0,69400,60900,2.53,0,59700,61000,59700,90139,61060,62260,62305,65442,68001,71888,73898,73970,-5.86,-10.57,-15.43,-18.1,-25.18,-29.35,-32.41,-36.52
0,0.0,0,121800,비덴트,-20.3,8.07,8570,6850,792345,-201775,116,202206240956,994120,0,0,0,1000000,0,202209220904,6850,-20.3,0,0,0,0,0,7930,7170,-0.97,0,6950,7260,7070,937640,7534,7620,8002,9450,9246,9442,10058,11265,-7.81,-12.5,-21.73,-30.66,-41.13,-45.56,-46.51,-49.57
0,0.0,0,097520,엠씨넥스,-3.1,3.61,30100,29250,962543,-30757,33,202206240957,993300,0,0,0,1000000,0,202301110900,29250,-3.1,0,0,0,0,0,29050,28450,-0.7,0,28700,28900,28150,40900,28080,27970,28180,28388,28059,28400,29736,30361,-7.16,-12.47,-18.12,-24.34,-27.97,-29.08,-31.21,-34.34
0,0.0,0,033160,엠케이전자,12.48,5.5,10550,11900,1115487,123787,94,202206241001,991700,0,0,0,1000000,0,202301110900,11900,12.48,0,0,0,0,0,10000,11800,-1.26,0,11900,12050,11700,193814,11720,11530,11697,11400,11117,10905,11178,11354,-8.93,-16.04,-23.8,-28.17,-31.89,-32.63,-33.28,-35.12
0,0.0,0,278650,HLB바이오스텝,-21.24,2.91,6710,5300,787457,-212333,149,202208180906,999790,0,0,0,1000000,0,202209190907,5300,-21.24,0,0,0,0,0,6520,5440,-4.06,0,5430,5810,5430,1717674,5670,5646,5894,6457,6847,9406,8694,7885,-2.51,-4.73,-7.12,-10.98,-38.36,-30.6,-21.3,-12.58
0,0.0,0,092070,디엔에프,-20.09,2.14,14350,11500,791249,-198901,69,202208240926,990150,0,0,0,1000000,0,202209300949,11500,-20.09,0,0,0,0,0,14050,11900,-2.86,0,11650,12650,11800,224014,12700,13550,14367,14712,14733,15058,16249,17064,-4.36,-3.34,-6.26,-4.46,-10.42,-18.06,-21.21,-22.19
0,0.0,0,047560,이스트소프트,18.25,2.35,9150,10850,1179366,182016,109,202208250907,997350,0,0,0,1000000,0,202303140900,10850,18.25,0,0,0,0,0,8940,10750,-0.56,0,10890,10800,10310,95257,11042,11505,11996,11832,10917,10618,10451,10280,-2.36,-4.9,-8.03,-7.02,-9.59,-13.31,-18.72,-22.7
0,0.0,0,066790,씨씨에스,5.63,1.81,506,536,1056179,56323,1976,202208311403,999856,0,0,0,1000000,0,202303210900,536,5.63,0,0,0,0,0,497,532,0.76,0,532,535,523,159596,512,520,535,561,562,581,586,575,-3.68,-4.42,-4.2,-6.39,-9.59,-14.95,-18.52,-20.94
0,0.0,0,008730,율촌화학,20.59,3.34,32500,39300,1175729,200729,30,202209010950,975000,0,0,0,1000000,0,202303210900,39300,20.59,0,0,0,0,0,31450,39250,-2.73,0,39300,40350,38700,130706,40950,42810,45005,43960,41845,39871,38439,37068,3.01,5.75,13.79,30.01,38.94,39.26,38.57,37.53
0,0.0,0,004690,삼천리,139.82,1.43,212500,511000,2038456,1188456,4,202209050924,850000,0,0,0,1000000,0,202303270900,511000,139.82,0,0,0,0,0,209500,515000,1.38,0,511000,516000,504000,11519,511400,505600,501575,491300,473166,450618,424735,400600,0.67,0.14,2.21,7.53,12.59,18.45,27.9,35.85
0,0.0,0,217270,넵튠,-20.15,5.46,12550,10050,791697,-199753,79,202209060906,991450,0,0,0,1000000,0,202303160902,10050,-20.15,0,0,0,0,0,11900,10250,0.59,0,10090,10400,10190,28017,10540,10505,10528,10826,10868,11204,11560,11627,-3.88,-5.33,-11.72,-15.73,-10.98,-13.64,-17.55,-22.47
0,0.0,0,251270,넷마블,-20.0,3.23,60700,48700,776989,-194211,16,202209081101,971200,0,0,0,1000000,0,202210110905,48700,-20.0,0,0,0,0,0,58800,50200,-1.38,0,48950,51400,48500,188578,51360,52770,56360,60835,63875,65445,68216,72772,-2.23,-4.68,-8.94,-12.79,-13.79,-17.2,-22.23,-27.42
0,0.0,0,211270,AP위성,-21.1,0.0,10250,8110,784436,-209814,97,202209160934,994250,0,0,0,1000000,0,202209300900,8110,-21.1,0,0,0,0,0,10250,8330,-0.83,0,8080,8650,8330,75344,8726,9352,9983,10893,11179,11948,12909,13256,-0.68,-3.44,-7.8,-11.8,-11.88,-20.97,-24.19,-25.46
0,0.0,0,200710,에이디테크놀로지,65.82,1.98,12900,21450,1647124,653824,77,202209190954,993300,0,0,0,1000000,0,202304100900,21450,65.82,0,0,0,0,0,12650,21400,0.47,0,21500,21900,20900,356577,21810,22755,22353,21474,19237,17662,17096,16930,-1.71,-1.44,-3.23,-7.05,-6.81,-14.1,-17.22,-19.93
0,0.0,0,009240,한샘,-20.07,2.37,49650,39800,793742,-199258,20,202209200915,993000,0,0,0,1000000,0,202210120900,39800,-20.07,0,0,0,0,0,48500,40050,-5.09,0,39500,42000,39900,49922,42000,43055,46185,50017,52236,55010,58161,60887,-3.64,-4.35,-7.31,-10.73,-14.06,-18.92,-21.85,-25.64
0,0.0,0,330860,네패스아크,-20.07,2.75,26200,21000,795736,-199864,38,202209200925,995600,0,0,0,1000000,0,202209281103,21000,-20.07,0,0,0,0,0,25500,22000,-0.23,0,21650,22400,21400,30490,23370,24540,25755,27423,27728,29237,31773,33723,-1.96,-2.43,-5.83,-9.9,-9.91,-16.51,-22.52,-26.59
0,0.0,0,001120,LX인터내셔널,-20.13,2.52,42700,34200,784368,-197732,23,202209210926,982100,0,0,0,1000000,0,202212290939,34200,-20.13,0,0,0,0,0,41650,36000,-13.77,0,36100,39750,35900,1260167,40300,40235,40135,40292,40836,41281,40494,38867,-4.87,-6.83,-3.33,9.05,16.54,14.53,13.33,13.82
0,0.0,0,032190,다우데이타,200.24,1.42,14250,42900,2994892,1997392,70,202209221447,997500,0,0,0,1000000,0,202301250924,42900,200.24,0,0,0,0,0,14050,41800,1.46,0,41850,42200,40650,234159,40570,40020,36592,32470,28068,24594,22298,20535,2.03,5.09,10.67,15.79,21.71,20.55,17.32,13.99
0,0.0,0,112040,위메이드,-20.01,1.02,49550,39750,792745,-198255,20,202209260924,991000,0,0,0,1000000,0,202210130904,39750,-20.01,0,0,0,0,0,49050,40900,0.74,0,40000,41250,39800,296292,42990,44790,49007,55896,58430,58893,62398,64746,-4.59,-9.11,-13.78,-20.07,-19.26,-22.8,-24.96,-29.4
0,0.0,0,067310,하나마이크론,61.13,2.0,10200,16480,1610610,611010,98,202209270913,999600,0,0,0,1000000,0,202304180900,16480,61.13,0,0,0,0,0,10000,16640,-0.42,0,16640,16770,16210,1204264,16982,16890,15905,13427,12618,11987,11681,11448,-7.58,-10.23,-13.4,-18.48,-20.12,-25.53,-30.6,-33.42
0,0.0,0,183190,아세아시멘트,2.12,0.71,9980,10220,1019142,21142,100,202209270918,998000,0,0,0,1000000,0,202304180900,10220,2.12,0,0,0,0,0,9910,10220,0.49,0,10220,10340,10010,118653,10080,10061,9754,9479,9394,9409,9504,9492,-7.23,-11.45,-15.59,-17.54,-13.74,-11.93,-14.38,-19.37
0,0.0,0,089030,테크윙,15.04,1.56,5860,6760,1146005,149805,170,202209271516,996200,0,0,0,1000000,0,202304180900,6760,15.04,0,0,0,0,0,5770,6790,-1.59,0,6740,6850,6700,377171,7154,7241,7178,6676,6575,6402,6376,6352,-8.12,-12.4,-15.41,-23.22,-25.27,-27.49,-31.89,-35.03
0,0.0,0,278650,HLB바이오스텝,2.82,4.09,4830,4980,1027978,28168,207,202209300913,999810,0,0,0,1000000,0,202304190900,4980,2.82,0,0,0,0,0,4640,4890,11.64,0,4975,5380,4390,37052298,4418,4272,4193,4322,4461,4581,4785,4940,-1.99,-7.0,-13.19,-21.92,-27.66,-47.49,-47.1,-41.82
0,0.0,0,126600,BGF에코머티리얼즈,78.19,0.3,4681,8364,1776661,779608,213,202209301053,997053,0,0,0,1000000,0,202304190900,8364,78.19,0,0,0,0,0,4667,8317,-2.23,0,8364,8593,8269,864123,8315,8016,7092,6200,5902,5636,5550,5447,-4.38,-12.66,-15.81,-19.07,-21.83,-21.53,-25.33,-26.98
0,0.0,0,361610,SK아이이테크놀로지,48.13,4.2,54600,81100,1455784,472984,18,202210040947,982800,0,0,0,1000000,0,202304250900,81100,48.13,0,0,0,0,0,52400,81400,-1.81,0,80300,83400,80300,461157,83880,84820,82495,73587,71705,68871,67318,66370,-8.2,-17.69,-26.22,-33.92,-34.83,-39.43,-43.63,-46.68
0,0.0,0,108320,LX세미콘,33.59,5.79,80400,107700,1288830,324030,12,202210041023,964800,0,0,0,1000000,0,202304250900,107700,33.59,0,0,0,0,0,76000,107900,0.19,0,107700,108000,104100,269057,105520,104400,105675,99237,96195,91148,89459,89443,-2.59,-8.92,-13.28,-17.55,-17.93,-21.17,-25.78,-29.94
0,0.0,0,322310,오로스테크놀로지,70.94,6.39,9830,16850,1697191,704361,101,202210041025,992830,0,0,0,1000000,0,202304250900,16850,70.94,0,0,0,0,0,9240,16850,-4.86,0,16830,17830,16850,72854,17938,18289,18476,18049,17670,16767,16461,15659,-7.17,-16.62,-23.72,-30.95,-33.37,-35.6,-40.43,-44.28
0,0.0,0,073490,이노와이어리스,11.64,5.91,25100,28100,1092849,113949,39,202210061341,978900,0,0,0,1000000,0,202304250900,28100,11.64,0,0,0,0,0,23700,27750,-1.25,0,28100,28150,27550,26256,28290,28185,28162,28210,29621,30513,30906,30607,-1.33,-8.41,-15.76,-18.26,-18.15,-18.02,-22.68,-26.23
0,0.0,0,003960,사조대림,8.38,3.39,25900,28150,1066718,82518,38,202210071208,984200,0,0,0,1000000,0,202304260900,28150,8.38,0,0,0,0,0,25050,28050,2.75,0,28150,29450,27350,52580,27340,26480,26012,25710,26355,26774,26698,26317,3.21,1.81,-0.5,-3.89,-1.82,-1.66,-5.66,-8.98
0,0.0,0,180640,한진칼,10.98,-0.68,36750,40900,1101225,108975,27,202210110905,992250,0,0,0,1000000,0,202305030900,40900,10.98,0,0,0,0,0,37000,41200,4.17,0,40700,41600,39200,77011,41910,43060,43412,44210,43497,42503,41743,41519,-1.15,-4.57,-6.82,-23.5,-28.83,-31.75,-32.42,-32.81
0,0.0,0,035420,NAVER,18.18,1.89,161500,191400,1145211,176211,6,202210120945,969000,0,0,0,1000000,0,202305030900,191400,18.18,0,0,0,0,0,158500,193200,0.47,0,191800,193200,191400,491178,189580,190400,193640,197317,203778,202752,198907,196676,-4.06,-13.17,-21.48,-29.13,-31.98,-32.56,-34.7,-36.68
0,0.0,0,298020,효성티앤씨,50.78,1.11,272500,412000,1232602,415102,3,202210120957,817500,0,0,0,1000000,0,202305030900,412000,50.78,0,0,0,0,0,269500,412500,9.42,0,406000,417000,398000,74024,385600,398700,410225,420487,430491,420562,406825,396629,-0.63,0.9,-4.8,-10.04,-11.68,-14.58,-18.64,-21.56
0,0.0,0,011790,SKC,8.24,8.69,91300,99100,988237,75237,10,202210121241,913000,0,0,0,1000000,0,202305030900,99100,8.24,0,0,0,0,0,84000,99600,0.2,0,98900,101100,98500,172476,100000,103590,107325,106555,103255,101083,100132,101735,-3.93,-4.76,-13.89,-24.37,-28.98,-32.68,-35.72,-37.31
0,0.0,0,093230,이아이디,-20.23,3.36,1015,812,797551,-202224,985,202210140902,999775,0,0,0,1000000,0,202301031031,812,-20.23,0,0,0,0,0,982,834,-3.25,0,820,879,826,261530,891,940,973,1003,1008,1062,1144,1181,-8.09,-9.22,-16.33,-24.71,-26.53,-25.86,-29.47,-33.29
0,0.0,0,035720,카카오,13.91,6.98,50600,57800,1095146,133746,19,202210140904,961400,0,0,0,1000000,0,202305030900,57800,13.91,0,0,0,0,0,47300,58500,0.69,0,58000,58600,57700,1124552,56980,57550,58505,59455,61055,61313,60081,59481,-6.5,-11.3,-19.26,-28.69,-31.89,-32.2,-34.28,-36.58
0,0.0,0,121800,비덴트,-20.03,6.55,4065,3260,799685,-200305,246,202210140920,999990,0,0,0,1000000,0,202212230906,3260,-20.03,0,0,0,0,0,3815,3395,-0.73,0,3380,3450,3385,375112,3497,3613,3706,3889,4159,5035,6048,6633,-20.19,-28.52,-39.13,-48.61,-55.43,-55.54,-57.69,-61.28
0,0.0,0,063080,컴투스홀딩스,9.59,6.49,39400,43300,1079484,94484,25,202210140921,985000,0,0,0,1000000,0,202305030900,43300,9.59,0,0,0,0,0,37000,44000,1.62,0,43300,44350,42700,35756,43540,45070,46615,48166,48150,47023,45696,45517,-7.2,-10.96,-21.84,-30.6,-32.14,-31.1,-33.84,-38.45
0,0.0,0,084010,대한제강,8.72,3.36,12300,13410,1083182,86882,81,202210140947,996300,0,0,0,1000000,0,202305030900,13410,8.72,0,0,0,0,0,11900,13410,1.82,0,13410,13470,13150,27147,13190,13488,13528,12862,13032,12654,12458,12544,-3.72,-3.29,-9.35,-14.53,-18.12,-19.4,-24.12,-28.43
0,0.0,0,251270,넷마블,44.85,4.62,45300,65800,1443614,447014,22,202210141001,996600,0,0,0,1000000,0,202305030900,65800,44.85,0,0,0,0,0,43300,66100,2.01,0,65200,66900,62800,155839,64860,65980,68370,64750,63496,62085,60015,58410,-8.82,-13.36,-19.87,-26.4,-30.98,-32.79,-35.74,-39.3
0,0.0,0,112040,위메이드,-20.08,7.09,41550,33300,796933,-200267,24,202210141009,997200,0,0,0,1000000,0,202211281035,33300,-20.08,0,0,0,0,0,38800,39400,-29.89,0,37550,39400,39400,551646,51920,53890,53430,49883,51474,55221,56068,58058,-7.27,-11.53,-19.15,-29.57,-33.16,-33.71,-37.53,-39.71
0,0.0,0,002790,아모레G,46.16,4.0,24700,36200,1444015,456015,40,202210141030,988000,0,0,0,1000000,0,202305030900,36200,46.16,0,0,0,0,0,23750,36200,-1.09,0,36200,36500,35400,198158,36270,38175,38797,38283,39531,39283,38243,37010,-4.89,-9.06,-18.43,-25.39,-29.27,-31.55,-34.74,-37.74
0,0.0,0,352820,하이브,147.82,6.39,116500,289500,2309723,1377723,8,202210141044,932000,0,0,0,1000000,0,202305030900,289500,147.82,0,0,0,0,0,109500,284500,5.37,0,285500,285000,269000,447119,268800,262000,243450,213695,205615,199710,192718,184023,-8.21,-12.96,-20.95,-29.8,-31.69,-30.63,-35.09,-39.62
0,0.0,0,086980,쇼박스,4.23,8.9,3425,3580,1038870,42195,291,202210141123,996675,0,0,0,1000000,0,202305030900,3580,4.23,0,0,0,0,0,3145,3600,3.9,0,3550,3645,3405,832334,3571,3513,3496,3476,3528,3584,3631,3663,-8.58,-10.23,-22.63,-29.53,-34.31,-34.48,-37.03,-38.8
0,0.0,0,036620,감성코퍼레이션,200.52,1.7,1495,4505,3001215,2002555,668,202211291044,998660,0,0,0,1000000,0,202306090952,4505,200.52,0,0,0,0,0,1470,4080,1.49,0,4100,4165,3950,1573751,3841,3623,3385,3075,2746,2578,2483,2380,-1.34,-0.31,0.5,-3.6,-4.61,-7.29,-7.78,-6.62
0,0.0,0,039440,에스티아이,-20.01,1.85,13750,11030,791907,-198093,72,202211291530,990000,0,0,0,1000000,0,202303130926,11030,-20.01,0,0,0,0,0,13500,11140,-4.38,0,11140,11560,11120,204710,11704,11901,12494,12655,12571,12861,12986,13003,-2.74,-4.19,-2.98,-0.19,-0.89,-3.73,-6.67,-9.23
0,0.0,0,095500,미래나노텍,-20.12,23.64,19350,15500,788257,-198593,51,202212231211,986850,0,0,0,1000000,0,202212291111,15500,-20.12,0,0,0,0,0,15650,15850,-7.31,0,15800,17050,15750,2341495,16720,16305,17195,19770,18146,17086,15585,14107,-0.76,-3.16,-13.2,-20.07,-12.69,-6.74,2.68,13.95
0,0.0,0,078070,유비쿼스홀딩스,-14.59,0.62,16100,13790,852565,-145635,62,202212231514,998200,0,0,0,1000000,0,202307120900,13790,-14.59,0,0,0,0,0,16000,13670,-0.44,0,13670,13730,13560,1868,13754,13762,13985,13691,13672,13800,14055,14368,0.25,0.0,0.64,5.4,9.14,8.33,6.34,5.01
0,0.0,0,138040,메리츠금융지주,2.69,3.43,43700,45000,987232,25832,22,202212290941,961400,0,0,0,1000000,0,202307180900,45000,2.69,0,0,0,0,0,42250,45400,-0.33,0,45400,45550,44700,344015,44740,43530,42895,43785,44139,43579,43341,43315,0.5,3.74,6.6,20.98,38.4,46.02,45.37,48.41
0,0.0,0,264850,이랜시스,3.37,1.09,2325,2410,1033404,33654,430,202301030906,999750,0,0,0,1000000,0,202307250900,2410,3.37,0,0,0,0,0,2300,2415,-3.21,0,2385,2520,2385,222559,2515,2575,2709,2723,2685,2717,2724,2713,-4.88,-8.22,-10.72,-13.2,-13.66,-15.61,-18.04,-18.66
0,0.0,0,148150,세경하이테크,46.54,2.59,3954,5810,1460091,463683,252,202301031217,996408,0,0,0,1000000,0,202307250900,5810,46.54,0,0,0,0,0,3854,5823,-3.91,0,5823,6157,5823,260288,6118,6154,6245,6312,6048,5929,5740,5541,-4.94,-8.49,-13.8,-13.92,-10.15,-14.4,-20.3,-24.0
0,0.0,0,015860,일진홀딩스,12.32,1.88,3800,4280,1122507,123107,263,202301031228,999400,0,0,0,1000000,0,202307250900,4280,12.32,0,0,0,0,0,3730,4260,-3.73,0,4260,4450,4240,208491,4408,4524,4589,4643,4620,4667,4598,4533,-4.41,-5.96,-8.87,-11.63,-10.71,-13.37,-19.44,-24.66
0,0.0,0,081000,일진다이아,-1.72,2.06,17300,17050,969127,-16973,57,202301110911,986100,0,0,0,1000000,0,202308010900,17050,-1.72,0,0,0,0,0,16950,17030,1.37,0,16940,17400,16900,34001,16804,17541,18362,19533,19718,19852,19582,19490,2.36,2.79,0.67,-0.64,1.57,1.08,-4.52,-7.64
0,0.0,0,092040,아미코젠,-10.7,2.86,9177,8218,885043,-106073,108,202301110912,991116,0,0,0,1000000,0,202308010900,8218,-10.7,0,0,0,0,0,8922,8329,0.06,0,8241,8426,8218,183987,8185,8354,8393,8647,8710,8576,8463,8538,-0.83,-1.36,-4.78,-4.56,-2.88,-3.8,-6.61,-9.39
0,0.0,0,084650,랩지노믹스,-20.02,1.21,3335,2675,797556,-199609,299,202301110928,997165,0,0,0,1000000,0,202303231443,2675,-20.02,0,0,0,0,0,3295,2760,-1.08,0,2740,2840,2720,781684,2786,2905,3032,3207,3241,3226,3264,3290,-1.14,1.24,2.17,2.1,-0.79,0.13,-0.6,-4.21
0,0.0,0,205470,휴마시스,-20.21,7.58,4824,3860,796753,-201815,207,202301110941,998568,0,0,0,1000000,0,202302010935,3860,-20.21,0,0,0,0,0,4484,4096,-1.13,0,4041,4452,4096,12706068,4370,4521,4409,4511,4554,4593,4348,4376,3.52,10.19,0.69,0.23,-4.48,2.8,4.05,0.44
0,0.0,0,336370,솔루스첨단소재,8.16,1.85,16550,17950,1073997,80997,60,202301110958,993000,0,0,0,1000000,0,202308010900,17950,8.16,0,0,0,0,0,16250,17925,2.87,0,17925,18225,17250,385802,17645,17380,17790,18432,18683,19534,19945,20408,3.64,5.35,3.03,-5.53,-5.73,-4.47,-8.39,-11.63
0,0.0,0,297890,HB솔루션,73.32,4.0,3251,5650,1729804,731747,307,202301111334,998057,0,0,0,1000000,0,202308010900,5650,73.32,0,0,0,0,0,3126,5330,-4.48,0,5490,5650,5300,1311962,5055,5050,4953,4565,4319,4170,4106,3992,1.7,1.74,-2.25,-7.74,-8.3,-10.06,-11.61,-10.75
0,0.0,0,003570,SNT다이내믹스,5.74,2.72,9450,10020,1049163,56913,105,202301111431,992250,0,0,0,1000000,0,202308010900,10020,5.74,0,0,0,0,0,9200,10060,3.39,0,10020,10190,9730,75441,9794,9853,10051,10136,10080,9835,9646,9655,3.0,0.95,0.36,-0.11,1.93,0.7,-2.58,-0.6
0,0.0,0,033100,제룡전기,114.76,3.06,10100,21750,2147394,1147494,99,202301120902,999900,0,0,0,1000000,0,202308010900,21750,114.76,0,0,0,0,0,9800,20950,5.65,0,21600,21800,20250,386782,20002,20025,20274,19026,17881,17213,16249,15383,-0.28,-5.21,-11.01,-13.08,-8.59,-5.57,-1.76,2.74
0,0.0,0,042420,네오위즈홀딩스,-20.1,4.82,30450,24400,778585,-195815,32,202301250934,974400,0,0,0,1000000,0,202306261505,24400,-20.1,0,0,0,0,0,29050,25200,-3.45,0,25050,26500,25100,30605,25640,25900,26510,26677,27430,28129,28582,28381,-1.79,2.45,9.76,4.93,4.01,7.52,4.26,1.78
0,0.0,0,000480,CR홀딩스,15.32,0.87,8336,9640,1143971,151987,119,202301260905,991984,0,0,0,1000000,0,202308160900,9640,15.32,0,0,0,0,0,8264,9740,0.0,0,9700,10050,9630,294231,10038,11776,16129,17915,15107,13904,13033,12284,1.04,1.57,3.04,1.71,2.25,2.82,2.87,2.88
0,0.0,0,075580,세진중공업,1.2,2.72,6050,6140,1010266,12016,165,202301260905,998250,0,0,0,1000000,0,202308160900,6140,1.2,0,0,0,0,0,5890,6000,-1.64,0,6170,6170,5870,348195,6108,6180,6318,6477,6449,6472,6369,6259,-1.57,-0.12,5.56,4.27,2.41,2.16,-2.71,-6.57
0,0.0,0,205470,휴마시스,-20.0,19.45,5428,4355,799047,-199705,184,202303130926,998752,0,0,0,1000000,0,202303160900,4355,-20.0,0,0,0,0,0,4544,4562,-2.96,0,4326,4840,4549,7445072,4694,4342,4094,4176,4266,4319,4467,4335,5.31,11.84,14.12,8.81,6.45,5.06,1.27,5.68
0,0.0,0,037710,광주신세계,-15.23,2.17,35350,30050,839022,-150778,28,202303150950,989800,0,0,0,1000000,0,202310050900,30050,-15.23,0,0,0,0,0,34600,30050,-1.64,0,30050,30450,29800,11785,30410,30490,30487,31291,31807,32210,32458,32532,-2.59,-3.43,-4.22,0.09,1.61,2.6,3.82,4.6
0,0.0,0,099190,아이센스,-20.02,8.45,19000,15240,790232,-197768,52,202303160955,988000,0,0,0,1000000,0,202305090939,15240,-20.02,0,0,0,0,0,17520,15770,-4.94,0,15890,16600,15540,272791,16622,16727,16653,17147,16839,16830,16749,16707,-0.18,-1.98,4.63,5.74,5.94,5.92,5.58,5.13
0,0.0,0,214320,이노션,4.99,0.24,20800,21900,1048265,49865,48,202303161021,998400,0,0,0,1000000,0,202310050900,21900,4.99,0,0,0,0,0,20750,21950,-0.23,0,21900,22075,21000,69370,21775,21680,21316,20981,20645,20370,20293,20260,-0.62,-2.24,-3.12,-4.34,-3.23,-3.13,-2.26,-1.89
0,0.0,0,088350,한화생명,12.43,3.24,2550,2875,1123864,124264,392,202303221052,999600,0,0,0,1000000,0,202310110900,2875,12.43,0,0,0,0,0,2470,2855,-1.38,0,2880,2960,2800,1714558,2880,2951,2865,2611,2548,2551,2553,2540,-1.98,-4.47,-7.33,-6.72,-7.91,-5.93,-2.89,0.1
0,0.0,0,064800,젬백스링크,-20.05,10.02,1362,1092,799254,-200454,734,202303221147,999708,0,0,0,1000000,0,202307240934,1092,-20.05,0,0,0,0,0,1238,1125,-3.02,0,1124,1169,1115,120076,1139,1163,1212,1255,1280,1310,1324,1340,-5.35,-10.46,-12.1,-12.21,-10.7,-5.67,-1.68,1.07
0,0.0,0,003200,일신방직,-20.47,2.01,13190,10520,786761,-202489,75,202303231445,989250,0,0,0,1000000,0,202306141402,10520,-20.47,0,0,0,0,0,12930,10900,-1.0,0,10900,11130,10630,87881,11080,11246,11451,12336,12550,12671,12222,11923,0.83,-0.09,-1.54,7.61,12.9,15.68,17.7,19.19
0,0.0,0,290690,소룩스,205.35,3.19,453,1387,3052847,2053076,2207,202303271502,999771,0,0,0,1000000,0,202305191001,1387,205.35,0,0,0,0,0,439,1094,0.0,0,1050,1205,1014,116720870,835,653,566,519,504,496,485,483,-2.31,-2.42,-6.18,-7.19,-5.01,-5.48,-6.59,-6.62
0,0.0,0,084650,랩지노믹스,51.72,2.08,2695,4100,1516919,517074,371,202303290946,999845,0,0,0,1000000,0,202310170900,4100,51.72,0,0,0,0,0,2640,4085,-5.55,0,4090,4250,3960,2982134,4266,4379,4794,5123,4996,4660,4333,4116,-1.57,-3.72,-9.52,-15.46,-17.9,-17.57,-18.23,-19.49
0,0.0,0,004020,현대제철,-11.89,1.16,34800,30750,858572,-115828,28,202304100904,974400,0,0,0,1000000,0,202310300900,30750,-11.89,0,0,0,0,0,34400,31000,-3.12,0,30800,32300,30900,560056,32060,32505,34407,36357,35959,35405,35094,35085,-1.26,0.13,1.5,-1.11,-0.58,1.28,1.75,3.59
0,0.0,0,005810,풍산홀딩스,-13.65,1.56,24215,20968,857261,-135554,41,202304100943,992815,0,0,0,1000000,0,202310300900,20968,-13.65,0,0,0,0,0,23843,21104,0.49,0,21104,21442,20968,11196,21218,21249,21396,22378,22818,23454,23684,23774,-1.23,-0.94,-3.09,4.19,9.83,13.36,16.01,18.94
0,0.0,0,024720,한국콜마홀딩스,-10.07,0.53,7551,6810,896388,-100344,132,202304181120,996732,0,0,0,1000000,0,202311070900,6810,-10.07,0,0,0,0,0,7511,6890,0.15,0,6820,7000,6860,26179,6812,6827,6868,6903,7112,7013,7020,7055,1.06,0.53,0.09,-2.72,-5.34,-5.42,-5.06,-3.59
0,0.0,0,012630,HDC,-4.42,1.35,6740,6460,953397,-44123,148,202304191018,997520,0,0,0,1000000,0,202311070900,6460,-4.42,0,0,0,0,0,6650,6370,-0.16,0,6470,6440,6350,36583,6298,6222,6192,6225,6175,6112,6178,6265,-2.0,-1.73,-0.98,1.08,3.91,6.9,8.38,9.43
0,0.0,0,084110,휴온스글로벌,1.38,1.45,21050,21400,1002986,13636,47,202304191131,989350,0,0,0,1000000,0,202311070900,21400,1.38,0,0,0,0,0,20750,21150,2.17,0,21400,21350,20900,8181,20516,20468,20740,21940,22790,22020,21722,21493,-0.29,1.55,4.06,2.98,0.49,1.98,2.89,4.33
0,0.0,0,043150,바텍,-20.0,2.77,38950,31250,779034,-194716,25,202304240918,973750,0,0,0,1000000,0,202310040909,31250,-20.0,0,0,0,0,0,37900,32050,-0.47,0,32000,32650,31700,23911,32470,33095,34050,34707,35630,35332,35644,36011,-1.64,0.78,8.74,14.11,12.77,13.19,14.28,14.79
0,0.0,0,205470,휴마시스,-20.03,1.59,3510,2815,797192,-199648,284,202304240946,996840,0,0,0,1000000,0,202305040902,2815,-20.03,0,0,0,0,0,3455,2840,-3.57,0,2805,2945,2840,3634624,2991,3224,3875,4274,4160,4227,4276,4319,-6.62,-15.25,-23.34,-21.71,-19.09,-19.57,-20.85,-22.07
0,0.0,0,058650,세아홀딩스,-8.31,0.97,114300,105100,838435,-75965,8,202304241530,914400,0,0,0,1000000,0,202311130900,105100,-8.31,0,0,0,0,0,113200,105700,2.13,0,105100,105800,102600,152,104780,105350,105100,104460,105223,106613,107853,108751,-0.6,0.59,1.78,2.49,4.04,5.29,4.94,5.37
0,0.0,0,214370,케어젠,-20.06,1.71,41600,33350,798129,-200271,24,202304250902,998400,0,0,0,1000000,0,202310101010,33350,-20.06,0,0,0,0,0,40900,36850,1.94,0,37000,37800,36150,114850,36960,37635,39660,39801,41700,42791,42031,42150,-4.17,-6.79,-3.46,3.5,7.0,15.54,21.66,29.32
0,0.0,0,000540,흥국화재,-9.02,1.07,3310,3020,909473,-90147,302,202304250941,999620,0,0,0,1000000,0,202311140900,3020,-9.02,0,0,0,0,0,3275,3020,0.33,0,3020,3120,3010,11924,3024,3033,3055,3108,3054,3046,3056,3087,-1.39,-0.32,1.21,-2.71,-4.51,-4.37,-2.83,-0.94
0,0.0,0,137310,에스디바이오센서,-20.13,4.17,21250,17020,797670,-201080,47,202304260921,998750,0,0,0,1000000,0,202305260907,17020,-20.13,0,0,0,0,0,20400,17180,-2.44,0,17180,17830,17180,514145,17550,18076,19583,20492,20861,22592,24022,25403,-5.29,-6.12,-4.68,-5.12,-13.54,-18.83,-23.22,-26.25
0,0.0,0,031980,피에스케이홀딩스,202.26,2.84,9420,28550,3018131,2019611,106,202304261005,998520,0,0,0,1000000,0,202307260935,28550,202.26,0,0,0,0,0,9160,25950,5.27,0,26000,26700,24250,676856,25310,24070,22587,18150,15304,13908,12916,12220,-2.95,-5.14,-6.13,-1.83,0.49,4.8,8.2,10.02
0,0.0,0,032300,한국파마,-20.18,1.71,20250,16210,792036,-200214,49,202304261059,992250,0,0,0,1000000,0,202307260948,16210,-20.18,0,0,0,0,0,19910,17040,-4.96,0,16860,17860,17040,42456,18132,17970,17932,18681,19111,19583,19817,20166,-5.6,-7.25,-5.16,-4.76,-6.29,-6.8,-8.66,-10.15
0,0.0,0,004690,삼천리,-20.39,-16.49,142800,114000,795735,-203865,7,202304270902,999600,0,0,0,1000000,0,202306140902,114000,-20.39,0,0,0,0,0,171000,114600,-2.88,0,114800,118500,114500,77020,119560,121320,125685,205662,307725,353981,378035,383333,-51.5,-60.44,-63.87,-64.96,-64.87,-64.2,-62.76,-61.01
0,0.0,0,093640,케이알엠,21.67,2.98,7950,9700,1209138,215388,125,202304271434,993750,0,0,0,1000000,0,202311140900,9700,21.67,0,0,0,0,0,7720,9690,-1.12,0,9670,9880,9680,102138,9812,9769,9787,9599,9252,8987,8940,8969,-6.54,-10.11,-17.6,-18.25,-21.29,-12.54,-3.68,4.68
0,0.0,0,064350,현대로템,-20.31,4.12,35350,28250,788755,-201045,28,202305030918,989800,0,0,0,1000000,0,202308180923,28250,-20.31,0,0,0,0,0,33950,28800,-2.7,0,28450,30050,28550,1536987,29440,29715,30585,33503,33229,33282,31994,30860,-1.54,3.13,13.49,22.97,25.62,25.23,24.6,23.65
0,0.0,0,003120,일성신약,-20.34,2.79,27600,22050,791547,-202053,36,202305031012,993600,0,0,0,1000000,0,202308170904,22050,-20.34,0,0,0,0,0,26850,22600,-4.03,0,22700,23700,22400,14901,23630,23920,24197,25192,25900,26153,26843,26816,1.63,0.43,-7.43,-5.98,1.47,11.08,17.2,20.74
0,0.0,0,060590,씨티씨바이오,-5.89,4.69,9600,9060,939593,-58807,104,202305041054,998400,0,0,0,1000000,0,202311210900,9060,-5.89,0,0,0,0,0,9170,8930,4.08,0,9070,9120,8560,110187,8732,8735,9187,10283,11057,10888,10639,10589,-5.25,-8.46,-10.03,-8.87,-4.92,3.73,8.85,11.74
0,0.0,0,032820,우리기술,-20.05,2.95,1569,1258,799073,-200380,637,202305041344,999453,0,0,0,1000000,0,202307261309,1258,-20.05,0,0,0,0,0,1524,1355,-1.74,0,1355,1378,1350,1195734,1411,1460,1459,1510,1524,1533,1507,1492,-2.82,-7.75,-3.68,1.76,3.78,4.01,5.71,5.13
0,0.0,0,205470,휴마시스,-20.3,2.14,2865,2290,796942,-202943,349,202305080907,999885,0,0,0,1000000,0,202306290907,2290,-20.3,0,0,0,0,0,2805,2315,-1.49,0,2315,2410,2305,2153277,2399,2440,2588,2688,3169,3518,3599,3736,-4.33,-10.41,-25.25,-33.73,-32.25,-33.3,-34.16,-34.8
0,0.0,0,207760,미스터블루,-20.19,1.96,2605,2085,796289,-201426,383,202305101128,997715,0,0,0,1000000,0,202307240906,2085,-20.19,0,0,0,0,0,2555,2145,-2.72,0,2140,2205,2120,504169,2219,2243,2279,2383,2452,2572,2632,2733,-1.5,-1.94,-7.3,-9.39,-11.81,-15.36,-17.81,-13.54
0,0.0,0,103590,일진전기,80.14,5.16,7317,13217,1792599,797487,136,202305110950,995112,0,0,0,1000000,0,202311280900,13217,80.14,0,0,0,0,0,6958,12933,-2.98,0,13226,13869,12857,1748006,12596,12075,12100,12585,12278,11562,11279,10800,-0.11,0.86,-0.39,6.82,17.43,23.07,25.65,27.92
0,0.0,0,128940,한미약품,2.52,0.33,296783,305122,912807,22458,3,202305120902,890349,0,0,0,1000000,0,202311290900,305122,2.52,0,0,0,0,0,295802,303160,1.31,0,304141,312971,298745,81042,298745,297812,293545,290197,289874,291337,287791,291411,-4.53,-4.62,-5.22,2.01,5.81,7.79,7.55,8.94
0,0.0,0,001390,KG케미칼,-2.75,3.0,6870,6700,968776,-27374,145,202305121320,996150,0,0,0,1000000,0,202311290900,6700,-2.75,0,0,0,0,0,6670,6640,-0.45,0,6700,6760,6610,343603,6652,6638,6506,6523,7012,7438,7828,7842,-5.66,-14.75,-27.36,-20.52,-9.21,-0.14,7.43,11.84
0,0.0,0,214450,파마리서치,5.66,3.28,100700,106700,957619,51319,9,202305151100,906300,0,0,0,1000000,0,202312040900,106700,5.66,0,0,0,0,0,97500,106300,-1.94,0,107500,109800,105800,66304,109420,111230,114985,115062,118151,124073,124884,126885,-2.64,-3.45,-2.32,10.61,16.83,19.76,23.62,26.81
0,0.0,0,099190,아이센스,40.44,6.16,16190,22800,1386966,399376,61,202305170903,987590,0,0,0,1000000,0,202312050900,22800,40.44,0,0,0,0,0,15250,22850,-0.22,0,22850,22950,22250,184171,23030,22685,22200,23156,25470,26862,27341,26646,0.58,-2.98,-6.36,-9.01,-9.76,-8.71,-8.52,-8.4
0,0.0,0,211270,AP위성,-20.02,3.73,16980,13620,787719,-197121,58,202305171152,984840,0,0,0,1000000,0,202306230922,13620,-20.02,0,0,0,0,0,16370,13680,-0.87,0,13650,13930,13650,70371,13988,14049,14506,16070,17795,18475,18000,16673,-6.35,-6.69,-9.94,-18.67,-17.58,-11.16,-2.26,4.02
0,0.0,0,161580,필옵틱스,-20.36,5.69,10580,8450,792046,-202474,94,202305191133,994520,0,0,0,1000000,0,202310200906,8450,-20.36,0,0,0,0,0,10010,8760,-2.88,0,8530,8940,8610,201220,9260,9509,10471,10146,10192,11093,10925,10716,1.93,2.37,3.55,1.53,3.26,7.47,12.42,15.49
0,0.0,0,000100,유한양행,11.12,0.34,56947,63456,1075748,107649,17,202305260947,968099,0,0,0,1000000,0,202312130900,63456,11.12,0,0,0,0,0,56756,62690,0.15,0,62786,63456,62212,239118,62479,60785,60187,58911,63479,65184,65522,63935,0.34,1.73,2.43,5.21,8.34,9.48,9.35,8.51
0,0.0,0,035080,그래디언트,-20.11,2.96,19160,15350,795935,-200385,52,202305301154,996320,0,0,0,1000000,0,202307240902,15350,-20.11,0,0,0,0,0,18610,15500,-2.27,0,15500,15860,15430,37855,15792,16206,16901,18285,17736,17164,16677,16592,-5.09,-2.67,9.0,14.79,18.3,17.63,18.07,17.97
0,0.0,0,033500,동성화인텍,-1.11,2.55,12060,11960,977973,-10947,82,202306050925,988920,0,0,0,1000000,0,202312260900,11960,-1.11,0,0,0,0,0,11760,11950,0.67,0,11950,12020,11870,125063,12022,12304,12520,12239,12116,12332,12666,12849,1.41,1.21,2.06,4.1,6.02,6.01,6.15,6.4
0,0.0,0,247540,에코프로비엠,-20.01,2.61,275500,221000,661119,-165381,3,202306131311,826500,0,0,0,1000000,0,202310101458,221000,-20.01,0,0,0,0,0,268500,235500,0.86,0,235500,239000,232500,345976,242300,261100,274700,300787,320791,306493,293735,289341,0.9,4.84,9.58,5.55,8.76,17.53,31.05,43.64
0,0.0,0,035900,JYP Ent.,-20.02,2.03,135900,109000,760835,-190465,7,202306140906,951300,0,0,0,1000000,0,202308221329,109000,-20.02,0,0,0,0,0,133200,110400,-1.87,0,110400,113000,110200,565038,115100,121570,126250,128130,128548,121506,113339,106773,2.05,4.14,10.34,26.84,40.45,48.08,54.93,61.13
0,0.0,0,004360,세방,-20.01,2.26,14000,11230,795068,-198932,71,202306140934,994000,0,0,0,1000000,0,202307241216,11230,-20.01,0,0,0,0,0,13690,11550,-1.03,0,11470,11690,11390,134244,11662,11746,11997,12958,14152,21823,26285,29724,-3.06,-5.1,-8.01,-35.9,-53.36,-58.5,-61.45,-60.88
0,0.0,0,051910,LG화학,-21.33,3.05,744000,587000,585333,-158667,1,202306161023,744000,0,0,0,1000000,0,202308160900,587000,-21.33,0,0,0,0,0,722000,597000,-4.02,0,584000,619000,596000,361375,619600,628900,657800,669775,687083,698075,706270,704741,-1.77,-0.95,0.58,-1.06,-0.87,0.21,1.64,3.92
0,0.0,0,108320,LX세미콘,-20.89,2.11,121000,96000,765820,-202180,8,202306261210,968000,0,0,0,1000000,0,202307270914,96000,-20.89,0,0,0,0,0,118500,107900,-3.49,0,99500,112000,107100,204706,112080,115180,117020,117580,114215,111812,108631,105861,-2.15,-1.03,1.6,6.08,8.03,12.35,15.72,20.92
0,0.0,0,001790,대한제당,-20.0,11.32,3490,2800,798528,-199612,286,202306300900,998140,0,0,0,1000000,0,202308170907,2800,-20.0,0,0,0,0,0,3135,2885,-4.63,0,2845,3020,2870,1068497,3004,2982,3011,3192,3353,3381,3255,3165,-4.71,-10.98,-13.27,-12.77,-7.58,-2.12,0.21,2.44
0,0.0,0,035890,서희건설,-9.81,2.97,1454,1315,900861,-98037,687,202306301003,998898,0,0,0,1000000,0,202401170900,1315,-9.81,0,0,0,0,0,1412,1314,-0.3,0,1301,1319,1303,140057,1329,1341,1353,1365,1367,1367,1367,1365,-2.79,-5.57,-5.48,-0.99,2.67,6.15,8.99,10.66
0,0.0,0,017390,서울가스,-10.06,1.84,66300,59800,894474,-100026,15,202306301159,994500,0,0,0,1000000,0,202401170900,59800,-10.06,0,0,0,0,0,65100,59800,0.34,0,59600,61000,59600,15390,60080,60600,60400,60412,60628,61567,62641,63597,-2.95,-5.78,-11.84,-22.31,-66.52,-75.71,-78.99,-80.54
0,0.0,0,004690,삼천리,-20.07,1.65,110900,88900,797830,-200270,9,202307050937,998100,0,0,0,1000000,0,202401220913,88900,-20.07,0,0,0,0,0,109100,89700,-0.44,0,89600,90600,89400,11641,90820,91780,93085,94542,94506,95475,97550,99660,1.66,1.66,-2.27,-9.66,-47.33,-61.35,-66.29,-68.59
0,0.0,0,010060,OCI홀딩스,-9.06,1.04,106800,97400,874133,-87067,9,202307100906,961200,0,0,0,1000000,0,202401290900,97400,-9.06,0,0,0,0,0,105700,98300,-0.41,0,98600,99700,97900,65837,98060,97930,102345,100995,101293,99596,98113,98714,-3.56,-4.82,-0.85,6.04,8.67,14.08,18.32,22.27
0,0.0,0,016590,신대양제지,7.68,0.38,5260,5680,1076190,76790,190,202307101116,999400,0,0,0,1000000,0,202401290900,5680,7.68,0,0,0,0,0,5240,5680,-0.18,0,5680,5720,5650,11885,5624,5704,5732,5750,5709,5610,5612,5598,-0.8,0.92,-0.62,-6.27,-20.13,-25.69,-28.55,-30.56
0,0.0,0,012030,DB,-20.09,3.41,2125,1703,798139,-200611,470,202307121047,998750,0,0,0,1000000,0,202309110917,1703,-20.09,0,0,0,0,0,2055,1722,0.35,0,1711,1737,1705,565508,1735,1770,1803,1932,2018,2012,2010,1990,-1.55,-3.73,-6.66,-1.19,-0.95,2.79,9.22,19.15
0,0.0,0,027360,아주IB투자,14.25,1.32,2300,2635,1140410,142210,434,202307200900,998200,0,0,0,1000000,0,202402060900,2635,14.25,0,0,0,0,0,2270,2670,-2.2,0,2640,2725,2645,245078,2696,2693,2753,2700,2521,2418,2361,2341,-0.61,1.18,-0.24,-2.79,-1.17,-1.59,-2.66,-4.65
0,0.0,0,138040,메리츠금융지주,43.31,2.2,48850,70200,1400133,423133,20,202307250900,977000,0,0,0,1000000,0,202402140900,70200,43.31,0,0,0,0,0,47800,71200,-0.84,0,71200,73400,71000,374373,70020,68990,64925,61247,59578,57541,56915,56187,2.73,4.74,9.11,8.69,7.76,8.68,9.81,10.18
0,0.0,0,003030,세아제강지주,6.27,3.65,193300,206000,1027126,60626,5,202307250901,966500,0,0,0,1000000,0,202402140900,206000,6.27,0,0,0,0,0,186500,208500,-0.48,0,205500,214500,205500,7405,208500,210750,207445,217462,209001,205737,206003,202842,-2.56,-4.76,-5.57,0.77,6.2,11.44,14.24,15.11
0,0.0,0,011200,HMM,-20.08,6.93,17430,13970,794031,-199479,57,202307260910,993510,0,0,0,1000000,0,202310201506,13970,-20.08,0,0,0,0,0,16300,14900,-0.47,0,14760,15160,14600,1323000,14724,14967,15794,16330,16794,17307,17566,17933,-11.77,-13.32,-13.13,-12.96,-13.74,-15.61,-16.75,-18.56
0,0.0,0,205470,휴마시스,-20.03,5.91,2060,1652,798947,-200153,485,202307270920,999100,0,0,0,1000000,0,202402061054,1652,-20.03,0,0,0,0,0,1945,1711,-0.47,0,1706,1734,1711,768586,1737,1777,1804,1907,1980,2021,2073,2174,-9.03,-10.33,-14.51,-20.01,-23.75,-33.97,-40.52,-42.44
0,0.0,0,131370,알서포트,31.73,3.51,3240,4280,1314597,316677,308,202307281227,997920,0,0,0,1000000,0,202402140900,4280,31.73,0,0,0,0,0,3130,4310,1.53,0,4265,4400,4260,657950,4375,4544,4775,4293,4125,4009,3940,3841,-4.69,-9.58,-12.72,-16.72,-18.2,-19.56,-22.02,-24.32
0,0.0,0,000370,한화손해보험,41.29,1.35,3755,5320,1411220,412390,266,202307310911,998830,0,0,0,1000000,0,202402190900,5320,41.29,0,0,0,0,0,3705,5310,4.12,0,5240,5330,5000,1762885,5308,5260,4645,4317,4231,4213,4265,4248,-0.59,-3.45,-5.3,-7.4,-10.42,-11.65,-13.02,-13.57
0,0.0,0,297890,HB솔루션,-20.01,0.98,5130,4115,796045,-199175,194,202308101448,995220,0,0,0,1000000,0,202311271223,4115,-20.01,0,0,0,0,0,5080,4230,-4.62,0,4270,4435,4215,1368744,4396,4424,4586,4801,5020,5058,5024,4873,4.33,-0.23,1.34,7.48,13.06,18.92,20.56,24.45
0,0.0,0,137310,에스디바이오센서,-20.09,2.82,12030,9640,797850,-200640,83,202308170927,998490,0,0,0,1000000,0,202310270942,9640,-20.09,0,0,0,0,0,11700,9820,-4.75,0,9900,10130,9800,406661,10116,10322,10496,11433,11786,11809,12431,13546,-5.96,-10.54,-6.31,-5.67,-14.33,-23.75,-29.26,-33.13
0,0.0,0,036570,엔씨소프트,-20.07,-0.4,252000,202000,604281,-151719,3,202308181414,756000,0,0,0,1000000,0,202401170917,202000,-20.07,0,0,0,0,0,253000,206500,-4.4,0,205500,216000,206000,165795,217300,221300,229875,243537,243608,240400,242400,247220,-2.5,-5.23,-6.75,-10.22,-14.39,-19.86,-22.73,-25.71
0,0.0,0,003120,일성신약,-1.62,2.06,22300,22000,965288,-15912,44,202308210945,981200,0,0,0,1000000,0,202403110900,22000,-1.62,0,0,0,0,0,21850,22000,-0.9,0,22000,22250,21750,13738,22470,22980,23205,22538,23083,22672,22263,22159,-4.71,-6.98,-8.57,-12.41,-15.09,-16.07,-18.2,-18.52
0,0.0,0,000480,CR홀딩스,-20.49,3.3,8440,6730,791886,-204034,118,202308240922,995920,0,0,0,1000000,0,202310200909,6730,-20.49,0,0,0,0,0,8170,6860,-3.24,0,6780,7140,6810,42820,7054,7049,7296,7823,10157,12770,12187,11827,-3.68,-10.27,-32.65,-51.98,-45.72,-40.3,-37.26,-33.54
0,0.0,0,001040,CJ,35.71,0.89,67900,92400,1290029,339429,14,202308250904,950600,0,0,0,1000000,0,202403130900,92400,35.71,0,0,0,0,0,67300,92100,-0.75,0,92700,93900,91200,85577,94020,94780,97945,95795,95905,95020,92579,91443,-3.11,-7.2,-3.29,1.03,-5.42,-11.16,-17.71,-20.05
0,0.0,0,035900,JYP Ent.,-20.07,0.36,111400,89300,712373,-178827,8,202308250951,891200,0,0,0,1000000,0,202401151433,89300,-20.07,0,0,0,0,0,111000,96600,-3.78,0,95500,101700,95800,426244,100900,101640,100175,97620,99655,102191,103826,108100,0.45,-4.48,-9.54,-12.55,-13.44,-9.28,-2.9,3.18
0,0.0,0,001200,유진투자증권,2.83,4.43,4005,4130,1025495,28250,249,202309050920,997245,0,0,0,1000000,0,202403260900,4130,2.83,0,0,0,0,0,3835,4090,-0.97,0,4130,4245,4075,423054,4041,4166,4160,4049,3865,3861,3942,3941,-5.4,-6.07,-4.19,-5.77,-2.98,0.79,7.69,13.71
0,0.0,0,000430,대원강업,-9.85,2.32,5730,5180,898782,-98238,174,202309120912,997020,0,0,0,1000000,0,202404020900,5180,-9.85,0,0,0,0,0,5600,5180,0.78,0,5180,5180,5130,106949,5238,5293,5390,5565,5482,5421,5397,5346,-2.54,-5.71,-5.76,-13.31,-7.2,0.09,5.01,11.17
0,0.0,0,001230,동국홀딩스,-21.3,0.72,11150,8800,780976,-211374,89,202309140902,992350,0,0,0,1000000,0,202310190900,8800,-21.3,0,0,0,0,0,11070,8980,-2.92,0,8750,9540,8980,60374,9280,9445,10245,10862,11760,13079,12595,12188,-2.48,-5.05,-3.56,-11.57,-21.06,-16.03,-11.98,-9.53
0,0.0,0,004360,세방,-0.36,1.28,11900,11890,995963,-3637,84,202309140935,999600,0,0,0,1000000,0,202404020900,11890,-0.36,0,0,0,0,0,11750,11890,0.76,0,11890,11900,11760,37335,11910,11949,12096,12647,12281,12272,12120,11871,-1.33,-2.38,-0.66,-0.14,-1.29,-6.07,-16.26,-39.11
0,0.0,0,005950,이수화학,-20.01,1.85,17090,13710,792924,-198296,58,202309141043,991220,0,0,0,1000000,0,202310200902,13710,-20.01,0,0,0,0,0,16780,13960,-5.93,0,13740,14740,13920,153402,14736,14728,15312,16749,18381,20467,21976,21820,-4.59,-8.91,-8.17,-16.72,-25.12,-29.17,-27.68,-28.31
0,0.0,0,073570,리튬포어스,-20.0,2.21,12490,10020,799326,-199874,80,202309141442,999200,0,0,0,1000000,0,202310160945,10020,-20.0,0,0,0,0,0,12220,10180,-5.04,0,10100,11190,10100,420483,10374,10574,11329,13003,14984,16690,17873,18804,-2.74,-8.35,-13.56,-24.01,-31.81,-36.4,-38.2,-42.21
0,0.0,0,032190,다우데이타,-20.0,2.19,14010,11240,795776,-198934,71,202309150902,994710,0,0,0,1000000,0,202310240931,11240,-20.0,0,0,0,0,0,13710,11310,-11.01,0,11400,12460,11310,689580,12740,13099,12983,13401,13409,13322,13577,14030,-0.64,-1.5,-0.42,1.09,2.05,-0.54,-6.77,-33.03
0,0.0,0,001270,부국증권,7.77,1.36,22300,24100,1057443,76243,44,202309200952,981200,0,0,0,1000000,0,202404090900,24100,7.77,0,0,0,0,0,22000,23750,0.0,0,24100,24100,23450,1908,23910,24500,25312,25655,24709,23933,23530,23163,-0.5,-0.14,0.07,0.28,1.27,1.74,3.18,4.35
0,0.0,0,316140,우리금융지주,6.66,-0.08,12500,13370,1066616,66616,80,202309220953,1000000,0,0,0,1000000,0,202404110900,13370,6.66,0,0,0,0,0,12510,13910,-0.86,0,13440,14130,13860,1166510,13928,14128,14564,14567,14182,13838,13620,13398,-0.26,1.39,3.62,5.99,6.46,5.97,5.93,6.39
0,0.0,0,012030,DB,-18.45,3.52,1822,1490,814206,-184250,548,202309250921,998456,0,0,0,1000000,0,202404150900,1490,-18.45,0,0,0,0,0,1760,1507,-0.2,0,1500,1515,1500,150185,1514,1529,1550,1565,1581,1604,1621,1631,0.89,1.24,0.33,-4.0,-9.08,-12.02,-10.7,-12.75
0,0.0,0,000500,가온전선,136.11,3.35,18627,44100,2330958,1343727,53,202309260946,987231,0,0,0,1000000,0,202404160900,44100,136.11,0,0,0,0,0,18024,45100,1.01,0,44250,45900,43000,1506009,39850,34180,31610,29092,27031,25564,24534,23102,-5.27,-6.26,-9.65,-13.48,-12.43,-10.45,-7.65,-4.63
0,0.0,0,018470,조일알미늄,5.24,1.95,2350,2480,1051057,52307,425,202309271441,998750,0,0,0,1000000,0,202404160900,2480,5.24,0,0,0,0,0,2305,2425,8.99,0,2465,2560,2350,44380197,2178,2108,2067,2049,2038,2049,2062,2068,-4.04,-7.43,-10.33,-15.5,-19.71,-20.37,-19.47,-21.73
0,0.0,0,043370,피에이치에이,9.34,2.18,9850,10800,1087760,92910,101,202310051021,994850,0,0,0,1000000,0,202404230900,10800,9.34,0,0,0,0,0,9640,10770,1.41,0,10770,10920,10580,55497,10584,10650,10825,11171,11288,10889,10540,10350,0.65,1.99,5.03,3.88,-1.6,-2.99,-3.49,-0.67
0,0.0,0,031980,피에스케이홀딩스,122.28,7.11,21850,48700,2185545,1202295,45,202310051332,983250,0,0,0,1000000,0,202404230900,48700,122.28,0,0,0,0,0,20400,47950,-7.25,0,48200,50600,44950,927569,49050,46380,46007,43942,39875,36477,34359,33661,-3.59,-10.41,-19.74,-21.74,-21.07,-13.75,-2.56,7.18
0,0.0,0,005160,동국산업,55.87,1.93,4760,7440,1558110,558510,210,202310061011,999600,0,0,0,1000000,0,202404240900,7440,55.87,0,0,0,0,0,4670,7180,-2.97,0,7450,7640,7100,416192,7478,7614,8355,8305,7512,6901,6503,6188,-3.91,-7.18,-11.06,-14.95,-20.44,-23.01,-23.62,-27.44
0,0.0,0,073570,리튬포어스,-20.07,7.05,10480,8400,795736,-199864,95,202310170910,995600,0,0,0,1000000,0,202310261122,8400,-20.07,0,0,0,0,0,9790,8940,-7.36,0,8600,9710,8840,411126,9528,10231,10484,11936,13563,15493,16988,17657,-4.39,-6.27,-12.54,-23.71,-33.74,-40.67,-44.9,-47.44
0,0.0,0,051900,LG생활건강,-20.16,2.29,424000,339500,677073,-170927,2,202310170928,848000,0,0,0,1000000,0,202310270908,339500,-20.16,0,0,0,0,0,414500,391000,-2.13,0,373000,402000,390500,83595,388800,399300,417600,440775,443883,445056,458810,478175,-1.57,-3.56,-6.71,-8.25,-7.98,-8.94,-12.25,-16.15
0,0.0,0,126700,하이비젼시스템,30.57,1.92,17490,22900,1301691,304761,57,202310230934,996930,0,0,0,1000000,0,202405130900,22900,30.57,0,0,0,0,0,17160,22900,-2.76,0,22900,23700,22700,417188,23610,22285,21712,22107,22742,22255,21648,21301,-5.78,-7.41,-8.13,-11.99,-13.73,-14.16,-14.66,-14.03
0,0.0,0,094480,갤럭시아머니트리,200.49,2.93,4215,12700,3001774,2002819,237,202310230942,998955,0,0,0,1000000,0,202312050946,12700,200.49,0,0,0,0,0,4095,11350,24.59,0,11980,11750,9410,20031957,8610,7651,7208,5938,5645,5521,5511,5570,-4.7,-7.24,-12.67,-17.69,-18.17,-21.33,-23.74,-25.09
0,0.0,0,200880,서연이화,30.13,3.54,14330,18700,1286732,297962,69,202310231007,988770,0,0,0,1000000,0,202405130900,18700,30.13,0,0,0,0,0,13840,18600,0.32,0,18710,18600,18220,159138,18538,18482,18155,18642,19108,18875,18559,18196,-7.77,-9.42,-12.05,-11.02,-21.96,-26.64,-26.23,-25.37
0,0.0,0,161580,필옵틱스,201.14,4.31,8710,26300,2990106,1997166,114,202310231024,992940,0,0,0,1000000,0,202404030944,26300,201.14,0,0,0,0,0,8350,23250,2.88,0,22150,24700,22900,11300937,20506,17764,16250,13748,12246,11685,11282,10928,-6.68,-11.09,-18.71,-17.61,-17.51,-24.54,-23.44,-22.0
0,0.0,0,001230,동국홀딩스,-2.22,2.7,8750,8580,975378,-22122,114,202310240900,997500,0,0,0,1000000,0,202405140900,8580,-2.22,0,0,0,0,0,8520,8550,0.47,0,8520,8590,8480,81089,8524,8449,8313,8241,8348,8343,8396,8507,-3.62,-6.5,-13.59,-20.19,-25.28,-33.36,-32.14,-29.78
0,0.0,0,035720,카카오,20.54,2.9,39050,47200,1176727,200477,25,202310241350,976250,0,0,0,1000000,0,202405140900,47200,20.54,0,0,0,0,0,37950,47000,-1.67,0,47200,47750,47000,989961,48580,48480,48187,50248,52049,53019,53525,52954,-6.11,-8.81,-11.62,-17.07,-20.14,-21.37,-23.47,-25.37
0,0.0,0,061970,LB세미콘,14.15,2.81,6220,7120,1136032,140832,160,202310241402,995200,0,0,0,1000000,0,202405140900,7120,14.15,0,0,0,0,0,6050,7140,-0.28,0,7040,7260,7120,273322,7376,7361,7373,7643,7592,7611,7594,7515,-1.72,-2.14,-2.69,-8.0,-12.88,-17.2,-19.16,-19.61
0,0.0,0,007660,이수페타시스,67.96,7.86,24700,41600,1659442,671442,40,202310241506,988000,0,0,0,1000000,0,202405140900,41600,67.96,0,0,0,0,0,22900,41300,0.49,0,41600,42200,40800,1193295,41470,40330,39092,39242,37264,35266,34133,33381,-8.58,-14.3,-15.66,-22.5,-26.79,-26.87,-20.03,-10.08
0,0.0,0,078930,GS,11.9,1.66,39700,44550,1110650,118150,25,202310250921,992500,0,0,0,1000000,0,202405140900,44550,11.9,0,0,0,0,0,39050,44500,-0.11,0,44800,44750,43750,77727,44240,44195,43842,46587,47190,46585,45540,45002,-1.31,-1.59,-1.44,-0.83,0.07,1.47,1.41,0.92
0,0.0,0,066790,씨씨에스,210.83,18.02,1362,4245,3107423,2107715,734,202310250954,999708,0,0,0,1000000,0,202311140900,4245,210.83,0,0,0,0,0,1154,3610,0.0,0,3880,3610,3610,0,3497,3148,2375,1736,1333,1128,1013,942,-25.17,-29.5,-16.77,18.32,40.71,53.63,61.36,66.5
0,0.0,0,314930,바이오다인,-5.27,-0.42,9632,9150,939804,-52292,103,202310261445,992096,0,0,0,1000000,0,202405140900,9150,-5.27,0,0,0,0,0,9673,9050,-0.55,0,9050,9360,8950,98162,9076,9040,8890,9287,10152,10304,10705,10672,-1.11,-6.61,-13.61,-21.81,-19.94,-14.65,-9.11,-4.11
0,0.0,0,281740,레이크머티리얼즈,79.05,0.86,11780,21150,1771744,782224,84,202310271026,989520,0,0,0,1000000,0,202405160900,21150,79.05,0,0,0,0,0,11680,20800,2.21,0,21200,21050,20300,388695,20940,21885,21942,24083,23683,21831,21029,19794,-5.97,-9.59,-12.57,-19.24,-25.05,-30.32,-32.54,-30.49
0,0.0,0,000480,CR홀딩스,-2.49,2.1,6330,6190,969106,-24704,157,202310300902,993810,0,0,0,1000000,0,202405200900,6190,-2.49,0,0,0,0,0,6200,6230,-0.48,0,6190,6300,6170,27260,6210,6168,6037,6019,6125,6111,6157,6226,-3.22,-7.06,-10.27,-17.49,-28.0,-48.05,-48.47,-46.55
0,0.0,0,148150,세경하이테크,-20.2,0.4,4245,3397,796030,-201545,235,202310300922,997575,0,0,0,1000000,0,202310311508,3397,-20.2,0,0,0,0,0,4228,4228,0.0,0,4228,4325,4171,103344,4304,4374,4343,4482,4719,5062,5338,5393,-2.28,-3.98,-2.82,-5.81,-10.87,-16.95,-21.14,-21.76
0,0.0,0,036200,유니셈,46.74,4.2,7190,10580,1466573,467163,139,202311010906,999410,0,0,0,1000000,0,202405210900,10580,46.74,0,0,0,0,0,6900,10400,2.26,0,10580,10400,10000,520906,10018,10239,10544,9883,9425,9113,8972,8815,-3.79,-5.43,-5.97,-12.02,-15.39,-17.75,-17.85,-17.13
0,0.0,0,003960,사조대림,58.43,3.01,29050,46150,1564794,577094,34,202311080905,987700,0,0,0,1000000,0,202405280900,46150,58.43,0,0,0,0,0,28200,46200,0.43,0,46250,47000,45300,35888,45800,44655,41637,38410,37732,37370,36293,35692,-0.39,0.79,1.75,2.51,1.67,3.74,3.81,2.79
0,0.0,0,194370,제이에스코퍼레이션,1.01,1.37,16990,17210,995387,9967,58,202311101140,985420,0,0,0,1000000,0,202405290900,17210,1.01,0,0,0,0,0,16760,17400,-1.14,0,17390,18020,17200,50227,17944,17995,17919,17906,17513,17882,17916,17745,-1.93,-1.16,11.96,22.36,23.81,24.5,24.14,25.62
0,0.0,0,065350,신성델타테크,200.93,7.17,34400,103800,3002073,2004473,29,202311131443,997600,0,0,0,1000000,0,202402051453,103800,200.93,0,0,0,0,0,32100,86300,16.31,0,87000,91300,75700,5173786,78780,78500,70255,55123,49744,48555,48709,48482,-5.23,-10.41,-21.7,-29.71,-32.36,-19.82,-6.06,5.52
0,0.0,0,046440,KG모빌리언스,3.7,1.52,5010,5210,1033893,36903,199,202311140918,996990,0,0,0,1000000,0,202406040900,5210,3.7,0,0,0,0,0,4935,5210,0.77,0,5230,5300,5110,78561,5134,5158,5163,5063,5138,5249,5261,5306,-1.87,-1.2,-0.14,-3.88,-6.68,-9.49,-13.29,-13.83
0,0.0,0,005950,이수화학,-17.06,3.69,13490,11220,827930,-170330,74,202311140956,998260,0,0,0,1000000,0,202406040900,11220,-17.06,0,0,0,0,0,13010,11090,1.09,0,11130,11170,10980,58421,11052,11180,11492,11748,12470,12682,12694,12836,-4.62,-2.47,-2.59,-10.32,-17.83,-25.88,-33.51,-37.12
0,0.0,0,073570,리튬포어스,-20.2,6.17,8260,6610,797541,-201919,121,202311141030,999460,0,0,0,1000000,0,202311300900,6610,-20.2,0,0,0,0,0,7780,6720,-0.3,0,6700,6820,6640,273282,6952,7147,7853,8818,10049,11525,13338,14910,-8.77,-9.46,-14.99,-23.52,-32.96,-41.8,-48.24,-52.36
0,0.0,0,139130,DGB금융지주,-1.85,1.6,8270,8140,974063,-18337,120,202311141047,992400,0,0,0,1000000,0,202406040900,8140,-1.85,0,0,0,0,0,8140,8170,-0.85,0,8130,8250,8150,335550,8192,8232,8290,8306,8495,8682,8640,8598,0.74,1.51,0.46,0.9,3.7,5.56,6.8,8.0
0,0.0,0,010120,LS ELECTRIC,205.51,3.19,67900,208000,2904141,1953541,14,202311150900,950600,0,0,0,1000000,0,202405200909,208000,205.51,0,0,0,0,0,65800,192000,-2.59,0,194100,198600,183500,975298,182160,173900,166930,137310,116491,104233,97730,93657,-0.42,-1.3,-6.7,-19.29,-23.82,-26.56,-25.09,-22.16
0,0.0,0,322000,HD현대에너지솔루션,32.43,7.81,24850,33000,1316353,322353,40,202311150923,994000,0,0,0,1000000,0,202406040900,33000,32.43,0,0,0,0,0,23050,33550,-5.89,0,33050,36200,32900,621695,35560,32965,29292,26697,25438,25123,25202,25377,-0.13,0.2,-0.52,-7.57,-14.15,-19.89,-24.87,-28.9
0,0.0,0,023410,유진기업,-2.47,1.11,3645,3565,974072,-24658,274,202311211010,998730,0,0,0,1000000,0,202406110900,3565,-2.47,0,0,0,0,0,3605,3565,-0.28,0,3565,3590,3535,208746,3537,3497,3518,3513,3586,3620,3581,3565,-0.72,0.06,1.92,3.03,2.11,2.88,3.17,2.65
0,0.0,0,033270,유나이티드제약,-5.0,0.8,25350,24150,939206,-49444,39,202311280929,988650,0,0,0,1000000,0,202406180900,24150,-5.0,0,0,0,0,0,25150,24250,1.46,0,24150,24450,23750,31642,24050,24105,24225,24043,23847,23806,24027,24323,-0.51,0.5,1.06,1.65,-1.73,-4.03,-3.26,-1.45
0,0.0,0,005810,풍산홀딩스,18.79,1.01,23674,28200,1181112,186804,42,202311281041,994308,0,0,0,1000000,0,202406180900,28200,18.79,0,0,0,0,0,23437,27950,-0.53,0,28100,28250,27800,23680,27900,28050,28922,29902,29862,29839,28863,28185,-0.35,0.76,1.4,5.37,3.73,2.56,0.33,-0.59
0,0.0,0,060570,드림어스컴퍼니,-13.84,4.39,3090,2670,859975,-138095,323,202311291408,998070,0,0,0,1000000,0,202406180900,2670,-13.84,0,0,0,0,0,2960,2680,-1.29,0,2670,2725,2670,41777,2711,2707,2707,2763,2824,2928,2992,2987,-3.24,-3.11,-0.38,1.25,-3.35,-5.08,-6.57,-7.11
0,0.0,0,217820,원익피앤이,-20.04,1.29,6260,5020,795916,-199424,159,202311300954,995340,0,0,0,1000000,0,202404191121,5020,-20.04,0,0,0,0,0,6180,5200,1.17,0,5200,5250,5090,82707,5168,5300,5582,5725,5828,5911,5970,6070,-1.75,-2.29,-4.45,-6.47,-10.61,-18.36,-19.89,-22.3
0,0.0,0,001940,KISCO홀딩스,-9.31,1.14,22100,20100,901954,-92546,45,202311301352,994500,0,0,0,1000000,0,202406180900,20100,-9.31,0,0,0,0,0,21850,20100,1.01,0,20050,20150,19900,21223,19974,20057,20573,21614,22123,23235,23850,23990,-0.18,0.16,1.13,2.32,6.54,9.94,12.55,13.85
0,0.0,0,073570,리튬포어스,-25.99,1.16,6130,4550,739535,-259655,163,202312061103,999190,0,0,0,1000000,0,202402010900,4550,-25.99,0,0,0,0,0,6060,5120,-4.83,0,4550,5500,5120,462290,5200,5508,6335,6594,6951,7611,8512,9695,-6.08,-10.08,-17.11,-28.07,-36.38,-44.71,-52.31,-57.6
0,0.0,0,067280,멀티캠퍼스,-3.31,1.7,32950,31950,955812,-32688,30,202312061326,988500,0,0,0,1000000,0,202406250900,31950,-3.31,0,0,0,0,0,32400,31600,-2.62,0,31950,32400,31600,5664,32050,32505,33150,33986,34420,34748,34958,34796,0.62,0.92,0.71,1.45,1.21,0.93,0.85,0.17
0,0.0,0,002900,TYM,-11.59,0.93,4895,4340,882864,-115716,204,202312080909,998580,0,0,0,1000000,0,202406260900,4340,-11.59,0,0,0,0,0,4850,4340,-1.14,0,4340,4400,4305,139541,4401,4446,4476,4620,4743,4954,5105,5230,-1.74,-3.64,-5.12,-5.71,-9.95,-12.37,-15.71,-20.44
0,0.0,0,102260,동성케미컬,-1.39,0.34,4490,4440,982918,-13862,222,202312120908,996780,0,0,0,1000000,0,202407020900,4440,-1.39,0,0,0,0,0,4475,4440,-0.11,0,4420,4480,4415,45363,4456,4470,4479,4540,4547,4588,4599,4564,-0.09,-0.09,1.27,3.73,2.9,0.64,-0.43,-0.55
0,0.0,0,267270,HD현대건설기계,21.08,3.33,48100,58400,1164761,202761,20,202312141211,962000,0,0,0,1000000,0,202407020900,58400,21.08,0,0,0,0,0,46550,58800,6.91,0,58200,59200,55400,386489,55560,55700,55850,55945,55295,55287,55054,53894,-1.36,-2.49,-3.44,-4.52,-16.46,-21.85,-26.51,-29.88
0,0.0,0,002380,KCC,35.99,2.8,220000,300000,1196688,316688,4,202312141417,880000,0,0,0,1000000,0,202407020900,300000,35.99,0,0,0,0,0,214000,305500,-0.97,0,302500,311000,303500,13978,304700,292250,290500,294250,277825,277818,275840,266345,-0.79,0.21,-3.48,-6.39,-8.75,-6.64,-4.91,-3.24
0,0.0,0,042670,HD현대인프라코어,2.34,2.15,7600,7800,1018943,23343,131,202312150901,995600,0,0,0,1000000,0,202407030900,7800,2.34,0,0,0,0,0,7440,7720,-2.4,0,7730,7860,7690,953253,7718,7832,7885,8131,8097,8143,8091,7976,-0.67,-2.04,-3.11,-1.91,-11.66,-16.31,-20.78,-23.92
0,0.0,0,104830,원익머트리얼즈,10.07,1.85,30350,31500,1069014,97814,32,202312261006,971200,0,0,0,1000000,0,0,0,0.0,0,0,0,0,0,29800,33500,6.35,0,31500,33600,31500,36899,32890,32955,34342,34711,35032,35048,34363,33513,-1.32,0.73,4.26,7.24,9.57,10.56,10.02,7.94
0,0.0,0,094480,갤럭시아머니트리,-20.11,2.99,8600,6890,796972,-200628,116,202401181503,997600,0,0,0,1000000,0,202405091519,6890,-20.11,0,0,0,0,0,8350,7280,-0.27,0,7320,7340,7230,133808,7366,7422,7379,7752,8305,8409,9026,8879,-8.38,-16.11,-21.57,-17.61,-3.72,8.77,16.07,22.1
0,0.0,0,000240,한국앤컴퍼니,0.9,1.26,15260,15230,1000792,8892,65,202401190921,991900,0,0,0,1000000,0,0,0,0.0,0,0,0,0,0,15070,15440,2.12,0,15230,15440,15140,78619,15254,15264,15209,15127,15357,15607,16024,15994,-0.67,-1.19,-4.21,-9.19,-2.43,4.88,10.09,13.2
0,0.0,0,336260,두산퓨얼셀,-7.4,4.83,21700,20250,924294,-73906,46,202401190925,998200,0,0,0,1000000,0,0,0,0.0,0,0,0,0,0,20700,20150,1.05,0,20250,20600,20050,301960,20368,21249,21807,22373,21311,20989,20882,20982,-5.13,-6.9,-8.27,-7.81,-1.48,0.64,-2.68,-6.09
0,0.0,0,002790,아모레G,12.89,2.32,26500,30200,1106911,126411,37,202401230910,980500,0,0,0,1000000,0,0,0,0.0,0,0,0,0,0,25900,30000,-0.66,0,30200,30500,29600,159410,31240,32795,33790,34492,33035,31575,30919,30198,0.23,-1.58,-4.7,-6.29,-8.45,-8.2,-11.11,-11.5
0,0.0,0,036530,SNT홀딩스,11.39,2.84,18800,20450,1109901,113501,53,202401291000,996400,0,0,0,1000000,0,0,0,0.0,0,0,0,0,0,18280,21000,2.69,0,20450,21050,20300,16695,20850,21055,21252,22302,22569,22418,22236,21565,1.71,3.36,4.77,4.73,6.14,8.98,10.79,11.37
0,0.0,0,003570,SNT다이내믹스,34.96,2.53,15000,19980,1336101,346101,66,202402010906,990000,0,0,0,1000000,0,0,0,0.0,0,0,0,0,0,14630,20300,1.6,0,19980,20400,19700,80301,20956,21233,20195,18947,18263,17999,17805,17278,0.55,1.65,0.94,-1.79,-0.03,4.4,8.47,13.37
0,0.0,0,066790,씨씨에스,207.45,30.0,1690,5210,3070801,2072011,591,202402051453,998790,0,0,0,1000000,0,202402160900,5210,207.45,0,0,0,0,0,1300,4630,0.0,0,5210,4630,4630,0,3596,2493,2239,2221,2296,2367,2152,1883,-0.03,-24.45,-31.38,-37.6,-44.31,-42.35,-34.28,-25.05
0,0.0,0,014160,대영포장,-9.65,0.98,1235,1117,902722,-96393,809,202402061206,999115,0,0,0,1000000,0,0,0,0.0,0,0,0,0,0,1223,1119,-0.62,0,1117,1129,1112,139375,1143,1153,1176,1215,1252,1313,1294,1279,0.36,1.7,1.22,3.91,5.56,6.7,6.18,5.46
0,0.0,0,006400,삼성SDI,-3.5,3.48,387000,371500,746899,-27101,2,202402070906,774000,0,0,0,1000000,0,0,0,0.0,0,0,0,0,0,374000,374500,2.18,0,371500,376000,368500,431393,362700,367850,378600,394187,400741,413937,408450,404204,-1.79,0.55,-1.6,-9.8,-12.34,-14.5,-18.24,-22.37
0,0.0,0,073570,리튬포어스,-20.62,6.37,4340,3455,792394,-205806,230,202402070909,998200,0,0,0,1000000,0,202407010901,3455,-20.62,0,0,0,0,0,4080,3520,-3.03,0,3520,3680,3510,443248,3689,3726,4073,4578,5223,5584,5471,5634,-9.57,-16.63,-28.05,-36.38,-38.42,-44.18,-49.88,-55.96
0,0.0,0,027360,아주IB투자,14.24,1.95,2610,3025,1141985,142355,383,202402081103,999630,0,0,0,1000000,0,0,0,0.0,0,0,0,0,0,2560,2990,-1.64,0,3025,3075,2965,453137,3049,3145,3254,3085,2954,2858,2821,2810,-3.43,-4.23,-5.48,-5.9,0.94,5.26,8.07,9.11
0,0.0,0,034950,한국기업평가,11.89,1.03,78700,89300,1056650,112250,12,202402150945,944400,0,0,0,1000000,0,0,0,0.0,0,0,0,0,0,77900,88300,-1.01,0,89300,89400,88200,2760,89180,89120,89185,88432,87153,86188,84766,83480,-0.2,0.18,0.87,0.54,0.28,0.33,0.05,0.35
0,0.0,0,002020,코오롱,-12.45,2.12,18270,15880,863717,-122863,54,202402190921,986580,0,0,0,1000000,0,0,0,0.0,0,0,0,0,0,17890,16040,1.33,0,15880,16310,15800,14946,15946,15924,16050,16220,16223,16406,16654,16667,0.08,-1.65,4.13,4.42,4.03,5.06,4.94,3.77
0,0.0,0,011200,HMM,-20.12,3.48,18450,14780,795856,-200444,54,202402190922,996300,0,0,0,1000000,0,202404161113,14780,-20.12,0,0,0,0,0,17830,15480,0.65,0,15350,15680,15150,1216711,15462,15588,15639,16699,17513,18063,17624,17237,-0.13,-3.78,-6.25,-8.51,-2.46,1.58,3.82,4.17
0,0.0,0,092230,KPX홀딩스,-0.8,1.96,57100,57000,962896,-7804,17,202402191205,970700,0,0,0,1000000,0,0,0,0.0,0,0,0,0,0,56000,56800,0.18,0,57000,57200,56600,1787,57160,57590,57675,58287,57836,57787,57586,56615,-2.27,-0.44,3.97,6.67,7.11,8.07,9.02,9.65
0,0.0,0,007860,서연,-20.07,5.53,12600,10100,795636,-199764,79,202402200913,995400,0,0,0,1000000,0,202404021302,10100,-20.07,0,0,0,0,0,11940,10400,-2.62,0,10550,10800,10400,199243,10560,10989,10993,11067,9932,9452,9122,8749,-4.74,4.32,25.35,36.17,40.47,46.23,49.97,51.15
0,0.0,0,160980,싸이맥스,26.09,2.65,15090,18850,1255794,259854,66,202402221508,995940,0,0,0,1000000,0,0,0,0.0,0,0,0,0,0,14700,19080,2.86,0,18850,19080,18470,62913,18994,19852,20906,21012,20587,20405,19431,18583,1.86,3.93,3.56,2.48,1.34,0.48,-0.86,-1.82
0,0.0,0,023590,다우기술,-15.35,2.51,22500,18820,838024,-151976,44,202402230923,990000,0,0,0,1000000,0,0,0,0.0,0,0,0,0,0,21950,19100,2.25,0,18820,19180,18730,57403,18818,18708,18747,19140,19142,19770,20280,20010,-2.88,-3.64,2.77,12.0,15.3,18.19,19.6,19.81
0,0.0,0,088350,한화생명,-1.09,1.32,3070,3050,986853,-10897,325,202402281202,997750,0,0,0,1000000,0,0,0,0.0,0,0,0,0,0,3030,3045,0.0,0,3050,3125,3020,2619221,3025,2994,2900,2903,2867,2918,3002,2962,-6.77,-9.3,-9.83,1.87,4.79,5.92,5.93,6.54
0,0.0,0,004380,삼익THK,-20.19,2.41,15280,12230,792694,-200506,65,202403040922,993200,0,0,0,1000000,0,202406180901,12230,-20.19,0,0,0,0,0,14920,12300,-1.76,0,12250,12630,12260,71894,12646,12647,12935,13323,14001,14392,13831,13303,-5.94,-8.27,5.25,20.46,26.22,29.74,32.36,29.6
0,0.0,0,131370,알서포트,-20.3,0.71,4260,3405,794509,-202331,234,202403110911,996840,0,0,0,1000000,0,202406250900,3405,-20.3,0,0,0,0,0,4230,3440,-1.71,0,3405,3530,3420,167477,3612,3689,3644,3661,3672,3820,3994,4046,-4.3,-6.25,-6.49,-8.98,-2.59,0.69,3.19,5.37
0,0.0,0,033100,제룡전기,162.62,7.78,33950,89000,2585582,1601032,29,202403140907,984550,0,0,0,1000000,0,0,0,0.0,0,0,0,0,0,31500,89400,1.25,0,89000,89500,85700,642034,87320,85440,77805,73850,67463,59880,52439,47351,1.22,11.43,26.79,35.69,40.04,42.26,41.73,39.62
0,0.0,0,102120,어보브반도체,18.42,3.42,15410,17100,1167948,181708,64,202403260909,986240,0,0,0,1000000,0,0,0,0.0,0,0,0,0,0,14900,18300,10.37,0,17100,18300,16800,3337850,16870,15818,14993,14373,14941,15258,16059,16199,-3.87,-5.15,-10.62,-19.64,-13.25,-4.25,6.11,14.21
0,0.0,0,007860,서연,-12.04,3.62,10010,8930,871705,-119285,99,202404041052,990990,0,0,0,1000000,0,0,0,0.0,0,0,0,0,0,9660,8830,0.11,0,8930,8930,8810,66816,9110,9442,9506,9393,9370,9743,10075,9701,-5.37,-9.61,-11.27,-13.1,-3.36,1.68,5.24,9.83
0,0.0,0,078020,이베스트투자증권,11.39,1.47,4485,5010,1109123,113453,222,202404050957,995670,0,0,0,1000000,0,0,0,0.0,0,0,0,0,0,4420,5180,3.39,0,5010,5200,4875,83949,5046,5069,5196,5092,4903,4770,4688,4559,-4.95,-3.77,-1.78,-0.18,1.93,4.43,6.0,7.2
0,0.0,0,005430,한국공항,9.41,5.02,66900,71200,1024736,88136,14,202404080900,936600,0,0,0,1000000,0,0,0,0.0,0,0,0,0,0,63700,73400,2.09,0,71200,74100,71200,14731,73900,73280,71630,70105,68861,65843,63982,62264,2.18,6.03,11.15,11.97,14.06,17.92,22.2,27.36
0,0.0,0,084690,대상홀딩스,11.17,2.51,8970,10160,1106909,111239,111,202404090902,995670,0,0,0,1000000,0,0,0,0.0,0,0,0,0,0,8750,10000,-1.09,0,10160,10270,9930,312943,10416,10880,11064,10201,9695,9737,10022,10082,-3.46,-5.22,-9.6,-16.35,-15.82,-20.5,-17.54,-11.97
0,0.0,0,096240,크레버스,-9.21,0.33,18430,16630,903569,-91651,54,202404091330,995220,0,0,0,1000000,0,0,0,0.0,0,0,0,0,0,18370,16780,0.9,0,16630,16780,16630,23825,16848,17346,17579,17785,18135,18103,17964,17694,0.02,-0.96,1.5,3.22,6.08,6.54,6.37,7.02
0,0.0,0,002320,한진,-12.51,1.13,22350,19420,860406,-122994,44,202404110900,983400,0,0,0,1000000,0,0,0,0.0,0,0,0,0,0,22100,19610,0.26,0,19420,19770,19420,16640,19598,19559,19555,19804,20266,20967,21642,21861,-1.12,-2.1,-3.49,-5.66,-5.52,-6.21,-5.53,-2.72
0,0.0,0,042600,새로닉스,-13.58,2.48,20700,18620,858689,-134911,48,202404180909,993600,0,0,0,1000000,0,0,0,0.0,0,0,0,0,0,20200,17940,-1.7,0,18620,18620,17820,13056,17704,17890,18810,19452,20122,21313,21865,22965,-4.58,-8.39,-14.98,-16.3,-17.47,-22.58,-22.95,-23.09
0,0.0,0,012030,DB,-10.41,0.88,1486,1326,894593,-103999,672,202404180926,998592,0,0,0,1000000,0,0,0,0.0,0,0,0,0,0,1473,1335,0.38,0,1326,1380,1324,651327,1335,1357,1352,1375,1405,1444,1475,1497,-1.31,-2.24,-3.89,-5.2,-6.46,-7.63,-8.77,-9.38
0,0.0,0,030520,한글과컴퓨터,-0.51,7.3,22050,22000,987228,-5022,45,202404180930,992250,0,0,0,1000000,0,0,0,0.0,0,0,0,0,0,20550,22000,0.0,0,22000,22150,21700,223020,22290,22435,23310,25365,24495,23775,24136,24662,0.74,0.83,-1.73,-7.46,-15.11,-10.16,-3.18,3.83
0,0.0,0,286940,롯데이노베이트,-20.05,1.65,33800,27100,783670,-196530,29,202404181415,980200,0,0,0,1000000,0,202406100929,27100,-20.05,0,0,0,0,0,33250,27400,-0.72,0,27400,27950,27400,63400,27480,28265,29815,31140,33105,34254,35999,34828,-2.92,-4.18,-7.76,-9.4,-13.35,-10.69,-5.87,-2.31
0,0.0,0,138930,BNK금융지주,10.4,2.58,7940,8680,1095689,103189,125,202404220902,992500,0,0,0,1000000,0,0,0,0.0,0,0,0,0,0,7740,8790,1.85,0,8680,8790,8600,1155157,8562,8420,8254,8355,8246,8184,8097,7950,0.16,0.32,-1.07,-1.47,-0.46,2.04,3.25,4.47
0,0.0,0,086900,메디톡스,11.27,2.76,133800,139700,1042190,105590,7,202404220917,936600,0,0,0,1000000,0,0,0,0.0,0,0,0,0,0,130200,149300,7.41,0,139700,151700,138800,126281,146700,146060,139765,137067,136170,137927,145223,156257,-1.45,-3.36,-6.79,-10.58,-19.2,-27.38,-30.62,-32.09
0,0.0,0,036460,한국가스공사,70.93,2.72,26400,45450,1669667,692867,37,202404231118,976800,0,0,0,1000000,0,0,0,0.0,0,0,0,0,0,25700,45250,0.33,0,45450,47550,44600,5123761,48260,53580,51845,41135,36219,34081,33025,31608,1.5,0.18,-2.04,-6.65,-6.2,-3.17,-2.07,-0.25
0,0.0,0,001270,부국증권,6.76,1.69,24100,25450,1054849,66749,41,202404260935,988100,0,0,0,1000000,0,0,0,0.0,0,0,0,0,0,23700,25800,2.18,0,25450,26100,25200,4823,25390,25310,25180,24821,24430,24710,24938,24536,-0.55,1.54,0.05,-5.18,-5.24,-2.08,0.02,1.44
0,0.0,0,004360,세방,8.78,1.02,11890,13210,1086443,87683,84,202404261440,998760,0,0,0,1000000,0,0,0,0.0,0,0,0,0,0,11770,12970,-1.82,0,13210,13210,12860,74940,13426,13625,13276,12772,12425,12308,12470,12353,0.67,1.43,1.03,-1.39,-4.51,-2.97,-3.15,-2.06
0,0.0,0,145990,삼양사,-1.26,1.71,50700,50100,951128,-12172,19,202404301241,963300,0,0,0,1000000,0,0,0,0.0,0,0,0,0,0,49850,50200,0.8,0,50100,50800,49550,29386,50880,51810,53395,51967,51166,50705,50408,49693,-0.93,1.14,-0.08,1.37,1.18,3.09,4.83,6.42
0,0.0,0,003300,한일홀딩스,3.06,1.5,12840,13350,1018934,30254,77,202405021101,988680,0,0,0,1000000,0,0,0,0.0,0,0,0,0,0,12650,13270,-0.6,0,13350,13380,13270,13063,13348,13349,13408,13376,13057,12962,12974,12652,0.22,1.57,2.42,0.8,-0.11,3.5,4.79,5.7
0,0.0,0,001510,SK증권,-6.1,0.67,600,559,938646,-60954,1666,202405080922,999600,0,0,0,1000000,0,0,0,0.0,0,0,0,0,0,596,565,1.07,0,559,568,559,996176,561,562,564,574,582,591,601,605,-0.4,-0.3,-0.23,-1.92,-3.9,-3.94,-4.57,-4.61
0,0.0,0,015860,일진홀딩스,-11.46,2.5,4505,3990,881508,-114097,221,202405081206,995605,0,0,0,1000000,0,0,0,0.0,0,0,0,0,0,4395,4000,0.13,0,3990,4005,3950,82314,4038,4079,4125,4313,4278,4304,4281,4196,1.52,3.56,4.41,2.3,3.14,6.21,7.76,8.89
0,0.0,0,065350,신성델타테크,-20.1,4.83,76000,60900,789454,-198546,13,202405091519,988000,0,0,0,1000000,0,202405221426,60900,-20.1,0,0,0,0,0,72500,64600,-4.15,0,65300,67200,63700,677712,70040,72060,77100,90680,99040,98892,89627,81114,-5.03,-8.93,-15.67,-25.78,-31.5,-25.8,-16.48,-8.14
0,0.0,0,067160,SOOP,14.95,2.68,107400,127000,1111102,144502,9,202405140934,966600,0,0,0,1000000,0,0,0,0.0,0,0,0,0,0,104600,123800,-2.52,0,127000,127600,122700,127228,130040,123120,116560,113720,113761,115932,116641,114717,-3.79,-6.4,-7.42,-10.41,-11.71,-9.45,-4.55,1.87
0,0.0,0,336370,솔루스첨단소재,17.64,3.36,17250,20850,1156729,173479,57,202405160906,983250,0,0,0,1000000,0,0,0,0.0,0,0,0,0,0,16690,20350,-3.1,0,20850,21350,20050,2664758,20608,18747,17949,17448,17665,16883,15937,15512,-3.56,-4.11,-6.61,-1.0,8.22,13.25,15.82,19.29
0,0.0,0,253590,네오셈,41.69,5.4,10930,16480,1409336,414706,91,202405160932,994630,0,0,0,1000000,0,0,0,0.0,0,0,0,0,0,10370,15530,4.58,0,16480,17270,15500,24455613,14334,12833,11920,11061,11224,12080,12279,12135,-2.85,-6.08,-7.39,-17.39,-20.67,-18.04,-12.9,-2.31
0,0.0,0,057050,현대홈쇼핑,-6.01,0.19,54000,50800,913626,-58374,18,202405230908,972000,0,0,0,1000000,0,0,0,0.0,0,0,0,0,0,53900,50900,0.2,0,50800,51200,50300,4982,51000,51050,51005,52270,53756,53137,51793,50303,0.9,-0.42,-0.29,-2.38,2.03,5.89,9.49,11.45
0,0.0,0,065350,신성델타테크,-2.33,2.1,63200,59500,925897,-22103,15,202405240909,948000,0,0,0,1000000,0,0,0,0.0,0,0,0,0,0,61900,61900,4.03,0,59500,63300,58300,490507,60900,62290,65140,66830,73815,82663,90513,87385,-5.32,-11.22,-17.1,-29.55,-36.04,-37.2,-31.32,-24.0
0,0.0,0,281740,레이크머티리얼즈,-3.34,3.39,18930,18950,951524,-32836,52,202405310911,984360,0,0,0,1000000,0,0,0,0.0,0,0,0,0,0,18310,18350,-2.65,0,18950,19000,18280,412820,19042,18744,19664,19855,20882,22500,21960,21086,-2.17,-6.33,-11.14,-16.97,-22.31,-17.86,-14.1,-10.38
0,0.0,0,100840,SNT에너지,12.89,2.71,10600,11370,1124861,128461,94,202406100920,996400,0,0,0,1000000,0,0,0,0.0,0,0,0,0,0,10320,12000,4.53,0,11370,12250,11300,424345,11650,11712,11367,11125,11116,10628,10158,9765,-0.67,0.65,-4.47,-5.83,-0.99,4.4,9.01,12.15
0,0.0,0,015360,예스코홀딩스,-5.88,1.0,45400,43000,940052,-58748,22,202406170901,998800,0,0,0,1000000,0,0,0,0.0,0,0,0,0,0,44950,42850,-0.35,0,43000,43300,42800,2360,43370,44520,45017,44267,42542,41675,40953,39784,-0.22,-1.18,0.99,6.22,9.01,10.85,13.93,16.69
0,0.0,0,005180,빙그레,-12.98,2.2,102100,92000,799637,-119263,9,202406210919,918900,0,0,0,1000000,0,0,0,0.0,0,0,0,0,0,99900,89100,-3.05,0,92000,92400,89100,74946,92160,96400,100955,92312,83395,76160,71915,68790,-5.18,-5.32,3.22,16.56,30.29,40.78,47.9,53.02
0,0.0,0,005850,에스엘,0.98,4.06,43550,42600,967485,9385,22,202406251110,958100,0,0,0,1000000,0,0,0,0.0,0,0,0,0,0,41850,44100,2.2,0,42600,44200,42600,138379,44250,43840,42745,38682,36353,35305,35000,34570,-3.42,-1.41,6.27,14.98,20.65,22.33,22.71,23.41
0,0.0,0,054950,제이브이엠,-7.5,5.65,29000,27000,912028,-73972,34,202406280934,986000,0,0,0,1000000,0,0,0,0.0,0,0,0,0,0,27450,26900,0.0,0,27000,27050,26550,65615,27440,27735,28342,28402,29100,28661,28594,28759,-2.07,-4.21,-3.05,-4.42,-6.45,-4.05,-4.28,-4.6
0,0.0,0,005810,풍산홀딩스,1.7,1.28,27700,27550,1014155,16955,36,202407010906,997200,0,0,0,1000000,0,0,0,0.0,0,0,0,0,0,27350,28250,2.91,0,27550,28550,27500,43478,27690,27775,27875,29087,29490,29586,29310,28504,-1.12,-1.85,-2.28,-7.27,-7.46,-7.95,-6.41,-3.73
0,0.0,0,001230,동국홀딩스,-2.17,0.84,8440,8290,974301,-21619,118,202407031007,995920,0,0,0,1000000,0,0,0,0.0,0,0,0,0,0,8370,8280,-0.72,0,8290,8450,8280,30508,8354,8403,8379,8388,8332,8295,8417,8351,-0.57,-0.59,-0.24,-0.28,0.55,0.96,-1.06,0.21
0,0.0,0,053080,케이엔솔,3.65,5.28,16740,16360,1023731,36071,59,202407040900,987660,0,0,0,1000000,0,0,0,0.0,0,0,0,0,0,15900,17400,9.43,0,16360,17730,16190,823668,16574,16749,17982,17664,18115,18664,18577,17925,-3.58,-5.22,-11.9,-9.95,-12.46,-14.97,-14.3,-11.24
0,0.0,0,079370,제우스,2.48,1.92,17000,16780,1010427,24427,58,202407040901,986000,0,0,0,1000000,0,0,0,0.0,0,0,0,0,0,16680,17470,4.74,0,16780,17520,16780,433515,17190,17304,17827,17946,17641,18085,18336,18378,-2.83,-3.96,-6.66,-7.1,-5.51,-7.95,-9.09,-9.25
0,0.0,0,049070,인탑스,-1.99,1.74,23350,22950,961199,-19501,42,202407040916,980700,0,0,0,1000000,0,0,0,0.0,0,0,0,0,0,22950,22950,0.0,0,22950,23400,22700,109339,23640,24175,24130,24760,25446,26796,27413,27965,-4.18,-6.5,-5.01,-7.67,-10.21,-14.66,-16.44,-18.02
