date,open,high,low,close,adj_close,volume,ci,ci14,ci20,ci14_diff,ci20_diff
2023-06-22,2575.64990234375,2597.760009765625,2575.64990234375,2593.699951171875,2593.699951171875,610200,-37.0,75.0,92.0,74.25373134328359,79.6218487394958
2023-06-23,2599.0400390625,2600.81005859375,2568.070068359375,2570.10009765625,2570.10009765625,526500,-71.0,61.0,80.0,72.20149253731344,78.15126050420169
2023-06-26,2568.64990234375,2585.31005859375,2562.030029296875,2582.199951171875,2582.199951171875,479200,-88.0,45.0,68.0,69.96268656716418,76.05042016806723
2023-06-27,2581.02001953125,2582.0,2568.52001953125,2581.389892578125,2581.389892578125,535400,-93.0,29.0,58.0,69.02985074626866,74.57983193277312
2023-06-28,2590.52001953125,2590.52001953125,2559.4599609375,2564.18994140625,2564.18994140625,484200,-108.0,15.0,45.0,70.5223880597015,73.109243697479
2023-06-29,2564.02001953125,2577.68994140625,2550.02001953125,2550.02001953125,2550.02001953125,602500,-137.0,-4.0,32.0,69.58955223880598,70.7983193277311
2023-06-30,2558.429931640625,2571.030029296875,2541.719970703125,2564.280029296875,2564.280029296875,508800,-131.0,-22.0,21.0,67.91044776119404,68.0672268907563
2023-07-03,2580.889892578125,2604.6298828125,2580.489990234375,2602.469970703125,2602.469970703125,615500,-16.0,-32.0,14.0,66.6044776119403,66.38655462184875
2023-07-04,2604.719970703125,2607.659912109375,2591.860107421875,2593.31005859375,2593.31005859375,673100,-8.0,-39.0,7.0,66.23134328358209,65.54621848739495
2023-07-05,2593.469970703125,2601.989990234375,2578.659912109375,2579.0,2579.0,599400,-39.0,-46.0,-1.0,64.36567164179105,65.75630252100841
2023-07-06,2574.75,2575.449951171875,2550.669921875,2556.2900390625,2556.2900390625,530800,-110.0,-59.0,-12.0,59.88805970149254,66.59663865546219
2023-07-07,2547.409912109375,2547.409912109375,2515.070068359375,2526.7099609375,2526.7099609375,612100,-183.0,-74.0,-27.0,54.85074626865672,65.12605042016807
2023-07-10,2528.080078125,2539.6298828125,2517.669921875,2520.699951171875,2520.699951171875,560600,-172.0,-88.0,-42.0,50.18656716417911,63.02521008403362
2023-07-11,2538.840087890625,2562.489990234375,2534.47998046875,2562.489990234375,2562.489990234375,592400,-85.0,-91.0,-52.0,48.320895522388064,61.34453781512605
2023-07-12,2557.610107421875,2574.72998046875,2554.260009765625,2574.719970703125,2574.719970703125,695500,-34.0,-91.0,-58.0,47.201492537313435,60.92436974789916
2023-07-13,2589.889892578125,2602.2099609375,2587.75,2591.22998046875,2591.22998046875,584300,57.0,-82.0,-58.0,48.507462686567166,60.50420168067227
2023-07-14,2607.469970703125,2628.300048828125,2603.360107421875,2628.300048828125,2628.300048828125,568100,149.0,-65.0,-54.0,51.49253731343284,59.45378151260505
2023-07-17,2617.669921875,2627.1201171875,2611.550048828125,2619.0,2619.0,548800,141.0,-48.0,-49.0,52.79850746268657,57.563025210084035
2023-07-18,2624.590087890625,2626.889892578125,2600.669921875,2607.6201171875,2607.6201171875,491100,112.0,-33.0,-44.0,50.93283582089553,53.78151260504202
2023-07-19,2622.239990234375,2622.5400390625,2598.52001953125,2608.239990234375,2608.239990234375,434900,97.0,-16.0,-38.0,51.30597014925373,51.680672268907564
2023-07-20,2595.3798828125,2611.340087890625,2589.2900390625,2600.22998046875,2600.22998046875,369700,63.0,-2.0,-33.0,50.746268656716424,49.57983193277311
2023-07-21,2581.06005859375,2609.760009765625,2570.580078125,2609.760009765625,2609.760009765625,499300,48.0,3.0,-27.0,49.8134328358209,48.73949579831933
2023-07-24,2608.469970703125,2636.06005859375,2595.2099609375,2628.530029296875,2628.530029296875,525900,103.0,10.0,-17.0,50.37313432835821,50.21008403361345
2023-07-25,2643.35009765625,2646.7099609375,2621.60009765625,2636.4599609375,2636.4599609375,721500,127.0,22.0,-6.0,52.42537313432836,52.52100840336134
2023-07-26,2638.760009765625,2639.2099609375,2580.97998046875,2592.360107421875,2592.360107421875,830100,44.0,33.0,1.0,54.291044776119406,53.991596638655466
2023-07-27,2599.820068359375,2617.610107421875,2586.360107421875,2603.81005859375,2603.81005859375,591900,36.0,49.0,10.0,57.462686567164184,55.46218487394958
2023-07-28,2593.669921875,2609.5400390625,2586.330078125,2608.320068359375,2608.320068359375,497300,29.0,63.0,18.0,60.26119402985075,57.142857142857146
2023-07-31,2628.8701171875,2639.449951171875,2622.2099609375,2632.580078125,2632.580078125,454200,107.0,77.0,24.0,62.5,58.19327731092437
2023-08-01,2644.340087890625,2668.2099609375,2639.10009765625,2667.070068359375,2667.070068359375,493600,160.0,91.0,32.0,64.17910447761194,59.03361344537815
2023-08-02,2651.530029296875,2660.89990234375,2611.77001953125,2616.469970703125,2616.469970703125,704700,79.0,92.0,38.0,63.61940298507463,59.87394957983194
2023-08-03,2624.760009765625,2625.449951171875,2591.300048828125,2605.389892578125,2605.389892578125,789400,18.0,83.0,45.0,61.38059701492538,60.50420168067227
2023-08-04,2606.169921875,2612.300048828125,2598.3798828125,2602.800048828125,2602.800048828125,645800,-0.0,73.0,54.0,60.63432835820896,62.18487394957983
2023-08-07,2591.580078125,2607.360107421875,2580.7099609375,2580.7099609375,2580.7099609375,504100,-74.0,60.0,59.0,62.68656716417911,63.445378151260506
2023-08-08,2598.2900390625,2601.409912109375,2568.14990234375,2573.97998046875,2573.97998046875,637000,-123.0,44.0,57.0,61.38059701492538,62.18487394957983
2023-08-09,2580.60009765625,2608.97998046875,2576.2099609375,2605.1201171875,2605.1201171875,466000,-66.0,35.0,55.0,62.5,61.5546218487395
2023-08-10,2592.39990234375,2601.56005859375,2590.02001953125,2601.56005859375,2601.56005859375,566500,-63.0,27.0,49.0,62.68656716417911,59.66386554621849
2023-08-11,2611.25,2616.840087890625,2589.93994140625,2591.260009765625,2591.260009765625,672200,-51.0,16.0,39.0,60.44776119402985,57.142857142857146
2023-08-14,2586.510009765625,2592.909912109375,2561.8798828125,2570.8701171875,2570.8701171875,622800,-152.0,-4.0,25.0,53.35820895522389,53.15126050420168
2023-08-16,2550.1298828125,2550.530029296875,2520.8701171875,2525.639892578125,2525.639892578125,683200,-285.0,-28.0,5.0,44.962686567164184,49.36974789915966
2023-08-17,2512.919921875,2520.56005859375,2482.06005859375,2519.85009765625,2519.85009765625,733900,-287.0,-51.0,-14.0,37.68656716417911,44.957983193277315
2023-08-18,2495.179931640625,2519.60009765625,2489.6298828125,2504.5,2504.5,556400,-218.0,-68.0,-28.0,31.529850746268657,42.016806722689076
2023-08-21,2511.699951171875,2524.409912109375,2505.590087890625,2508.800048828125,2508.800048828125,398600,-158.0,-87.0,-39.0,25.186567164179106,38.865546218487395
2023-08-22,2528.389892578125,2533.429931640625,2509.530029296875,2515.739990234375,2515.739990234375,471000,-121.0,-107.0,-50.0,20.149253731343286,35.294117647058826
2023-08-23,2510.0,2517.510009765625,2499.889892578125,2505.5,2505.5,546200,-121.0,-122.0,-62.0,15.85820895522388,31.092436974789916
2023-08-24,2531.780029296875,2539.43994140625,2520.72998046875,2537.679931640625,2537.679931640625,440300,-69.0,-128.0,-68.0,13.992537313432834,28.781512605042018
2023-08-25,2505.389892578125,2526.3701171875,2502.050048828125,2519.139892578125,2519.139892578125,576400,-85.0,-134.0,-74.0,12.313432835820898,26.680672268907564
2023-08-28,2519.139892578125,2543.409912109375,2519.139892578125,2543.409912109375,2543.409912109375,483000,-49.0,-132.0,-78.0,11.007462686567166,24.57983193277311
2023-08-29,2550.760009765625,2556.97998046875,2545.27001953125,2552.159912109375,2552.159912109375,440700,-19.0,-125.0,-84.0,11.194029850746269,21.84873949579832
2023-08-30,2575.419921875,2578.6201171875,2561.219970703125,2561.219970703125,2561.219970703125,363000,16.0,-119.0,-91.0,9.888059701492537,18.907563025210084
2023-08-31,2564.449951171875,2568.06005859375,2547.719970703125,2556.27001953125,2556.27001953125,471900,5.0,-114.0,-95.0,8.395522388059703,16.176470588235297
2023-09-01,2551.929931640625,2568.419921875,2551.0400390625,2563.7099609375,2563.7099609375,492400,19.0,-109.0,-95.0,7.835820895522389,14.915966386554622
2023-09-04,2566.929931640625,2584.550048828125,2560.320068359375,2584.550048828125,2584.550048828125,342100,58.0,-94.0,-92.0,11.940298507462686,14.705882352941174
2023-09-05,2578.909912109375,2586.64990234375,2575.18994140625,2582.179931640625,2582.179931640625,383400,71.0,-68.0,-85.0,19.216417910447763,15.12605042016807
2023-09-06,2577.409912109375,2585.97998046875,2560.090087890625,2563.340087890625,2563.340087890625,421500,47.0,-45.0,-76.0,25.373134328358212,16.596638655462186
2023-09-07,2554.8701171875,2562.419921875,2539.239990234375,2548.260009765625,2548.260009765625,376600,6.0,-29.0,-73.0,30.410447761194032,16.596638655462186
2023-09-08,2546.070068359375,2550.9599609375,2530.050048828125,2547.679931640625,2547.679931640625,395800,-6.0,-18.0,-70.0,35.820895522388064,17.647058823529413
2023-09-11,2549.8798828125,2556.889892578125,2540.43994140625,2556.8798828125,2556.8798828125,410300,27.0,-7.0,-66.0,41.6044776119403,20.378151260504204
2023-09-12,2566.419921875,2568.550048828125,2535.14990234375,2536.580078125,2536.580078125,358700,18.0,3.0,-58.0,47.01492537313433,26.050420168067227
2023-09-13,2536.219970703125,2549.3798828125,2528.179931640625,2534.699951171875,2534.699951171875,417000,-13.0,7.0,-44.0,50.93283582089553,33.19327731092437
2023-09-14,2544.889892578125,2572.889892578125,2541.110107421875,2572.889892578125,2572.889892578125,411800,64.0,17.0,-26.0,55.59701492537314,40.96638655462185
2023-09-15,2574.97998046875,2611.0,2572.3701171875,2601.280029296875,2601.280029296875,441100,164.0,33.0,-7.0,61.007462686567166,47.689075630252105
2023-09-18,2588.68994140625,2596.550048828125,2573.260009765625,2574.719970703125,2574.719970703125,415900,107.0,42.0,6.0,64.73880597014926,52.94117647058824
2023-09-19,2579.360107421875,2583.25,2555.4599609375,2559.2099609375,2559.2099609375,461800,44.0,44.0,14.0,67.53731343283582,56.09243697478992
2023-09-20,2556.550048828125,2566.6201171875,2551.1201171875,2559.739990234375,2559.739990234375,414700,10.0,44.0,21.0,70.33582089552239,59.2436974789916
2023-09-21,2544.81005859375,2549.6298828125,2514.9599609375,2514.969970703125,2514.969970703125,394700,-132.0,33.0,18.0,70.8955223880597,59.87394957983194
2023-09-22,2491.449951171875,2513.260009765625,2486.139892578125,2508.1298828125,2508.1298828125,433200,-223.0,13.0,11.0,69.02985074626866,59.45378151260505
2023-09-25,2504.10009765625,2509.3798828125,2486.43994140625,2495.760009765625,2495.760009765625,438600,-210.0,-7.0,3.0,66.7910447761194,59.2436974789916
2023-09-26,2493.639892578125,2495.0,2461.590087890625,2462.969970703125,2462.969970703125,427500,-228.0,-27.0,-8.0,65.11194029850746,58.82352941176471
2023-09-27,2447.989990234375,2469.719970703125,2445.510009765625,2465.070068359375,2465.070068359375,366200,-206.0,-42.0,-19.0,63.246268656716424,58.82352941176471
2023-10-04,2435.780029296875,2435.780029296875,2402.840087890625,2405.68994140625,2405.68994140625,424900,-233.0,-58.0,-31.0,59.701492537313435,57.983193277310924
2023-10-05,2423.35009765625,2426.610107421875,2402.5,2403.60009765625,2403.60009765625,451700,-187.0,-73.0,-41.0,54.85074626865672,57.35294117647059
2023-10-06,2408.81005859375,2421.179931640625,2403.919921875,2408.72998046875,2408.72998046875,289400,-152.0,-85.0,-52.0,49.626865671641795,55.67226890756302
2023-10-10,2436.580078125,2448.239990234375,2402.43994140625,2402.580078125,2402.580078125,415500,-122.0,-93.0,-61.0,43.09701492537314,52.10084033613445
2023-10-11,2436.52001953125,2463.56005859375,2436.52001953125,2450.080078125,2450.080078125,446900,-72.0,-103.0,-67.0,36.007462686567166,49.36974789915966
2023-10-12,2465.18994140625,2479.820068359375,2464.840087890625,2479.820068359375,2479.820068359375,515500,-37.0,-117.0,-69.0,29.1044776119403,46.63865546218487
2023-10-13,2460.85009765625,2466.6201171875,2452.830078125,2456.14990234375,2456.14990234375,582400,-52.0,-129.0,-72.0,22.94776119402985,42.64705882352941
2023-10-16,2442.429931640625,2453.77001953125,2422.52001953125,2436.239990234375,2436.239990234375,788400,-71.0,-137.0,-77.0,18.28358208955224,37.81512605042017
2023-10-17,2454.139892578125,2466.8701171875,2449.419921875,2460.169921875,2460.169921875,508800,-40.0,-140.0,-79.0,15.111940298507463,34.03361344537815
2023-10-18,2452.050048828125,2465.330078125,2450.780029296875,2462.60009765625,2462.60009765625,911500,-35.0,-133.0,-81.0,14.365671641791046,30.672268907563026
2023-10-19,2431.919921875,2433.449951171875,2412.550048828125,2415.800048828125,2415.800048828125,756900,-81.0,-123.0,-88.0,13.992537313432834,26.47058823529412
2023-10-20,2391.5400390625,2394.669921875,2364.010009765625,2375.0,2375.0,520600,-137.0,-118.0,-103.0,12.313432835820898,20.798319327731093
2023-10-23,2370.070068359375,2375.7900390625,2354.699951171875,2357.02001953125,2357.02001953125,395900,-154.0,-113.0,-116.0,10.26119402985075,16.176470588235297
2023-10-24,2371.550048828125,2384.139892578125,2326.669921875,2383.510009765625,2383.510009765625,444200,-135.0,-108.0,-125.0,9.14179104477612,12.815126050420169
2023-10-25,2389.22998046875,2389.89990234375,2362.68994140625,2363.169921875,2363.169921875,440800,-113.0,-99.0,-131.0,9.514925373134332,10.084033613445378
2023-10-26,2325.820068359375,2330.550048828125,2299.080078125,2299.080078125,2299.080078125,531100,-193.0,-100.0,-134.0,8.2089552238806,7.983193277310924
2023-10-27,2311.590087890625,2321.840087890625,2293.050048828125,2302.81005859375,2302.81005859375,514900,-175.0,-101.0,-132.0,8.022388059701491,7.563025210084035
2023-10-30,2292.340087890625,2317.75,2292.340087890625,2310.550048828125,2310.550048828125,444800,-148.0,-103.0,-129.0,10.26119402985075,7.352941176470587
2023-10-31,2318.389892578125,2322.449951171875,2273.969970703125,2277.989990234375,2277.989990234375,395000,-144.0,-108.0,-124.0,12.126865671641795,7.563025210084035
2023-11-01,2292.889892578125,2312.14990234375,2288.639892578125,2301.56005859375,2301.56005859375,358200,-115.0,-114.0,-120.0,12.873134328358212,6.7226890756302495
2023-11-02,2334.9599609375,2351.909912109375,2333.409912109375,2343.1201171875,2343.1201171875,377500,-55.0,-114.0,-111.0,15.671641791044777,7.983193277310924
2023-11-03,2365.590087890625,2370.280029296875,2351.830078125,2368.340087890625,2368.340087890625,578700,-26.0,-111.0,-103.0,18.470149253731343,9.2436974789916
2023-11-06,2399.800048828125,2502.3701171875,2395.030029296875,2502.3701171875,2502.3701171875,528600,95.0,-101.0,-90.0,20.522388059701495,11.134453781512605
2023-11-07,2476.35009765625,2476.35009765625,2418.739990234375,2443.9599609375,2443.9599609375,457700,67.0,-94.0,-81.0,20.33582089552239,13.025210084033617
2023-11-08,2460.219970703125,2468.429931640625,2418.139892578125,2421.6201171875,2421.6201171875,467200,57.0,-84.0,-75.0,20.522388059701495,14.075630252100844
2023-11-09,2425.929931640625,2437.89990234375,2413.0400390625,2427.080078125,2427.080078125,395000,50.0,-71.0,-70.0,22.388059701492537,15.54621848739496
2023-11-10,2406.39990234375,2413.6201171875,2393.639892578125,2409.659912109375,2409.659912109375,312500,30.0,-58.0,-66.0,25.74626865671642,18.48739495798319
2023-11-13,2431.239990234375,2435.320068359375,2399.0400390625,2403.760009765625,2403.760009765625,307100,42.0,-45.0,-60.0,28.171641791044777,20.798319327731093
2023-11-14,2424.929931640625,2442.3701171875,2422.969970703125,2433.25,2433.25,307000,72.0,-32.0,-55.0,29.664179104477615,21.638655462184875
2023-11-15,2482.2099609375,2487.419921875,2468.429931640625,2486.669921875,2486.669921875,419800,134.0,-8.0,-46.0,33.58208955223881,23.10924369747899
2023-11-16,2483.47998046875,2491.97998046875,2472.68994140625,2488.179931640625,2488.179931640625,407400,125.0,13.0,-36.0,36.75373134328358,25.630252100840337
2023-11-17,2477.429931640625,2481.10009765625,2463.590087890625,2469.85009765625,2469.85009765625,388200,96.0,31.0,-24.0,40.29850746268657,29.6218487394958
2023-11-20,2464.719970703125,2499.75,2464.0400390625,2491.199951171875,2491.199951171875,323800,100.0,48.0,-12.0,44.40298507462687,34.2436974789916
2023-11-21,2504.699951171875,2517.739990234375,2500.909912109375,2510.419921875,2510.419921875,345100,114.0,64.0,1.0,50.559701492537314,39.49579831932773
2023-11-22,2493.169921875,2516.719970703125,2490.429931640625,2511.699951171875,2511.699951171875,439500,100.0,75.0,11.0,55.03731343283582,43.69747899159664
2023-11-23,2515.830078125,2522.199951171875,2507.300048828125,2514.9599609375,2514.9599609375,360900,101.0,84.0,26.0,58.58208955223881,48.94957983193277
2023-11-24,2517.8798828125,2521.56005859375,2496.6298828125,2496.6298828125,2496.6298828125,359400,86.0,84.0,39.0,61.56716417910448,53.36134453781513
2023-11-27,2501.830078125,2511.3701171875,2489.179931640625,2495.659912109375,2495.659912109375,364700,74.0,84.0,50.0,65.85820895522389,56.72268907563026
2023-11-28,2506.139892578125,2522.449951171875,2502.260009765625,2521.760009765625,2521.760009765625,442400,90.0,87.0,62.0,70.7089552238806,60.294117647058826
2023-11-29,2518.800048828125,2523.97998046875,2501.43994140625,2519.81005859375,2519.81005859375,579300,86.0,89.0,72.0,74.6268656716418,64.28571428571429
2023-11-30,2512.110107421875,2535.2900390625,2507.800048828125,2535.2900390625,2535.2900390625,664300,101.0,94.0,80.0,77.42537313432837,67.22689075630252
2023-12-01,2520.489990234375,2520.489990234375,2504.06005859375,2505.010009765625,2505.010009765625,516600,67.0,96.0,84.0,80.03731343283583,69.11764705882354
2023-12-04,2522.219970703125,2525.6298828125,2510.52001953125,2514.949951171875,2514.949951171875,498900,75.0,96.0,83.0,82.8358208955224,70.7983193277311
2023-12-05,2507.449951171875,2509.739990234375,2492.550048828125,2494.280029296875,2494.280029296875,427100,35.0,89.0,82.0,84.14179104477613,73.52941176470588
2023-12-06,2503.570068359375,2509.669921875,2495.3798828125,2495.3798828125,2495.3798828125,391000,33.0,83.0,81.0,84.88805970149255,76.26050420168067
2023-12-07,2493.139892578125,2499.72998046875,2481.0,2492.070068359375,2492.070068359375,446900,5.0,76.0,78.0,84.32835820895522,78.36134453781513
2023-12-08,2510.239990234375,2521.580078125,2507.139892578125,2517.85009765625,2517.85009765625,431800,69.0,74.0,80.0,83.76865671641792,80.0420168067227
2023-12-11,2524.7900390625,2528.889892578125,2512.449951171875,2525.360107421875,2525.360107421875,435000,94.0,73.0,83.0,83.0223880597015,82.56302521008404
2023-12-12,2535.110107421875,2543.06005859375,2529.739990234375,2535.27001953125,2535.27001953125,378000,157.0,77.0,87.0,83.2089552238806,85.92436974789916
2023-12-13,2531.22998046875,2531.22998046875,2509.889892578125,2510.659912109375,2510.659912109375,377900,56.0,73.0,83.0,82.08955223880598,87.39495798319328
2023-12-14,2547.739990234375,2549.64990234375,2532.159912109375,2544.179931640625,2544.179931640625,530100,174.0,80.0,86.0,82.8358208955224,89.49579831932773
2023-12-15,2558.43994140625,2574.22998046875,2555.300048828125,2563.56005859375,2563.56005859375,465300,263.0,93.0,94.0,84.88805970149255,92.01680672268907
2023-12-18,2568.77001953125,2573.1298828125,2556.050048828125,2566.860107421875,2566.860107421875,383000,215.0,102.0,100.0,86.38059701492537,93.27731092436974
2023-12-19,2564.81005859375,2570.06005859375,2556.52001953125,2568.550048828125,2568.550048828125,392500,170.0,108.0,103.0,87.5,93.69747899159664
2023-12-20,2586.989990234375,2615.3798828125,2584.85009765625,2614.300048828125,2614.300048828125,570400,238.0,118.0,109.0,88.99253731343285,93.69747899159664
2023-12-21,2598.3701171875,2610.81005859375,2587.159912109375,2600.02001953125,2600.02001953125,578300,174.0,126.0,113.0,89.92537313432837,93.9075630252101
2023-12-22,2617.719970703125,2621.3701171875,2599.510009765625,2599.510009765625,2599.510009765625,466000,159.0,132.0,117.0,90.85820895522389,94.11764705882354
2023-12-26,2609.43994140625,2612.139892578125,2594.64990234375,2602.590087890625,2602.590087890625,439500,128.0,138.0,119.0,91.6044776119403,93.69747899159664
2023-12-27,2599.35009765625,2613.5,2590.080078125,2613.5,2613.5,349700,114.0,144.0,121.0,92.91044776119404,93.9075630252101
2023-12-28,2616.27001953125,2655.280029296875,2611.719970703125,2655.280029296875,2655.280029296875,460100,152.0,154.0,124.0,94.58955223880598,94.11764705882354
2024-01-02,2645.469970703125,2675.800048828125,2641.8798828125,2669.81005859375,2669.81005859375,409900,160.0,161.0,127.0,96.82835820895522,95.37815126050421
2024-01-03,2643.5400390625,2643.719970703125,2607.31005859375,2607.31005859375,2607.31005859375,463100,85.0,160.0,128.0,97.38805970149255,96.21848739495798
2024-01-04,2592.43994140625,2602.639892578125,2580.090087890625,2587.02001953125,2587.02001953125,770200,35.0,152.0,126.0,95.8955223880597,96.00840336134453
2024-01-05,2586.889892578125,2592.2900390625,2572.60009765625,2578.080078125,2578.080078125,520500,16.0,149.0,125.0,95.5223880597015,96.21848739495798
2024-01-08,2584.22998046875,2591.679931640625,2566.340087890625,2567.820068359375,2567.820068359375,320100,-0.0,136.0,123.0,92.72388059701493,95.58823529411765
2024-01-09,2598.31005859375,2599.3701171875,2556.0,2561.239990234375,2561.239990234375,790300,-15.0,116.0,122.0,88.43283582089552,95.37815126050421
2024-01-10,2563.969970703125,2568.18994140625,2539.820068359375,2541.97998046875,2541.97998046875,570000,-69.0,96.0,115.0,81.90298507462687,91.80672268907563
2024-01-11,2543.030029296875,2557.300048828125,2540.27001953125,2540.27001953125,2540.27001953125,788400,-83.0,78.0,106.0,74.4402985074627,86.76470588235294
2024-01-12,2536.550048828125,2543.830078125,2517.760009765625,2525.050048828125,2525.050048828125,790200,-120.0,53.0,93.0,67.72388059701493,81.9327731092437
2024-01-15,2525.68994140625,2536.06005859375,2515.840087890625,2525.989990234375,2525.989990234375,800000,-130.0,31.0,83.0,61.94029850746269,77.94117647058823
2024-01-16,2516.27001953125,2524.35009765625,2491.1298828125,2497.590087890625,2497.590087890625,659600,-165.0,8.0,66.0,57.276119402985074,73.73949579831933
2024-01-17,2501.22998046875,2503.909912109375,2435.340087890625,2435.89990234375,2435.89990234375,965600,-216.0,-17.0,42.0,52.79850746268657,68.27731092436974
2024-01-18,2439.9599609375,2453.969970703125,2429.1201171875,2440.0400390625,2440.0400390625,570000,-197.0,-39.0,22.0,47.76119402985075,63.445378151260506
2024-01-19,2468.429931640625,2479.0,2455.5,2472.739990234375,2472.739990234375,518800,-129.0,-59.0,7.0,41.6044776119403,57.983193277310924
2024-01-22,2489.570068359375,2490.68994140625,2464.35009765625,2464.35009765625,2464.35009765625,386600,-108.0,-78.0,-10.0,34.14179104477612,52.3109243697479
2024-01-23,2478.320068359375,2482.840087890625,2464.239990234375,2478.610107421875,2478.610107421875,472300,-94.0,-91.0,-24.0,27.79850746268657,47.26890756302521
2024-01-24,2476.219970703125,2476.219970703125,2454.340087890625,2469.68994140625,2469.68994140625,395500,-93.0,-100.0,-36.0,23.32089552238806,42.85714285714286
2024-01-25,2467.72998046875,2474.010009765625,2452.360107421875,2470.340087890625,2470.340087890625,357200,-85.0,-107.0,-47.0,19.776119402985074,39.49579831932773
2024-01-26,2458.050048828125,2502.610107421875,2453.449951171875,2478.56005859375,2478.56005859375,292700,-63.0,-112.0,-56.0,17.91044776119403,36.5546218487395
2024-01-29,2490.929931640625,2516.919921875,2483.81005859375,2500.64990234375,2500.64990234375,421800,-31.0,-113.0,-65.0,17.35074626865672,34.2436974789916
2024-01-30,2523.679931640625,2528.5400390625,2498.81005859375,2498.81005859375,2498.81005859375,481800,-12.0,-109.0,-74.0,20.149253731343286,31.302521008403364
2024-01-31,2487.89990234375,2502.449951171875,2486.969970703125,2497.090087890625,2497.090087890625,437600,-25.0,-105.0,-79.0,24.06716417910448,29.201680672268907
2024-02-01,2491.929931640625,2542.4599609375,2491.929931640625,2542.4599609375,2542.4599609375,751100,35.0,-94.0,-79.0,26.11940298507463,26.89075630252101
2024-02-02,2559.39990234375,2615.340087890625,2559.389892578125,2615.31005859375,2615.31005859375,588700,165.0,-73.0,-72.0,28.171641791044777,25.0
2024-02-05,2612.77001953125,2612.77001953125,2562.5,2591.31005859375,2591.31005859375,511700,146.0,-50.0,-64.0,30.223880597014926,24.789915966386555
2024-02-06,2584.199951171875,2599.179931640625,2563.8701171875,2576.199951171875,2576.199951171875,411600,127.0,-26.0,-57.0,33.3955223880597,25.0
2024-02-07,2592.590087890625,2625.239990234375,2588.090087890625,2609.580078125,2609.580078125,518200,158.0,-1.0,-46.0,37.87313432835821,28.571428571428573
2024-02-08,2620.260009765625,2629.510009765625,2610.2099609375,2620.320068359375,2620.320068359375,430000,155.0,20.0,-34.0,44.21641791044777,34.03361344537815
2024-02-13,2644.169921875,2656.8701171875,2640.9599609375,2649.639892578125,2649.639892578125,559400,163.0,39.0,-20.0,50.559701492537314,38.445378151260506
2024-02-14,2609.60009765625,2627.31005859375,2601.989990234375,2620.419921875,2620.419921875,543500,105.0,53.0,-8.0,55.03731343283582,41.80672268907563
2024-02-15,2643.81005859375,2643.860107421875,2613.800048828125,2613.800048828125,2613.800048828125,621400,98.0,67.0,5.0,58.768656716417915,43.90756302521009
2024-02-16,2635.6298828125,2648.760009765625,2625.010009765625,2648.760009765625,2648.760009765625,593800,102.0,80.0,21.0,60.63432835820896,45.58823529411765
2024-02-19,2653.1201171875,2683.389892578125,2653.1201171875,2680.260009765625,2680.260009765625,422700,119.0,93.0,37.0,63.059701492537314,48.94957983193277
2024-02-20,2671.550048828125,2673.840087890625,2643.929931640625,2657.7900390625,2657.7900390625,612700,96.0,102.0,48.0,63.43283582089553,51.680672268907564
2024-02-21,2656.919921875,2670.949951171875,2644.0400390625,2653.31005859375,2653.31005859375,562100,86.0,109.0,58.0,63.246268656716424,54.411764705882355
2024-02-22,2671.68994140625,2671.68994140625,2653.989990234375,2664.27001953125,2664.27001953125,456400,88.0,117.0,67.0,63.61940298507463,57.563025210084035
2024-02-23,2681.030029296875,2694.800048828125,2665.2099609375,2667.699951171875,2667.699951171875,415400,96.0,122.0,76.0,65.29850746268657,59.87394957983194
2024-02-26,2657.35009765625,2659.60009765625,2629.780029296875,2647.080078125,2647.080078125,530500,57.0,114.0,83.0,66.97761194029852,62.39495798319328
2024-02-27,2654.760009765625,2654.760009765625,2619.3798828125,2625.050048828125,2625.050048828125,574300,36.0,106.0,88.0,68.28358208955224,64.28571428571429
2024-02-28,2629.110107421875,2657.320068359375,2623.14990234375,2652.2900390625,2652.2900390625,421600,48.0,100.0,92.0,68.84328358208955,65.75630252100841
2024-02-29,2643.47998046875,2647.56005859375,2628.6201171875,2642.360107421875,2642.360107421875,496100,35.0,92.0,94.0,68.47014925373135,66.59663865546219
2024-03-04,2664.52001953125,2682.800048828125,2662.320068359375,2674.27001953125,2674.27001953125,404000,100.0,88.0,101.0,66.4179104477612,67.43697478991596
2024-03-05,2660.800048828125,2684.830078125,2649.35009765625,2649.39990234375,2649.39990234375,457200,69.0,81.0,102.0,61.194029850746276,66.17647058823529
2024-03-06,2638.840087890625,2649.780029296875,2630.159912109375,2641.489990234375,2641.489990234375,379000,3.0,74.0,94.0,58.3955223880597,65.33613445378151
2024-03-07,2653.97998046875,2660.260009765625,2633.570068359375,2647.6201171875,2647.6201171875,462900,18.0,68.0,88.0,56.52985074626866,64.70588235294117
2024-03-08,2676.7900390625,2688.0,2668.3798828125,2680.35009765625,2680.35009765625,454300,130.0,70.0,88.0,57.462686567164184,64.49579831932773
2024-03-11,2665.580078125,2677.2099609375,2658.739990234375,2659.840087890625,2659.840087890625,389800,66.0,66.0,84.0,54.104477611940304,61.76470588235294
2024-03-12,2673.469970703125,2686.139892578125,2659.719970703125,2681.81005859375,2681.81005859375,404000,102.0,67.0,81.0,53.17164179104478,58.61344537815126
2024-03-13,2694.7099609375,2701.449951171875,2679.5400390625,2693.570068359375,2693.570068359375,497200,147.0,71.0,80.0,54.47761194029851,57.563025210084035
2024-03-14,2698.3701171875,2718.760009765625,2696.31005859375,2718.760009765625,2718.760009765625,609300,202.0,79.0,85.0,56.71641791044777,58.82352941176471
2024-03-15,2701.909912109375,2705.590087890625,2666.840087890625,2666.840087890625,2666.840087890625,582100,71.0,77.0,84.0,57.276119402985074,59.03361344537815
2024-03-18,2678.52001953125,2688.070068359375,2665.280029296875,2685.840087890625,2685.840087890625,408200,64.0,78.0,82.0,57.649253731343286,60.08403361344538
2024-03-19,2673.570068359375,2673.570068359375,2645.139892578125,2656.169921875,2656.169921875,695900,-24.0,74.0,74.0,56.343283582089555,58.61344537815126
2024-03-20,2680.699951171875,2692.52001953125,2674.090087890625,2690.139892578125,2690.139892578125,720500,82.0,76.0,74.0,56.15671641791045,59.87394957983194
2024-03-21,2731.179931640625,2755.449951171875,2724.25,2754.860107421875,2754.860107421875,823700,251.0,92.0,82.0,58.95522388059702,63.23529411764706
2024-03-22,2751.14990234375,2763.06005859375,2738.179931640625,2748.56005859375,2748.56005859375,509500,217.0,100.0,88.0,61.38059701492538,65.33613445378151
2024-03-25,2756.590087890625,2763.6298828125,2731.699951171875,2737.570068359375,2737.570068359375,489600,166.0,107.0,92.0,65.29850746268657,66.38655462184875
2024-03-26,2756.419921875,2779.39990234375,2752.27001953125,2757.090087890625,2757.090087890625,448300,173.0,119.0,98.0,68.65671641791045,66.80672268907563
2024-03-27,2745.0,2762.030029296875,2745.0,2755.110107421875,2755.110107421875,510600,129.0,127.0,102.0,70.5223880597015,66.38655462184875
2024-03-28,2753.219970703125,2756.860107421875,2742.679931640625,2745.820068359375,2745.820068359375,419300,102.0,125.0,105.0,70.1492537313433,65.54621848739495
2024-03-29,2757.27001953125,2757.550048828125,2739.1201171875,2746.6298828125,2746.6298828125,495500,88.0,126.0,108.0,71.08208955223881,63.865546218487395
2024-04-01,2766.239990234375,2769.8701171875,2747.39990234375,2747.860107421875,2747.860107421875,397600,89.0,126.0,107.0,73.32089552238807,63.865546218487395
2024-04-02,2744.14990234375,2760.330078125,2737.18994140625,2753.159912109375,2753.159912109375,630400,72.0,120.0,107.0,73.50746268656717,67.22689075630252
2024-04-03,2730.679931640625,2732.2900390625,2706.969970703125,2706.969970703125,2706.969970703125,640800,6.0,106.0,108.0,70.5223880597015,68.4873949579832
2024-04-04,2738.239990234375,2746.389892578125,2727.10009765625,2742.0,2742.0,478000,44.0,104.0,109.0,69.21641791044777,68.90756302521008
2024-04-05,2713.9599609375,2730.469970703125,2705.31005859375,2714.2099609375,2714.2099609375,621000,-5.0,99.0,102.0,67.16417910447761,67.85714285714286
2024-04-08,2718.760009765625,2725.580078125,2706.739990234375,2717.64990234375,2717.64990234375,620700,-11.0,100.0,98.0,67.16417910447761,68.90756302521008
2024-04-09,2733.22998046875,2741.22998046875,2703.9599609375,2705.159912109375,2705.159912109375,470200,-17.0,93.0,92.0,66.6044776119403,70.37815126050421
2024-04-11,2665.39990234375,2718.070068359375,2661.919921875,2706.9599609375,2706.9599609375,561300,-72.0,70.0,81.0,63.61940298507463,70.37815126050421
2024-04-12,2710.889892578125,2712.449951171875,2678.2099609375,2681.820068359375,2681.820068359375,513700,-78.0,49.0,67.0,60.63432835820896,68.4873949579832
2024-04-15,2661.360107421875,2673.260009765625,2641.159912109375,2670.429931640625,2670.429931640625,562000,-143.0,27.0,57.0,58.0223880597015,67.01680672268907
2024-04-16,2644.169921875,2647.60009765625,2601.449951171875,2609.6298828125,2609.6298828125,570200,-213.0,-1.0,43.0,54.47761194029851,64.28571428571429
2024-04-17,2619.14990234375,2626.6298828125,2584.179931640625,2584.179931640625,2584.179931640625,414300,-228.0,-26.0,33.0,51.865671641791046,63.02521008403362
2024-04-18,2595.4599609375,2642.030029296875,2593.260009765625,2634.699951171875,2634.699951171875,478800,-154.0,-44.0,21.0,50.37313432835821,60.92436974789916
2024-04-19,2600.68994140625,2609.89990234375,2553.550048828125,2591.860107421875,2591.860107421875,809500,-174.0,-63.0,-0.0,48.69402985074627,55.88235294117647
2024-04-22,2615.719970703125,2629.43994140625,2604.3701171875,2629.43994140625,2629.43994140625,401900,-105.0,-77.0,-17.0,45.149253731343286,51.260504201680675
2024-04-23,2632.14990234375,2641.780029296875,2619.719970703125,2623.02001953125,2623.02001953125,430300,-84.0,-88.0,-29.0,41.417910447761194,48.529411764705884
2024-04-24,2662.840087890625,2677.85009765625,2662.840087890625,2675.75,2675.75,325100,-21.0,-90.0,-39.0,39.365671641791046,45.168067226890756
2024-04-25,2646.800048828125,2656.510009765625,2628.6201171875,2628.6201171875,2628.6201171875,334100,-60.0,-98.0,-48.0,36.19402985074627,42.016806722689076
2024-04-26,2650.93994140625,2662.10009765625,2641.35009765625,2656.330078125,2656.330078125,450500,-34.0,-100.0,-55.0,34.701492537313435,39.91596638655462
2024-04-29,2675.4599609375,2687.43994140625,2665.2099609375,2687.43994140625,2687.43994140625,470500,9.0,-98.0,-59.0,33.3955223880597,39.075630252100844
2024-04-30,2693.219970703125,2710.22998046875,2687.2900390625,2692.06005859375,2692.06005859375,460100,42.0,-94.0,-61.0,31.343283582089555,37.60504201680672
2024-05-02,2679.0400390625,2692.469970703125,2678.840087890625,2683.64990234375,2683.64990234375,351100,30.0,-87.0,-63.0,29.1044776119403,35.294117647058826
2024-05-03,2704.31005859375,2705.260009765625,2676.6298828125,2676.6298828125,2676.6298828125,338600,36.0,-78.0,-62.0,26.865671641791046,34.03361344537815
2024-05-07,2718.169921875,2734.360107421875,2716.6201171875,2734.360107421875,2734.360107421875,532200,115.0,-60.0,-58.0,26.679104477611943,33.403361344537814
2024-05-08,2732.110107421875,2745.050048828125,2727.929931640625,2745.050048828125,2745.050048828125,436300,130.0,-36.0,-52.0,27.611940298507463,33.19327731092437
2024-05-09,2743.2900390625,2749.139892578125,2710.25,2712.139892578125,2712.139892578125,423800,100.0,-12.0,-46.0,29.1044776119403,32.773109243697476
2024-05-10,2737.949951171875,2743.580078125,2723.2099609375,2727.6298828125,2727.6298828125,586100,111.0,7.0,-40.0,30.037313432835823,31.932773109243698
2024-05-13,2735.199951171875,2738.3798828125,2713.919921875,2727.2099609375,2727.2099609375,625300,96.0,26.0,-31.0,31.343283582089555,30.46218487394958
2024-05-14,2732.97998046875,2735.820068359375,2722.739990234375,2730.340087890625,2730.340087890625,443300,94.0,40.0,-23.0,33.95522388059702,30.04201680672269
2024-05-16,2770.27001953125,2773.4599609375,2748.219970703125,2753.0,2753.0,521800,122.0,55.0,-9.0,37.5,32.14285714285714
2024-05-17,2751.469970703125,2752.169921875,2724.6201171875,2724.6201171875,2724.6201171875,575900,79.0,62.0,5.0,40.85820895522389,34.2436974789916
2024-05-20,2741.239990234375,2756.409912109375,2734.639892578125,2742.139892578125,2742.139892578125,582100,88.0,73.0,21.0,45.33582089552239,36.76470588235294
2024-05-21,2733.030029296875,2734.47998046875,2719.739990234375,2724.179931640625,2724.179931640625,560800,53.0,79.0,31.0,48.69402985074627,38.445378151260506
2024-05-22,2723.4599609375,2733.070068359375,2707.8701171875,2723.4599609375,2723.4599609375,484700,39.0,81.0,42.0,51.67910447761194,41.596638655462186
2024-05-23,2719.030029296875,2734.27001953125,2704.0,2721.81005859375,2721.81005859375,427400,30.0,80.0,49.0,53.73134328358209,44.32773109243698
2024-05-24,2693.64990234375,2696.989990234375,2681.169921875,2687.60009765625,2687.60009765625,501600,-50.0,74.0,50.0,54.85074626865672,46.00840336134454
2024-05-27,2697.159912109375,2725.080078125,2693.659912109375,2722.989990234375,2722.989990234375,556700,7.0,72.0,52.0,57.83582089552239,48.73949579831933
2024-05-28,2715.52001953125,2730.1201171875,2714.340087890625,2722.85009765625,2722.85009765625,441000,23.0,66.0,56.0,61.194029850746276,52.73109243697479
2024-05-29,2719.56005859375,2721.6298828125,2677.070068359375,2677.300048828125,2677.300048828125,439000,-94.0,50.0,53.0,62.126865671641795,54.831932773109244
2024-05-30,2666.6298828125,2666.6298828125,2635.43994140625,2635.43994140625,2635.43994140625,371900,-231.0,26.0,41.0,61.194029850746276,54.831932773109244
2024-05-31,2657.8701171875,2664.47998046875,2635.77001953125,2636.52001953125,2636.52001953125,613700,-191.0,5.0,29.0,60.44776119402985,54.831932773109244
2024-06-03,2657.81005859375,2690.72998046875,2657.81005859375,2682.52001953125,2682.52001953125,782300,-99.0,-9.0,23.0,61.56716417910448,56.09243697478992
2024-06-04,2668.72998046875,2679.469970703125,2659.429931640625,2662.10009765625,2662.10009765625,773500,-117.0,-24.0,15.0,61.194029850746276,57.35294117647059
2024-06-05,2681.110107421875,2697.429931640625,2667.6298828125,2689.5,2689.5,881500,-62.0,-38.0,6.0,59.701492537313435,58.19327731092437
2024-06-07,2718.25,2729.6298828125,2705.22998046875,2722.669921875,2722.669921875,783900,27.0,-41.0,1.0,60.07462686567165,59.66386554621849
2024-06-10,2698.7099609375,2718.889892578125,2689.18994140625,2701.169921875,2701.169921875,506900,-12.0,-48.0,-4.0,59.88805970149254,61.134453781512605
2024-06-11,2716.719970703125,2718.8798828125,2702.169921875,2705.320068359375,2705.320068359375,558900,6.0,-52.0,-10.0,59.701492537313435,61.97478991596639
2024-06-12,2709.64990234375,2730.300048828125,2707.43994140625,2728.169921875,2728.169921875,511000,43.0,-51.0,-12.0,60.26119402985075,64.28571428571429
2024-06-13,2764.179931640625,2776.719970703125,2752.610107421875,2754.889892578125,2754.889892578125,700000,138.0,-44.0,-10.0,61.94029850746269,66.38655462184875
2024-06-14,2759.219970703125,2769.159912109375,2750.860107421875,2758.419921875,2758.419921875,645000,133.0,-31.0,-10.0,64.73880597014926,67.43697478991596
2024-06-17,2754.830078125,2759.860107421875,2741.030029296875,2744.10009765625,2744.10009765625,594000,100.0,-24.0,-8.0,66.23134328358209,68.69747899159664
2024-06-18,2765.699951171875,2772.35009765625,2759.030029296875,2763.919921875,2763.919921875,561500,135.0,-16.0,-6.0,66.7910447761194,69.74789915966386
2024-06-19,0.0,0.0,0.0,2797.330078125,2797.330078125,0,-667.0,-57.0,-42.0,58.3955223880597,62.39495798319328
