index,date,today_earning_rate,sum_valuation_profit,total_profit,today_profit,today_profitcut_count,today_losscut_count,today_profitcut,today_losscut,d2_deposit,total_possess_count,today_buy_count,today_buy_list_count,today_reinvest_count,today_cant_reinvest_count,total_asset,total_invest,sum_item_total_purchase,total_evaluation,today_rate,today_invest_price,today_reinvest_price,today_sell_price,volume_limit,reinvest_point,sell_point,max_reinvest_count,invest_limit_rate,invest_unit,rate_std_sell_point,limit_money,total_profitcut,total_losscut,total_profitcut_count,total_losscut_count,loan_money,start_kospi_point,start_kosdaq_point,end_kospi_point,end_kosdaq_point,today_buy_total_sell_count,today_buy_total_possess_count,today_buy_today_profitcut_count,today_buy_today_profitcut_rate,today_buy_today_losscut_count,today_buy_today_losscut_rate,today_buy_total_profitcut_count,today_buy_total_profitcut_rate,today_buy_total_losscut_count,today_buy_total_losscut_rate,today_buy_reinvest_count0_sell_count,today_buy_reinvest_count1_sell_count,today_buy_reinvest_count2_sell_count,today_buy_reinvest_count3_sell_count,today_buy_reinvest_count4_sell_count,today_buy_reinvest_count4_sell_profitcut_count,today_buy_reinvest_count4_sell_losscut_count,today_buy_reinvest_count5_sell_count,today_buy_reinvest_count5_sell_profitcut_count,today_buy_reinvest_count5_sell_losscut_count,today_buy_reinvest_count0_remain_count,today_buy_reinvest_count1_remain_count,today_buy_reinvest_count2_remain_count,today_buy_reinvest_count3_remain_count,today_buy_reinvest_count4_remain_count,today_buy_reinvest_count5_remain_count
0,20220104,,33754,0,,0,0,,,29516800,1,0,0,,,,30033754,483200,516954,6.66,483200,,,,,99999,,1.05,500000,,100000,,,0,0,,,,,,0,0,0,,0,,0,,0,,,,,,,,,,,,,,,,,
0,20220105,0.09,27371,27371,27371,1,0,27371,,30027371,0,0,0,,,,30027371,0,0,6.66,0,,510571,,,99999,,1.05,500000,,100000,27371,,1,0,,,,,,0,0,0,,0,,0,,0,,,,,,,,,,,,,,,,,
0,20220106,,27371,27371,,0,0,,,30027371,0,0,0,,,,30027371,0,0,6.66,0,,,,,99999,,1.05,500000,,100000,27371,,1,0,,,,,,0,0,0,,0,,0,,0,,,,,,,,,,,,,,,,,
0,20220107,,27371,27371,,0,0,,,30027371,0,0,0,,,,30027371,0,0,6.66,0,,,,,99999,,1.05,500000,,100000,27371,,1,0,,,,,,0,0,0,,0,,0,,0,,,,,,,,,,,,,,,,,
0,20220110,,27371,27371,,0,0,,,30027371,0,0,0,,,,30027371,0,0,6.66,0,,,,,99999,,1.05,500000,,100000,27371,,1,0,,,,,,0,0,0,,0,,0,,0,,,,,,,,,,,,,,,,,
0,20220111,,27371,27371,,0,0,,,30027371,0,0,0,,,,30027371,0,0,6.66,0,,,,,99999,,1.05,500000,,100000,27371,,1,0,,,,,,0,0,0,,0,,0,,0,,,,,,,,,,,,,,,,,
0,20220112,,31619,27371,,0,0,,,29549771,1,0,0,,,,30031619,477600,481848,0.56,477600,,,,,99999,,1.05,500000,,100000,27371,,1,0,,,,,,0,0,0,,0,,0,,0,,,,,,,,,,,,,,,,,
0,20220113,,31619,27371,,0,0,,,29549771,1,0,0,,,,30031619,477600,481848,0.56,0,,,,,99999,,1.05,500000,,100000,27371,,1,0,,,,,,0,0,0,,0,,0,,0,,,,,,,,,,,,,,,,,
0,20220114,,36406,27371,,0,0,,,29549771,1,0,0,,,,30036406,477600,486635,1.56,0,,,,,99999,,1.05,500000,,100000,27371,,1,0,,,,,,0,0,0,,0,,0,,0,,,,,,,,,,,,,,,,,
0,20220117,,25236,27371,,0,0,,,29549771,1,0,2,,,,30025236,477600,475465,-0.78,0,,,,,99999,,1.05,500000,,100000,27371,,1,0,,,,,,0,0,0,,0,,0,,0,,,,,,,,,,,,,,,,,
0,20220118,,19651,27371,,0,0,,,29549771,1,0,1,,,,30019651,477600,469880,-1.95,0,,,,,99999,,1.05,500000,,100000,27371,,1,0,,,,,,0,0,0,,0,,0,,0,,,,,,,,,,,,,,,,,
0,20220119,,13268,27371,,0,0,,,29549771,1,0,1,,,,30013268,477600,463497,-3.28,0,,,,,99999,,1.05,500000,,100000,27371,,1,0,,,,,,0,0,0,,0,,0,,0,,,,,,,,,,,,,,,,,
0,20220120,,24556,27371,,0,0,,,29050551,2,0,1,,,,30024556,976820,974005,-0.62,499220,,,,,99999,,1.05,500000,,100000,27371,,1,0,,,,,,0,0,0,,0,,0,,0,,,,,,,,,,,,,,,,,
0,20220121,,18033,27371,,0,0,,,29050551,2,0,1,,,,30018033,976820,967482,-1.29,0,,,,,99999,,1.05,500000,,100000,27371,,1,0,,,,,,0,0,0,,0,,0,,0,,,,,,,,,,,,,,,,,
0,20220124,,-28744,27371,,0,0,,,28550991,3,0,2,,,,29971256,1476380,1420265,-4.13,499560,,,,,99999,,1.05,500000,,100000,27371,,1,0,,,,,,0,0,0,,0,,0,,0,,,,,,,,,,,,,,,,,
0,20220125,,-68545,27371,,0,0,,,28053491,4,0,10,,,,29931455,1973880,1877964,-5.19,497500,,,,,99999,,1.05,500000,,100000,27371,,1,0,,,,,,0,0,0,,0,,0,,0,,,,,,,,,,,,,,,,,
0,20220126,,-52660,27371,,0,0,,,24097741,12,0,9,,,,29947340,5929630,5849599,-1.68,3955750,,,,,99999,,1.05,500000,,100000,27371,,1,0,,,,,,0,0,0,,0,,0,,0,,,,,,,,,,,,,,,,,
0,20220127,,-234339,27371,,0,0,,,24097741,12,0,10,,,,29765661,5929630,5667920,-4.74,0,,,,,99999,,1.05,500000,,100000,27371,,1,0,,,,,,0,0,0,,0,,0,,0,,,,,,,,,,,,,,,,,
0,20220128,,-64247,27371,,0,0,,,10914477,39,0,15,,,,29935753,19112894,19021276,-0.81,13183264,,,,,99999,,1.05,500000,,100000,27371,,1,0,,,,,,0,0,0,,0,,0,,0,,,,,,,,,,,,,,,,,
0,20220203,,434713,27371,,0,0,,,10914477,39,0,3,,,,30434713,19112894,19520236,1.8,0,,,,,99999,,1.05,500000,,100000,27371,,1,0,,,,,,0,0,0,,0,,0,,0,,,,,,,,,,,,,,,,,
0,20220204,,817140,27371,,0,0,,,9922537,41,0,1,,,,30817140,20104834,20894603,3.6,991940,,,,,99999,,1.05,500000,,100000,27371,,1,0,,,,,,0,0,0,,0,,0,,0,,,,,,,,,,,,,,,,,
0,20220207,,966359,27371,,0,0,,,9444137,42,0,0,,,,30966359,20583234,21522222,4.23,478400,,,,,99999,,1.05,500000,,100000,27371,,1,0,,,,,,0,0,0,,0,,0,,0,,,,,,,,,,,,,,,,,
0,20220208,,918272,27371,,0,0,,,9444137,42,0,0,,,,30918272,20583234,21474135,4,0,,,,,99999,,1.05,500000,,100000,27371,,1,0,,,,,,0,0,0,,0,,0,,0,,,,,,,,,,,,,,,,,
0,20220209,,1335192,27371,,0,0,,,9444137,42,0,0,,,,31335192,20583234,21891055,6.02,0,,,,,99999,,1.05,500000,,100000,27371,,1,0,,,,,,0,0,0,,0,,0,,0,,,,,,,,,,,,,,,,,
0,20220210,0.43,1223456,161225,133854,2,0,133854,,10563141,40,0,0,,,,31223456,19598084,20660315,5.09,0,,1119004,,,99999,,1.05,500000,,100000,161225,,3,0,,,,,,0,0,0,,0,,0,,0,,,,,,,,,,,,,,,,,
0,20220211,0.12,1033545,197820,36595,1,0,36595,,11065736,39,0,0,,,,31033545,19132084,19967809,4.04,0,,502595,,,99999,,1.05,500000,,100000,197820,,4,0,,,,,,0,0,0,,0,,0,,0,,,,,,,,,,,,,,,,,
0,20220214,0.27,539669,279944,82124,3,1,179608,-97484,13077710,35,0,0,,,,30539669,17202234,17461959,1.18,0,,2011974,,,99999,,1.05,500000,,100000,377428,-97484,7,1,,,,,,0,0,0,,0,,0,,0,,,,,,,,,,,,,,,,,
0,20220215,,375580,279944,,0,0,,,13077710,35,0,1,,,,30375580,17202234,17297870,0.23,0,,,,,99999,,1.05,500000,,100000,377428,-97484,7,1,,,,,,0,0,0,,0,,0,,0,,,,,,,,,,,,,,,,,
0,20220216,,902539,279944,,0,0,,,12619610,36,0,0,,,,30902539,17660334,18282929,3.2,458100,,,,,99999,,1.05,500000,,100000,377428,-97484,7,1,,,,,,0,0,0,,0,,0,,0,,,,,,,,,,,,,,,,,
0,20220217,,881810,279944,,0,0,,,12619610,36,0,0,,,,30881810,17660334,18262200,3.08,0,,,,,99999,,1.05,500000,,100000,377428,-97484,7,1,,,,,,0,0,0,,0,,0,,0,,,,,,,,,,,,,,,,,
0,20220218,,1063444,279944,,0,0,,,12619610,36,0,0,,,,31063444,17660334,18443834,4.11,0,,,,,99999,,1.05,500000,,100000,377428,-97484,7,1,,,,,,0,0,0,,0,,0,,0,,,,,,,,,,,,,,,,,
0,20220221,0.18,1061183,337315,57371,1,0,57371,,13167181,35,0,0,,,,31061183,17170134,17894002,3.89,0,,547571,,,99999,,1.05,500000,,100000,434799,-97484,8,1,,,,,,0,0,0,,0,,0,,0,,,,,,,,,,,,,,,,,
0,20220222,,660035,337315,,0,0,,,13167181,35,0,0,,,,30660035,17170134,17492854,1.55,0,,,,,99999,,1.05,500000,,100000,434799,-97484,8,1,,,,,,0,0,0,,0,,0,,0,,,,,,,,,,,,,,,,,
0,20220223,,867088,337315,,0,0,,,13167181,35,0,0,,,,30867088,17170134,17699907,2.76,0,,,,,99999,,1.05,500000,,100000,434799,-97484,8,1,,,,,,0,0,0,,0,,0,,0,,,,,,,,,,,,,,,,,
0,20220224,0.01,463410,341536,4221,1,0,4221,,13658602,34,0,1,,,,30463410,16682934,16804808,0.4,0,,491421,,,99999,,1.05,500000,,100000,439020,-97484,9,1,,,,,,0,0,0,,0,,0,,0,,,,,,,,,,,,,,,,,
0,20220225,,883554,341536,,0,0,,,13658602,34,0,3,,,,30883554,16682934,17224952,2.92,0,,,,,99999,,1.05,500000,,100000,439020,-97484,9,1,,,,,,0,0,0,,0,,0,,0,,,,,,,,,,,,,,,,,
0,20220228,0.39,1118419,461819,120283,3,0,120283,,15270695,31,0,1,,,,31118419,15191124,15847724,3.99,0,,1612093,,,99999,,1.05,500000,,100000,559303,-97484,12,1,,,,,,0,0,0,,0,,0,,0,,,,,,,,,,,,,,,,,
0,20220302,,1249815,461819,,0,0,,,15270695,31,0,0,,,,31249815,15191124,15979120,4.86,0,,,,,99999,,1.05,500000,,100000,559303,-97484,12,1,,,,,,0,0,0,,0,,0,,0,,,,,,,,,,,,,,,,,
0,20220303,,1523129,461819,,0,0,,,15270695,31,0,1,,,,31523129,15191124,16252434,6.66,0,,,,,99999,,1.05,500000,,100000,559303,-97484,12,1,,,,,,0,0,0,,0,,0,,0,,,,,,,,,,,,,,,,,
0,20220304,0.66,1450238,668853,207034,4,0,207034,,17463849,27,0,1,,,,31450238,13205004,13986389,5.59,0,,2193154,,,99999,,1.05,500000,,100000,766337,-97484,16,1,,,,,,0,0,0,,0,,0,,0,,,,,,,,,,,,,,,,,
0,20220307,0.11,1140155,701581,32728,1,0,32728,,17989777,26,0,1,,,,31140155,12711804,13150378,3.12,0,,525928,,,99999,,1.05,500000,,100000,799065,-97484,17,1,,,,,,0,0,0,,0,,0,,0,,,,,,,,,,,,,,,,,
0,20220308,,971331,701581,,0,0,,,17989777,26,0,1,,,,30971331,12711804,12981554,1.79,0,,,,,99999,,1.05,500000,,100000,799065,-97484,17,1,,,,,,0,0,0,,0,,0,,0,,,,,,,,,,,,,,,,,
0,20220310,,1239392,701581,,0,0,,,17989777,26,0,1,,,,31239392,12711804,13249615,3.9,0,,,,,99999,,1.05,500000,,100000,799065,-97484,17,1,,,,,,0,0,0,,0,,0,,0,,,,,,,,,,,,,,,,,
0,20220311,,1357366,701581,,0,0,,,17492527,27,0,1,,,,31357366,13209054,13864839,4.63,497250,,,,,99999,,1.05,500000,,100000,799065,-97484,17,1,,,,,,0,0,0,,0,,0,,0,,,,,,,,,,,,,,,,,
0,20220314,0.05,1051799,716455,14874,1,0,14874,,17965501,26,0,2,,,,31051799,12750954,13086298,2.3,0,,472974,,,99999,,1.05,500000,,100000,813939,-97484,18,1,,,,,,0,0,0,,0,,0,,0,,,,,,,,,,,,,,,,,
0,20220315,0.04,1021172,729480,13025,1,0,13025,,17993576,26,0,3,,,,31021172,12735904,13027596,1.96,462550,,490625,,,99999,,1.05,500000,,100000,826964,-97484,19,1,,,,,,0,0,0,,0,,0,,0,,,,,,,,,,,,,,,,,
0,20220316,,1307967,729480,,0,0,,,17993576,26,0,3,,,,31307967,12735904,13314391,4.21,0,,,,,99999,,1.05,500000,,100000,826964,-97484,19,1,,,,,,0,0,0,,0,,0,,0,,,,,,,,,,,,,,,,,
0,20220317,,1618035,729480,,0,0,,,17534576,27,0,0,,,,31618035,13194904,14083459,6.4,459000,,,,,99999,,1.05,500000,,100000,826964,-97484,19,1,,,,,,0,0,0,,0,,0,,0,,,,,,,,,,,,,,,,,
0,20220318,0.92,1724400,1021797,292317,4,0,292317,,19312943,24,0,0,,,,31724400,11708854,12411457,5.67,492800,,2271167,,,99999,,1.05,500000,,100000,1119281,-97484,23,1,,,,,,0,0,0,,0,,0,,0,,,,,,,,,,,,,,,,,
0,20220321,0.09,1732400,1049800,28003,1,0,28003,,19811946,23,0,1,,,,31732400,11237854,11920454,5.74,0,,499003,,,99999,,1.05,500000,,100000,1147284,-97484,24,1,,,,,,0,0,0,,0,,0,,0,,,,,,,,,,,,,,,,,
0,20220322,,1772821,1049800,,0,0,,,19811946,23,0,0,,,,31772821,11237854,11960875,6.1,0,,,,,99999,,1.05,500000,,100000,1147284,-97484,24,1,,,,,,0,0,0,,0,,0,,0,,,,,,,,,,,,,,,,,
0,20220323,0.19,1824908,1108723,58923,1,0,58923,,20369829,22,0,0,,,,31824908,10738894,11455079,6.34,0,,557883,,,99999,,1.05,500000,,100000,1206207,-97484,25,1,,,,,,0,0,0,,0,,0,,0,,,,,,,,,,,,,,,,,
0,20220324,0.13,1825280,1150916,42193,1,0,42193,,20908822,21,0,0,,,,31825280,10242094,10916458,6.25,0,,538993,,,99999,,1.05,500000,,100000,1248400,-97484,26,1,,,,,,0,0,0,,0,,0,,0,,,,,,,,,,,,,,,,,
0,20220325,,1851971,1150916,,0,0,,,20908822,21,0,0,,,,31851971,10242094,10943149,6.51,0,,,,,99999,,1.05,500000,,100000,1248400,-97484,26,1,,,,,,0,0,0,,0,,0,,0,,,,,,,,,,,,,,,,,
0,20220328,0.07,1840154,1174291,23375,1,0,23375,,21431757,20,0,0,,,,31840154,9742534,10408397,6.5,0,,522935,,,99999,,1.05,500000,,100000,1271775,-97484,27,1,,,,,,0,0,0,,0,,0,,0,,,,,,,,,,,,,,,,,
0,20220329,0.5,1950198,1335047,160756,4,1,168246,-7490,24066703,15,0,0,,,,31950198,7268344,7883495,8.13,0,,2634946,,,99999,,1.05,500000,,100000,1440021,-104974,31,2,,,,,,0,0,0,,0,,0,,0,,,,,,,,,,,,,,,,,
0,20220330,1.71,1981610,1882710,547663,12,1,582528,-34865,30961160,2,0,0,,,,31981610,921550,1020450,10.4,0,,6894457,,,99999,,1.05,500000,,100000,2022549,-139839,43,3,,,,,,0,0,0,,0,,0,,0,,,,,,,,,,,,,,,,,
0,20220331,,2001208,1882710,,0,0,,,30961160,2,0,0,,,,32001208,921550,1040048,12.53,0,,,,,99999,,1.05,500000,,100000,2022549,-139839,43,3,,,,,,0,0,0,,0,,0,,0,,,,,,,,,,,,,,,,,
0,20220401,,1985101,1882710,,0,0,,,30961160,2,0,0,,,,31985101,921550,1023941,10.78,0,,,,,99999,,1.05,500000,,100000,2022549,-139839,43,3,,,,,,0,0,0,,0,,0,,0,,,,,,,,,,,,,,,,,
0,20220404,,1986447,1882710,,0,0,,,30961160,2,0,0,,,,31986447,921550,1025287,10.93,0,,,,,99999,,1.05,500000,,100000,2022549,-139839,43,3,,,,,,0,0,0,,0,,0,,0,,,,,,,,,,,,,,,,,
0,20220405,,2009735,1882710,,0,0,,,30961160,2,0,0,,,,32009735,921550,1048575,13.45,0,,,,,99999,,1.05,500000,,100000,2022549,-139839,43,3,,,,,,0,0,0,,0,,0,,0,,,,,,,,,,,,,,,,,
0,20220406,0.24,2023848,1958221,75511,1,0,75511,,31495671,1,0,0,,,,32023848,462550,528177,13.86,0,,534511,,,99999,,1.05,500000,,100000,2098060,-139839,44,3,,,,,,0,0,0,,0,,0,,0,,,,,,,,,,,,,,,,,
0,20220407,,1997518,1958221,,0,0,,,31495671,1,0,0,,,,31997518,462550,501847,8.17,0,,,,,99999,,1.05,500000,,100000,2098060,-139839,44,3,,,,,,0,0,0,,0,,0,,0,,,,,,,,,,,,,,,,,
0,20220408,,1990935,1958221,,0,0,,,31495671,1,0,0,,,,31990935,462550,495264,6.74,0,,,,,99999,,1.05,500000,,100000,2098060,-139839,44,3,,,,,,0,0,0,,0,,0,,0,,,,,,,,,,,,,,,,,
0,20220411,,1979965,1958221,,0,0,,,31495671,1,0,0,,,,31979965,462550,484294,4.37,0,,,,,99999,,1.05,500000,,100000,2098060,-139839,44,3,,,,,,0,0,0,,0,,0,,0,,,,,,,,,,,,,,,,,
0,20220412,,1967897,1958221,,0,0,,,31495671,1,0,0,,,,31967897,462550,472226,1.76,0,,,,,99999,,1.05,500000,,100000,2098060,-139839,44,3,,,,,,0,0,0,,0,,0,,0,,,,,,,,,,,,,,,,,
0,20220413,,1973931,1958221,,0,0,,,31495671,1,0,0,,,,31973931,462550,478260,3.07,0,,,,,99999,,1.05,500000,,100000,2098060,-139839,44,3,,,,,,0,0,0,,0,,0,,0,,,,,,,,,,,,,,,,,
0,20220414,,1982159,1958221,,0,0,,,31495671,1,0,0,,,,31982159,462550,486488,4.85,0,,,,,99999,,1.05,500000,,100000,2098060,-139839,44,3,,,,,,0,0,0,,0,,0,,0,,,,,,,,,,,,,,,,,
0,20220415,,1981062,1958221,,0,0,,,31495671,1,0,0,,,,31981062,462550,485391,4.61,0,,,,,99999,,1.05,500000,,100000,2098060,-139839,44,3,,,,,,0,0,0,,0,,0,,0,,,,,,,,,,,,,,,,,
0,20220418,,1977222,1958221,,0,0,,,31495671,1,0,0,,,,31977222,462550,481551,3.78,0,,,,,99999,,1.05,500000,,100000,2098060,-139839,44,3,,,,,,0,0,0,,0,,0,,0,,,,,,,,,,,,,,,,,
0,20220419,,1976673,1958221,,0,0,,,31495671,1,0,0,,,,31976673,462550,481002,3.66,0,,,,,99999,,1.05,500000,,100000,2098060,-139839,44,3,,,,,,0,0,0,,0,,0,,0,,,,,,,,,,,,,,,,,
0,20220420,,1964057,1958221,,0,0,,,31495671,1,0,0,,,,31964057,462550,468386,0.93,0,,,,,99999,,1.05,500000,,100000,2098060,-139839,44,3,,,,,,0,0,0,,0,,0,,0,,,,,,,,,,,,,,,,,
0,20220421,,1958571,1958221,,0,0,,,31495671,1,0,0,,,,31958571,462550,462900,-0.25,0,,,,,99999,,1.05,500000,,100000,2098060,-139839,44,3,,,,,,0,0,0,,0,,0,,0,,,,,,,,,,,,,,,,,
0,20220422,,1955280,1958221,,0,0,,,31495671,1,0,0,,,,31955280,462550,459609,-0.97,0,,,,,99999,,1.05,500000,,100000,2098060,-139839,44,3,,,,,,0,0,0,,0,,0,,0,,,,,,,,,,,,,,,,,
0,20220425,,1944309,1958221,,0,0,,,31495671,1,0,0,,,,31944309,462550,448638,-3.34,0,,,,,99999,,1.05,500000,,100000,2098060,-139839,44,3,,,,,,0,0,0,,0,,0,,0,,,,,,,,,,,,,,,,,
0,20220426,,1943761,1958221,,0,0,,,31495671,1,0,0,,,,31943761,462550,448090,-3.46,0,,,,,99999,,1.05,500000,,100000,2098060,-139839,44,3,,,,,,0,0,0,,0,,0,,0,,,,,,,,,,,,,,,,,
0,20220427,,1934984,1958221,,0,0,,,31495671,1,0,0,,,,31934984,462550,439313,-5.35,0,,,,,99999,,1.05,500000,,100000,2098060,-139839,44,3,,,,,,0,0,0,,0,,0,,0,,,,,,,,,,,,,,,,,
0,20220428,,1935533,1958221,,0,0,,,31495671,1,0,0,,,,31935533,462550,439862,-5.23,0,,,,,99999,,1.05,500000,,100000,2098060,-139839,44,3,,,,,,0,0,0,,0,,0,,0,,,,,,,,,,,,,,,,,
0,20220429,,1943761,1958221,,0,0,,,31495671,1,0,0,,,,31943761,462550,448090,-3.46,0,,,,,99999,,1.05,500000,,100000,2098060,-139839,44,3,,,,,,0,0,0,,0,,0,,0,,,,,,,,,,,,,,,,,
0,20220502,,1947601,1958221,,0,0,,,31495671,1,0,0,,,,31947601,462550,451930,-2.63,0,,,,,99999,,1.05,500000,,100000,2098060,-139839,44,3,,,,,,0,0,0,,0,,0,,0,,,,,,,,,,,,,,,,,
0,20220503,,1949246,1958221,,0,0,,,31495671,1,0,0,,,,31949246,462550,453575,-2.27,0,,,,,99999,,1.05,500000,,100000,2098060,-139839,44,3,,,,,,0,0,0,,0,,0,,0,,,,,,,,,,,,,,,,,
0,20220504,,1941567,1958221,,0,0,,,31495671,1,0,0,,,,31941567,462550,445896,-3.93,0,,,,,99999,,1.05,500000,,100000,2098060,-139839,44,3,,,,,,0,0,0,,0,,0,,0,,,,,,,,,,,,,,,,,
0,20220506,,1938275,1958221,,0,0,,,31495671,1,0,0,,,,31938275,462550,442604,-4.64,0,,,,,99999,,1.05,500000,,100000,2098060,-139839,44,3,,,,,,0,0,0,,0,,0,,0,,,,,,,,,,,,,,,,,
0,20220509,,1929499,1958221,,0,0,,,31495671,1,0,0,,,,31929499,462550,433828,-6.54,0,,,,,99999,,1.05,500000,,100000,2098060,-139839,44,3,,,,,,0,0,0,,0,,0,,0,,,,,,,,,,,,,,,,,
0,20220510,,1930047,1958221,,0,0,,,31495671,1,0,0,,,,31930047,462550,434376,-6.42,0,,,,,99999,,1.05,500000,,100000,2098060,-139839,44,3,,,,,,0,0,0,,0,,0,,0,,,,,,,,,,,,,,,,,
0,20220511,,1929499,1958221,,0,0,,,31495671,1,0,0,,,,31929499,462550,433828,-6.54,0,,,,,99999,,1.05,500000,,100000,2098060,-139839,44,3,,,,,,0,0,0,,0,,0,,0,,,,,,,,,,,,,,,,,
0,20220512,,1898232,1958221,,0,0,,,31495671,1,0,1,,,,31898232,462550,402561,-13.3,0,,,,,99999,,1.05,500000,,100000,2098060,-139839,44,3,,,,,,0,0,0,,0,,0,,0,,,,,,,,,,,,,,,,,
0,20220513,,1886712,1958221,,0,0,,,30074011,4,0,1,,,,31886712,1884210,1812701,-4.13,1421660,,,,,99999,,1.05,500000,,100000,2098060,-139839,44,3,,,,,,0,0,0,,0,,0,,0,,,,,,,,,,,,,,,,,
0,20220516,,1884043,1958221,,0,0,,,30074011,4,0,0,,,,31884043,1884210,1810032,-4.27,0,,,,,99999,,1.05,500000,,100000,2098060,-139839,44,3,,,,,,0,0,0,,0,,0,,0,,,,,,,,,,,,,,,,,
0,20220517,-0.16,1893114,1907557,-50664,0,1,,-50664,30485897,3,0,0,,,,31893114,1421660,1407217,-1.35,0,,411886,,,99999,,1.05,500000,,100000,2098060,-190503,44,4,,,,,,0,0,0,,0,,0,,0,,,,,,,,,,,,,,,,,
0,20220518,,1872284,1907557,,0,0,,,29987147,4,0,0,,,,31872284,1920410,1885137,-2.17,498750,,,,,99999,,1.05,500000,,100000,2098060,-190503,44,4,,,,,,0,0,0,,0,,0,,0,,,,,,,,,,,,,,,,,
0,20220519,,1832190,1907557,,0,0,,,29987147,4,0,0,,,,31832190,1920410,1845043,-4.25,0,,,,,99999,,1.05,500000,,100000,2098060,-190503,44,4,,,,,,0,0,0,,0,,0,,0,,,,,,,,,,,,,,,,,
0,20220520,,1894717,1907557,,0,0,,,29491347,5,0,0,,,,31894717,2416210,2403370,-0.86,495800,,,,,99999,,1.05,500000,,100000,2098060,-190503,44,4,,,,,,0,0,0,,0,,0,,0,,,,,,,,,,,,,,,,,
0,20220523,,1905369,1907557,,0,0,,,29491347,5,0,0,,,,31905369,2416210,2414022,-0.42,0,,,,,99999,,1.05,500000,,100000,2098060,-190503,44,4,,,,,,0,0,0,,0,,0,,0,,,,,,,,,,,,,,,,,
0,20220524,-0.01,1891782,1904671,-2886,0,1,,-2886,29984961,4,0,0,,,,31891782,1919710,1906821,-1,0,,493614,,,99999,,1.05,500000,,100000,2098060,-193389,44,5,,,,,,0,0,0,,0,,0,,0,,,,,,,,,,,,,,,,,
0,20220525,,1883608,1904671,,0,0,,,29984961,4,0,0,,,,31883608,1919710,1898647,-1.43,0,,,,,99999,,1.05,500000,,100000,2098060,-193389,44,5,,,,,,0,0,0,,0,,0,,0,,,,,,,,,,,,,,,,,
0,20220526,-0.05,1891677,1888522,-16149,0,1,,-16149,30464612,3,0,0,,,,31891677,1423910,1427065,-0.11,0,,479651,,,99999,,1.05,500000,,100000,2098060,-209538,44,6,,,,,,0,0,0,,0,,0,,0,,,,,,,,,,,,,,,,,
0,20220527,,1910337,1888522,,0,0,,,30464612,3,0,0,,,,31910337,1423910,1445725,1.2,0,,,,,99999,,1.05,500000,,100000,2098060,-209538,44,6,,,,,,0,0,0,,0,,0,,0,,,,,,,,,,,,,,,,,
0,20220530,,1928997,1888522,,0,0,,,30464612,3,0,0,,,,31928997,1423910,1464385,2.51,0,,,,,99999,,1.05,500000,,100000,2098060,-209538,44,6,,,,,,0,0,0,,0,,0,,0,,,,,,,,,,,,,,,,,
0,20220531,,1916815,1888522,,0,0,,,30464612,3,0,0,,,,31916815,1423910,1452203,1.66,0,,,,,99999,,1.05,500000,,100000,2098060,-209538,44,6,,,,,,0,0,0,,0,,0,,0,,,,,,,,,,,,,,,,,
0,20220602,,1921526,1888522,,0,0,,,30464612,3,0,0,,,,31921526,1423910,1456914,1.99,0,,,,,99999,,1.05,500000,,100000,2098060,-209538,44,6,,,,,,0,0,0,,0,,0,,0,,,,,,,,,,,,,,,,,
0,20220603,,1924274,1888522,,0,0,,,30464612,3,0,0,,,,31924274,1423910,1459662,2.18,0,,,,,99999,,1.05,500000,,100000,2098060,-209538,44,6,,,,,,0,0,0,,0,,0,,0,,,,,,,,,,,,,,,,,
0,20220607,,1895158,1888522,,0,0,,,30464612,3,0,1,,,,31895158,1423910,1430546,0.14,0,,,,,99999,,1.05,500000,,100000,2098060,-209538,44,6,,,,,,0,0,0,,0,,0,,0,,,,,,,,,,,,,,,,,
0,20220608,,1893147,1888522,,0,0,,,30464612,3,0,1,,,,31893147,1423910,1428535,-0.01,0,,,,,99999,,1.05,500000,,100000,2098060,-209538,44,6,,,,,,0,0,0,,0,,0,,0,,,,,,,,,,,,,,,,,
0,20220609,,1884940,1888522,,0,0,,,30464612,3,0,1,,,,31884940,1423910,1420328,-0.58,0,,,,,99999,,1.05,500000,,100000,2098060,-209538,44,6,,,,,,0,0,0,,0,,0,,0,,,,,,,,,,,,,,,,,
0,20220610,,1884246,1888522,,0,0,,,30464612,3,0,1,,,,31884246,1423910,1419634,-0.63,0,,,,,99999,,1.05,500000,,100000,2098060,-209538,44,6,,,,,,0,0,0,,0,,0,,0,,,,,,,,,,,,,,,,,
0,20220613,,1815623,1888522,,0,0,,,30464612,3,0,1,,,,31815623,1423910,1351011,-5.45,0,,,,,99999,,1.05,500000,,100000,2098060,-209538,44,6,,,,,,0,0,0,,0,,0,,0,,,,,,,,,,,,,,,,,
0,20220614,,1803655,1888522,,0,0,,,30464612,3,0,1,,,,31803655,1423910,1339043,-6.29,0,,,,,99999,,1.05,500000,,100000,2098060,-209538,44,6,,,,,,0,0,0,,0,,0,,0,,,,,,,,,,,,,,,,,
0,20220615,,1777070,1888522,,0,0,,,30464612,3,0,1,,,,31777070,1423910,1312458,-8.16,0,,,,,99999,,1.05,500000,,100000,2098060,-209538,44,6,,,,,,0,0,0,,0,,0,,0,,,,,,,,,,,,,,,,,
0,20220616,,1766654,1888522,,0,0,,,30464612,3,0,2,,,,31766654,1423910,1302042,-8.89,0,,,,,99999,,1.05,500000,,100000,2098060,-209538,44,6,,,,,,0,0,0,,0,,0,,0,,,,,,,,,,,,,,,,,
0,20220617,,1770753,1888522,,0,0,,,28039492,8,0,1,,,,31770753,3849030,3731261,-3.39,2425120,,,,,99999,,1.05,500000,,100000,2098060,-209538,44,6,,,,,,0,0,0,,0,,0,,0,,,,,,,,,,,,,,,,,
0,20220620,-0,1566312,1887133,-1389,0,1,,-1389,27538388,9,0,9,,,,31566312,4348745,4027924,-7.71,995825,,494721,,,99999,,1.05,500000,,100000,2098060,-210927,44,7,,,,,,0,0,0,,0,,0,,0,,,,,,,,,,,,,,,,,
0,20220621,,1645592,1887133,,0,0,,,26049263,12,0,23,,,,31645592,5837870,5596329,-4.47,1489125,,,,,99999,,1.05,500000,,100000,2098060,-210927,44,7,,,,,,0,0,0,,0,,0,,0,,,,,,,,,,,,,,,,,
0,20220622,-0.32,1319795,1786917,-100216,0,1,,-100216,25453977,13,0,10,,,,31319795,6332940,5865818,-7.71,992730,,397444,,,99999,,1.05,500000,,100000,2098060,-311143,44,8,,,,,,0,0,0,,0,,0,,0,,,,,,,,,,,,,,,,,
0,20220623,,1025720,1786917,,0,0,,,23523367,17,0,51,,,,31025720,8263550,7502353,-9.54,1930610,,,,,99999,,1.05,500000,,100000,2098060,-311143,44,8,,,,,,0,0,0,,0,,0,,0,,,,,,,,,,,,,,,,,
0,20220624,,2102576,1786917,,0,0,,,260672,65,0,24,,,,32102576,31526245,31841904,0.67,23262695,,,,,99999,,1.05,500000,,100000,2098060,-311143,44,8,,,,,,0,0,0,,0,,0,,0,,,,,,,,,,,,,,,,,
0,20220627,0.14,2985847,1833052,46135,3,0,46135,,796647,64,0,1,,,,32985847,31036405,32189200,3.38,975000,,1510975,,,99999,,1.05,500000,,100000,2144195,-311143,47,8,,,,,,0,0,0,,0,,0,,0,,,,,,,,,,,,,,,,,
0,20220628,0.3,3071037,1932582,99530,3,0,99530,,2358477,61,0,1,,,,33071037,29574105,30712560,3.52,0,,1561830,,,99999,,1.05,500000,,100000,2243725,-311143,50,8,,,,,,0,0,0,,0,,0,,0,,,,,,,,,,,,,,,,,
0,20220629,0.13,2722569,1975187,42605,4,1,50065,-7460,4784882,56,0,0,,,,32722569,27190305,27937687,2.42,0,,2426405,,,99999,,1.05,500000,,100000,2293790,-318603,54,9,,,,,,0,0,0,,0,,0,,0,,,,,,,,,,,,,,,,,
0,20220630,0.26,2132689,2059126,83939,3,0,83939,,6339116,53,0,0,,,,32132689,25720010,25793573,-0.04,0,,1554234,,,99999,,1.05,500000,,100000,2377729,-318603,57,9,,,,,,0,0,0,,0,,0,,0,,,,,,,,,,,,,,,,,
0,20220701,,1678823,2059126,,0,0,,,5532116,55,0,1,,,,31678823,26527010,26146707,-1.76,807000,,,,,99999,,1.05,500000,,100000,2377729,-318603,57,9,,,,,,0,0,0,,0,,0,,0,,,,,,,,,,,,,,,,,
0,20220704,,1299023,2059126,,0,0,,,4535996,57,0,8,,,,31299023,27523130,26763027,-3.09,996120,,,,,99999,,1.05,500000,,100000,2377729,-318603,57,9,,,,,,0,0,0,,0,,0,,0,,,,,,,,,,,,,,,,,
0,20220705,-0.1,2103919,2025620,-33506,7,7,108260,-141766,9441025,47,0,1,,,,32103919,22584595,22662894,0.02,1887300,,6792329,,,99999,,1.05,500000,,100000,2485989,-460369,64,16,,,,,,0,0,0,,0,,0,,0,,,,,,,,,,,,,,,,,
0,20220706,0.73,1845637,2258992,233372,10,2,261535,-28163,15052417,36,0,0,,,,31845637,17206575,16793220,-2.73,499200,,6110592,,,99999,,1.05,500000,,100000,2747524,-488532,74,18,,,,,,0,0,0,,0,,0,,0,,,,,,,,,,,,,,,,,
0,20220707,,2079966,2258992,,0,0,,,15052417,36,0,2,,,,32079966,17206575,17027549,-1.37,0,,,,,99999,,1.05,500000,,100000,2747524,-488532,74,18,,,,,,0,0,0,,0,,0,,0,,,,,,,,,,,,,,,,,
0,20220708,0.08,2278197,2284206,25214,3,2,58313,-33099,17353471,31,0,1,,,,32278197,14930735,14924726,-0.37,0,,2301054,,,99999,,1.05,500000,,100000,2805837,-521631,77,20,,,,,,0,0,0,,0,,0,,0,,,,,,,,,,,,,,,,,
0,20220711,0.39,2220743,2410361,126155,3,0,126155,,18872226,28,0,0,,,,32220743,13538135,13348517,-1.73,0,,1518755,,,99999,,1.05,500000,,100000,2931992,-521631,80,20,,,,,,0,0,0,,0,,0,,0,,,,,,,,,,,,,,,,,
0,20220712,0.26,1836843,2492678,82317,1,0,82317,,19451193,27,0,3,,,,31836843,13041485,12385650,-5.36,0,,578967,,,99999,,1.05,500000,,100000,3014309,-521631,81,20,,,,,,0,0,0,,0,,0,,0,,,,,,,,,,,,,,,,,
0,20220713,-0.14,2137666,2447833,-44845,1,1,10209,-55054,19024398,28,0,1,,,,32137666,13423435,13113268,-2.64,1295200,,868405,,,99999,,1.05,500000,,100000,3024518,-576685,82,21,,,,,,0,0,0,,0,,0,,0,,,,,,,,,,,,,,,,,
0,20220714,0.45,2159029,2593647,145814,1,0,145814,,18687012,29,0,2,,,,32159029,13906635,13472017,-3.46,981350,,643964,,,99999,,1.05,500000,,100000,3170332,-576685,83,21,,,,,,0,0,0,,0,,0,,0,,,,,,,,,,,,,,,,,
0,20220715,-0.4,2049603,2465456,-128191,1,4,53656,-181847,20145226,26,0,3,,,,32049603,12320230,11904377,-3.71,907600,,2365814,,,99999,,1.05,500000,,100000,3223988,-758532,84,25,,,,,,0,0,0,,0,,0,,0,,,,,,,,,,,,,,,,,
0,20220718,0.09,2468009,2495349,29893,2,0,29893,,20829069,25,0,1,,,,32468009,11666280,11638940,-0.56,335500,,1019343,,,99999,,1.05,500000,,100000,3253881,-758532,86,25,,,,,,0,0,0,,0,,0,,0,,,,,,,,,,,,,,,,,
0,20220719,0.15,2458767,2543571,48222,3,3,62773,-14551,23418781,19,0,0,,,,32458767,9124790,9039986,-1.26,0,,2589712,,,99999,,1.05,500000,,100000,3316654,-773083,89,28,,,,,,0,0,0,,0,,0,,0,,,,,,,,,,,,,,,,,
0,20220720,0.07,2588127,2567250,23679,1,0,23679,,23929840,18,0,0,,,,32588127,8637410,8658287,-0.09,0,,511059,,,99999,,1.05,500000,,100000,3340333,-773083,90,28,,,,,,0,0,0,,0,,0,,0,,,,,,,,,,,,,,,,,
0,20220721,-0.05,2659495,2550945,-16305,0,1,,-16305,24411485,17,0,0,,,,32659495,8139460,8248010,1,0,,481645,,,99999,,1.05,500000,,100000,3340333,-789388,90,29,,,,,,0,0,0,,0,,0,,0,,,,,,,,,,,,,,,,,
0,20220722,0.03,2619141,2562082,11137,3,3,49840,-38703,27241062,11,0,0,,,,32619141,5321020,5378079,0.74,0,,2829577,,,99999,,1.05,500000,,100000,3390173,-828091,93,32,,,,,,0,0,0,,0,,0,,0,,,,,,,,,,,,,,,,,
0,20220725,,2642022,2562082,,0,0,,,27241062,11,0,0,,,,32642022,5321020,5400960,1.17,0,,,,,99999,,1.05,500000,,100000,3390173,-828091,93,32,,,,,,0,0,0,,0,,0,,0,,,,,,,,,,,,,,,,,
0,20220726,,2675222,2562082,,0,0,,,27241062,11,0,0,,,,32675222,5321020,5434160,1.8,0,,,,,99999,,1.05,500000,,100000,3390173,-828091,93,32,,,,,,0,0,0,,0,,0,,0,,,,,,,,,,,,,,,,,
0,20220727,0.17,2703297,2616904,54822,1,0,54822,,27788334,10,0,0,,,,32703297,4828570,4914963,1.46,0,,547272,,,99999,,1.05,500000,,100000,3444995,-828091,94,32,,,,,,0,0,0,,0,,0,,0,,,,,,,,,,,,,,,,,
0,20220728,,2737048,2616904,,0,0,,,27788334,10,0,0,,,,32737048,4828570,4948714,2.16,0,,,,,99999,,1.05,500000,,100000,3444995,-828091,94,32,,,,,,0,0,0,,0,,0,,0,,,,,,,,,,,,,,,,,
0,20220729,0.14,2789230,2661585,44681,1,0,44681,,28331765,9,0,0,,,,32789230,4329820,4457465,2.62,0,,543431,,,99999,,1.05,500000,,100000,3489676,-828091,95,32,,,,,,0,0,0,,0,,0,,0,,,,,,,,,,,,,,,,,
0,20220801,,2766720,2661585,,0,0,,,28331765,9,0,0,,,,32766720,4329820,4434955,2.1,0,,,,,99999,,1.05,500000,,100000,3489676,-828091,95,32,,,,,,0,0,0,,0,,0,,0,,,,,,,,,,,,,,,,,
0,20220802,,2709502,2661585,,0,0,,,28331765,9,0,0,,,,32709502,4329820,4377737,0.78,0,,,,,99999,,1.05,500000,,100000,3489676,-828091,95,32,,,,,,0,0,0,,0,,0,,0,,,,,,,,,,,,,,,,,
0,20220803,,2717740,2661585,,0,0,,,28331765,9,0,0,,,,32717740,4329820,4385975,0.97,0,,,,,99999,,1.05,500000,,100000,3489676,-828091,95,32,,,,,,0,0,0,,0,,0,,0,,,,,,,,,,,,,,,,,
0,20220804,,2711368,2661585,,0,0,,,28331765,9,0,0,,,,32711368,4329820,4379603,0.82,0,,,,,99999,,1.05,500000,,100000,3489676,-828091,95,32,,,,,,0,0,0,,0,,0,,0,,,,,,,,,,,,,,,,,
0,20220805,,2776184,2661585,,0,0,,,28331765,9,0,0,,,,32776184,4329820,4444419,2.32,0,,,,,99999,,1.05,500000,,100000,3489676,-828091,95,32,,,,,,0,0,0,,0,,0,,0,,,,,,,,,,,,,,,,,
0,20220808,,2798746,2661585,,0,0,,,28331765,9,0,0,,,,32798746,4329820,4466981,2.84,0,,,,,99999,,1.05,500000,,100000,3489676,-828091,95,32,,,,,,0,0,0,,0,,0,,0,,,,,,,,,,,,,,,,,
0,20220809,,2801906,2661585,,0,0,,,28331765,9,0,0,,,,32801906,4329820,4470141,2.91,0,,,,,99999,,1.05,500000,,100000,3489676,-828091,95,32,,,,,,0,0,0,,0,,0,,0,,,,,,,,,,,,,,,,,
0,20220810,,2772645,2661585,,0,0,,,28331765,9,0,0,,,,32772645,4329820,4440880,2.24,0,,,,,99999,,1.05,500000,,100000,3489676,-828091,95,32,,,,,,0,0,0,,0,,0,,0,,,,,,,,,,,,,,,,,
0,20220811,,2858765,2661585,,0,0,,,28331765,9,0,0,,,,32858765,4329820,4527000,4.22,0,,,,,99999,,1.05,500000,,100000,3489676,-828091,95,32,,,,,,0,0,0,,0,,0,,0,,,,,,,,,,,,,,,,,
0,20220812,0.04,2897611,2674478,12893,1,0,12893,,28833458,8,0,0,,,,32897611,3841020,4064153,5.48,0,,501693,,,99999,,1.05,500000,,100000,3502569,-828091,96,32,,,,,,0,0,0,,0,,0,,0,,,,,,,,,,,,,,,,,
0,20220816,0.09,2888057,2703191,28713,1,0,28713,,29293571,7,0,0,,,,32888057,3409620,3594486,5.09,0,,460113,,,99999,,1.05,500000,,100000,3531282,-828091,97,32,,,,,,0,0,0,,0,,0,,0,,,,,,,,,,,,,,,,,
0,20220817,0.32,2906548,2808240,105049,2,0,105049,,30350180,5,0,0,,,,32906548,2458060,2556368,3.67,0,,1056609,,,99999,,1.05,500000,,100000,3636331,-828091,99,32,,,,,,0,0,0,,0,,0,,0,,,,,,,,,,,,,,,,,
0,20220818,,2891279,2808240,,0,0,,,30350180,5,0,0,,,,32891279,2458060,2541099,3.05,0,,,,,99999,,1.05,500000,,100000,3636331,-828091,99,32,,,,,,0,0,0,,0,,0,,0,,,,,,,,,,,,,,,,,
0,20220819,,2885973,2808240,,0,0,,,30350180,5,0,0,,,,32885973,2458060,2535793,2.83,0,,,,,99999,,1.05,500000,,100000,3636331,-828091,99,32,,,,,,0,0,0,,0,,0,,0,,,,,,,,,,,,,,,,,
0,20220822,,2848062,2808240,,0,0,,,30350180,5,0,0,,,,32848062,2458060,2497882,1.29,0,,,,,99999,,1.05,500000,,100000,3636331,-828091,99,32,,,,,,0,0,0,,0,,0,,0,,,,,,,,,,,,,,,,,
0,20220823,-0.04,2823509,2795045,-13195,0,1,,-13195,30832045,4,0,0,,,,32823509,1963000,1991464,1.12,0,,481865,,,99999,,1.05,500000,,100000,3636331,-841286,99,33,,,,,,0,0,0,,0,,0,,0,,,,,,,,,,,,,,,,,
0,20220824,0,2845750,2795290,245,1,1,22347,-22102,31813490,2,0,0,,,,32845750,981800,1032260,4.81,0,,981445,,,99999,,1.05,500000,,100000,3658678,-863388,100,34,,,,,,0,0,0,,0,,0,,0,,,,,,,,,,,,,,,,,
0,20220825,,2859763,2795290,,0,0,,,31813490,2,0,0,,,,32859763,981800,1046273,6.24,0,,,,,99999,,1.05,500000,,100000,3658678,-863388,100,34,,,,,,0,0,0,,0,,0,,0,,,,,,,,,,,,,,,,,
0,20220826,,2857818,2795290,,0,0,,,31813490,2,0,0,,,,32857818,981800,1044328,6.04,0,,,,,99999,,1.05,500000,,100000,3658678,-863388,100,34,,,,,,0,0,0,,0,,0,,0,,,,,,,,,,,,,,,,,
0,20220829,,2838219,2795290,,0,0,,,31813490,2,0,0,,,,32838219,981800,1024729,4.04,0,,,,,99999,,1.05,500000,,100000,3658678,-863388,100,34,,,,,,0,0,0,,0,,0,,0,,,,,,,,,,,,,,,,,
0,20220830,,2856471,2795290,,0,0,,,31813490,2,0,1,,,,32856471,981800,1042981,5.9,0,,,,,99999,,1.05,500000,,100000,3658678,-863388,100,34,,,,,,0,0,0,,0,,0,,0,,,,,,,,,,,,,,,,,
0,20220831,,2870833,2795290,,0,0,,,31813490,2,0,0,,,,32870833,981800,1057343,7.36,0,,,,,99999,,1.05,500000,,100000,3658678,-863388,100,34,,,,,,0,0,0,,0,,0,,0,,,,,,,,,,,,,,,,,
0,20220901,0.2,2847195,2860262,64972,1,0,64972,,32361062,1,0,0,,,,32847195,499200,486133,-2.95,0,,547572,,,99999,,1.05,500000,,100000,3723650,-863388,101,34,,,,,,0,0,0,,0,,0,,0,,,,,,,,,,,,,,,,,
0,20220902,,2849788,2860262,,0,0,,,32361062,1,0,0,,,,32849788,499200,488726,-2.43,0,,,,,99999,,1.05,500000,,100000,3723650,-863388,101,34,,,,,,0,0,0,,0,,0,,0,,,,,,,,,,,,,,,,,
0,20220905,,2854326,2860262,,0,0,,,32361062,1,0,1,,,,32854326,499200,493264,-1.52,0,,,,,99999,,1.05,500000,,100000,3723650,-863388,101,34,,,,,,0,0,0,,0,,0,,0,,,,,,,,,,,,,,,,,
0,20220906,-0.03,2849788,2849788,-10474,0,1,,-10474,32849788,0,0,0,,,,32849788,0,0,-1.52,0,,488726,,,99999,,1.05,500000,,100000,3723650,-873862,101,35,,,,,,0,0,0,,0,,0,,0,,,,,,,,,,,,,,,,,
0,20220907,,2849788,2849788,,0,0,,,32849788,0,0,0,,,,32849788,0,0,-1.52,0,,,,,99999,,1.05,500000,,100000,3723650,-873862,101,35,,,,,,0,0,0,,0,,0,,0,,,,,,,,,,,,,,,,,
0,20220908,,2849788,2849788,,0,0,,,32849788,0,0,0,,,,32849788,0,0,-1.52,0,,,,,99999,,1.05,500000,,100000,3723650,-873862,101,35,,,,,,0,0,0,,0,,0,,0,,,,,,,,,,,,,,,,,
0,20220913,,2849788,2849788,,0,0,,,32849788,0,0,0,,,,32849788,0,0,-1.52,0,,,,,99999,,1.05,500000,,100000,3723650,-873862,101,35,,,,,,0,0,0,,0,,0,,0,,,,,,,,,,,,,,,,,
0,20220914,,2849788,2849788,,0,0,,,32849788,0,0,0,,,,32849788,0,0,-1.52,0,,,,,99999,,1.05,500000,,100000,3723650,-873862,101,35,,,,,,0,0,0,,0,,0,,0,,,,,,,,,,,,,,,,,
0,20220915,,2849788,2849788,,0,0,,,32849788,0,0,0,,,,32849788,0,0,-1.52,0,,,,,99999,,1.05,500000,,100000,3723650,-873862,101,35,,,,,,0,0,0,,0,,0,,0,,,,,,,,,,,,,,,,,
0,20220916,,2849788,2849788,,0,0,,,32849788,0,0,0,,,,32849788,0,0,-1.52,0,,,,,99999,,1.05,500000,,100000,3723650,-873862,101,35,,,,,,0,0,0,,0,,0,,0,,,,,,,,,,,,,,,,,
0,20220919,,2849788,2849788,,0,0,,,32849788,0,0,1,,,,32849788,0,0,-1.52,0,,,,,99999,,1.05,500000,,100000,3723650,-873862,101,35,,,,,,0,0,0,,0,,0,,0,,,,,,,,,,,,,,,,,
0,20220920,,2849788,2849788,,0,0,,,32849788,0,0,1,,,,32849788,0,0,-1.52,0,,,,,99999,,1.05,500000,,100000,3723650,-873862,101,35,,,,,,0,0,0,,0,,0,,0,,,,,,,,,,,,,,,,,
0,20220921,,2849788,2849788,,0,0,,,32849788,0,0,0,,,,32849788,0,0,-1.52,0,,,,,99999,,1.05,500000,,100000,3723650,-873862,101,35,,,,,,0,0,0,,0,,0,,0,,,,,,,,,,,,,,,,,
0,20220922,,2847099,2849788,,0,0,,,32423788,1,0,1,,,,32847099,426000,423311,-0.96,426000,,,,,99999,,1.05,500000,,100000,3723650,-873862,101,35,,,,,,0,0,0,,0,,0,,0,,,,,,,,,,,,,,,,,
0,20220923,,2824659,2849788,,0,0,,,32423788,1,0,1,,,,32824659,426000,400871,-6.23,0,,,,,99999,,1.05,500000,,100000,3723650,-873862,101,35,,,,,,0,0,0,,0,,0,,0,,,,,,,,,,,,,,,,,
0,20220926,,2799226,2849788,,0,0,,,32423788,1,0,4,,,,32799226,426000,375438,-12.2,0,,,,,99999,,1.05,500000,,100000,3723650,-873862,101,35,,,,,,0,0,0,,0,,0,,0,,,,,,,,,,,,,,,,,
0,20220927,,2764746,2849788,,0,0,,,28526585,9,0,16,,,,32764746,4323203,4238161,-2.3,3897203,,,,,99999,,1.05,500000,,100000,3723650,-873862,101,35,,,,,,0,0,0,,0,,0,,0,,,,,,,,,,,,,,,,,
0,20220928,,2458130,2849788,,0,0,,,25073525,16,0,15,,,,32458130,7776263,7384605,-5.37,3453060,,,,,99999,,1.05,500000,,100000,3723650,-873862,101,35,,,,,,0,0,0,,0,,0,,0,,,,,,,,,,,,,,,,,
0,20220929,,2298743,2849788,,0,0,,,20178315,26,0,35,,,,32298743,12671473,12120428,-4.68,4895210,,,,,99999,,1.05,500000,,100000,3723650,-873862,101,35,,,,,,0,0,0,,0,,0,,0,,,,,,,,,,,,,,,,,
0,20220930,-0.27,2296145,2763322,-86466,0,1,,-86466,9203401,48,0,15,,,,32296145,23559921,23092744,-2.31,11314448,,339534,,,99999,,1.05,500000,,100000,3723650,-960328,101,36,,,,,,0,0,0,,0,,0,,0,,,,,,,,,,,,,,,,,
0,20221004,,3065456,2763322,,0,0,,,321946,66,0,9,,,,33065456,32441376,32743510,0.6,8881455,,,,,99999,,1.05,500000,,100000,3723650,-960328,101,36,,,,,,0,0,0,,0,,0,,0,,,,,,,,,,,,,,,,,
0,20221005,,2434191,2763322,,0,0,,,321946,66,0,1,,,,32434191,32441376,32112245,-1.34,0,,,,,99999,,1.05,500000,,100000,3723650,-960328,101,36,,,,,,0,0,0,,0,,0,,0,,,,,,,,,,,,,,,,,
0,20221006,,3512190,2763322,,0,0,,,321946,66,0,2,,,,33512190,32441376,33190244,1.98,0,,,,,99999,,1.05,500000,,100000,3723650,-960328,101,36,,,,,,0,0,0,,0,,0,,0,,,,,,,,,,,,,,,,,
0,20221007,,3385536,2763322,,0,0,,,321946,66,0,0,,,,33385536,32441376,33063590,1.59,0,,,,,99999,,1.05,500000,,100000,3723650,-960328,101,36,,,,,,0,0,0,,0,,0,,0,,,,,,,,,,,,,,,,,
0,20221011,-0.12,1697467,2724530,-38792,1,1,61453,-100245,1271554,64,0,1,,,,31697467,31452976,30425913,-3.6,0,,949608,,,99999,,1.05,500000,,100000,3785103,-1060573,102,37,,,,,,0,0,0,,0,,0,,0,,,,,,,,,,,,,,,,,
0,20221012,-0.62,1980979,2527769,-196761,0,2,,-196761,1549193,63,0,5,,,,31980979,30978576,30431786,-2.1,499500,,777139,,,99999,,1.05,500000,,100000,3785103,-1257334,102,39,,,,,,0,0,0,,0,,0,,0,,,,,,,,,,,,,,,,,
0,20221013,,955967,2527769,,0,0,,,1051543,64,0,10,,,,30955967,31476226,29904424,-5.32,497650,,,,,99999,,1.05,500000,,100000,3785103,-1257334,102,39,,,,,,0,0,0,,0,,0,,0,,,,,,,,,,,,,,,,,
0,20221014,,2259959,2527769,,0,0,,,553343,65,0,28,,,,32259959,31974426,31706616,-1.17,498200,,,,,99999,,1.05,500000,,100000,3785103,-1257334,102,39,,,,,,0,0,0,,0,,0,,0,,,,,,,,,,,,,,,,,
0,20221017,0.43,2566186,2667188,139419,1,0,139419,,1188062,64,0,3,,,,32566186,31479126,31378124,-0.65,0,,634719,,,99999,,1.05,500000,,100000,3924522,-1257334,103,39,,,,,,0,0,0,,0,,0,,0,,,,,,,,,,,,,,,,,
0,20221018,,3353100,2667188,,0,0,,,233862,66,0,5,,,,33353100,32433326,33119238,1.78,954200,,,,,99999,,1.05,500000,,100000,3924522,-1257334,103,39,,,,,,0,0,0,,0,,0,,0,,,,,,,,,,,,,,,,,
0,20221019,,2902840,2667188,,0,0,,,233862,66,0,0,,,,32902840,32433326,32668978,0.4,0,,,,,99999,,1.05,500000,,100000,3924522,-1257334,103,39,,,,,,0,0,0,,0,,0,,0,,,,,,,,,,,,,,,,,
0,20221020,,2224188,2667188,,0,0,,,233862,66,0,0,,,,32224188,32433326,31990326,-1.7,0,,,,,99999,,1.05,500000,,100000,3924522,-1257334,103,39,,,,,,0,0,0,,0,,0,,0,,,,,,,,,,,,,,,,,
0,20221021,-0.62,1777251,2468765,-198423,0,2,,-198423,1022139,64,0,4,,,,31777251,31446626,30755112,-2.53,0,,788277,,,99999,,1.05,500000,,100000,3924522,-1455757,103,41,,,,,,0,0,0,,0,,0,,0,,,,,,,,,,,,,,,,,
0,20221024,,2453856,2468765,,0,0,,,525609,65,0,5,,,,32453856,31943156,31928247,-0.38,496530,,,,,99999,,1.05,500000,,100000,3924522,-1455757,103,41,,,,,,0,0,0,,0,,0,,0,,,,,,,,,,,,,,,,,
0,20221025,,2668870,2468765,,0,0,,,525609,65,0,1,,,,32668870,31943156,32143261,0.3,0,,,,,99999,,1.05,500000,,100000,3924522,-1455757,103,41,,,,,,0,0,0,,0,,0,,0,,,,,,,,,,,,,,,,,
0,20221026,,2280850,2468765,,0,0,,,525609,65,0,4,,,,32280850,31943156,31755241,-0.92,0,,,,,99999,,1.05,500000,,100000,3924522,-1455757,103,41,,,,,,0,0,0,,0,,0,,0,,,,,,,,,,,,,,,,,
0,20221027,,2834708,2468765,,0,0,,,525609,65,0,7,,,,32834708,31943156,32309099,0.82,0,,,,,99999,,1.05,500000,,100000,3924522,-1455757,103,41,,,,,,0,0,0,,0,,0,,0,,,,,,,,,,,,,,,,,
0,20221028,,2181781,2468765,,0,0,,,525609,65,0,3,,,,32181781,31943156,31656172,-1.23,0,,,,,99999,,1.05,500000,,100000,3924522,-1455757,103,41,,,,,,0,0,0,,0,,0,,0,,,,,,,,,,,,,,,,,
0,20221031,,2499105,2468765,,0,0,,,525609,65,0,7,,,,32499105,31943156,31973496,-0.24,0,,,,,99999,,1.05,500000,,100000,3924522,-1455757,103,41,,,,,,0,0,0,,0,,0,,0,,,,,,,,,,,,,,,,,
0,20221101,,2975523,2468765,,0,0,,,525609,65,0,5,,,,32975523,31943156,32449914,1.26,0,,,,,99999,,1.05,500000,,100000,3924522,-1455757,103,41,,,,,,0,0,0,,0,,0,,0,,,,,,,,,,,,,,,,,
0,20221102,,3122195,2468765,,0,0,,,525609,65,0,0,,,,33122195,31943156,32596586,1.72,0,,,,,99999,,1.05,500000,,100000,3924522,-1455757,103,41,,,,,,0,0,0,,0,,0,,0,,,,,,,,,,,,,,,,,
0,20221103,,3014509,2468765,,0,0,,,525609,65,0,0,,,,33014509,31943156,32488900,1.38,0,,,,,99999,,1.05,500000,,100000,3924522,-1455757,103,41,,,,,,0,0,0,,0,,0,,0,,,,,,,,,,,,,,,,,
0,20221104,,3188896,2468765,,0,0,,,525609,65,0,2,,,,33188896,31943156,32663287,1.92,0,,,,,99999,,1.05,500000,,100000,3924522,-1455757,103,41,,,,,,0,0,0,,0,,0,,0,,,,,,,,,,,,,,,,,
0,20221107,,3939072,2468765,,0,0,,,525609,65,0,0,,,,33939072,31943156,33413463,4.27,0,,,,,99999,,1.05,500000,,100000,3924522,-1455757,103,41,,,,,,0,0,0,,0,,0,,0,,,,,,,,,,,,,,,,,
0,20221108,0.87,4781286,2771330,302565,2,0,302565,,1801272,63,0,0,,,,34781286,30970058,32980014,6.16,0,,1275663,,,99999,,1.05,500000,,100000,4227087,-1455757,105,41,,,,,,0,0,0,,0,,0,,0,,,,,,,,,,,,,,,,,
0,20221109,0.51,4987461,2948886,177556,1,0,177556,,2467578,62,0,0,,,,34987461,30481308,32519883,6.36,0,,666306,,,99999,,1.05,500000,,100000,4404643,-1455757,106,41,,,,,,0,0,0,,0,,0,,0,,,,,,,,,,,,,,,,,
0,20221110,0.61,5031277,3162427,213541,3,0,213541,,4067119,59,0,0,,,,35031277,29095308,30964158,6.09,0,,1599541,,,99999,,1.05,500000,,100000,4618184,-1455757,109,41,,,,,,0,0,0,,0,,0,,0,,,,,,,,,,,,,,,,,
0,20221111,1.21,6041520,3598026,435599,2,0,435599,,5444318,57,0,0,,,,36041520,28153708,30597202,8.35,0,,1377199,,,99999,,1.05,500000,,100000,5053783,-1455757,111,41,,,,,,0,0,0,,0,,0,,0,,,,,,,,,,,,,,,,,
0,20221114,2.18,6274612,4388240,790214,10,2,806975,-16761,12124632,45,0,0,,,,36274612,22263608,24149980,8.14,0,,6680314,,,99999,,1.05,500000,,100000,5860758,-1472518,121,43,,,,,,0,0,0,,0,,0,,0,,,,,,,,,,,,,,,,,
0,20221115,0.59,7107467,4605492,217252,4,0,217252,,14326184,41,0,0,,,,37107467,20279308,22781283,12.01,0,,2201552,,,99999,,1.05,500000,,100000,6078010,-1472518,125,43,,,,,,0,0,0,,0,,0,,0,,,,,,,,,,,,,,,,,
0,20221116,2.44,7040791,5508469,902977,8,0,902977,,19184726,33,0,0,,,,37040791,16323743,17856065,9.06,0,,4858542,,,99999,,1.05,500000,,100000,6980987,-1472518,133,43,,,,,,0,0,0,,0,,0,,0,,,,,,,,,,,,,,,,,
0,20221117,1.03,6813246,5888848,380379,4,0,380379,,21551330,29,0,0,,,,36813246,14337518,15261916,6.12,0,,2366604,,,99999,,1.05,500000,,100000,7361366,-1472518,137,43,,,,,,0,0,0,,0,,0,,0,,,,,,,,,,,,,,,,,
0,20221118,,6748297,5888848,,0,0,,,21551330,29,0,0,,,,36748297,14337518,15196967,5.66,0,,,,,99999,,1.05,500000,,100000,7361366,-1472518,137,43,,,,,,0,0,0,,0,,0,,0,,,,,,,,,,,,,,,,,
0,20221121,,6505172,5888848,,0,0,,,21551330,29,0,0,,,,36505172,14337518,14953842,3.97,0,,,,,99999,,1.05,500000,,100000,7361366,-1472518,137,43,,,,,,0,0,0,,0,,0,,0,,,,,,,,,,,,,,,,,
0,20221122,0.77,6498554,6170818,281970,2,0,281970,,22827200,27,0,0,,,,36498554,13343618,13671354,2.13,0,,1275870,,,99999,,1.05,500000,,100000,7643336,-1472518,139,43,,,,,,0,0,0,,0,,0,,0,,,,,,,,,,,,,,,,,
0,20221123,0.02,6819538,6178935,8117,1,0,8117,,23334577,26,0,0,,,,36819538,12844358,13484961,4.66,0,,507377,,,99999,,1.05,500000,,100000,7651453,-1472518,140,43,,,,,,0,0,0,,0,,0,,0,,,,,,,,,,,,,,,,,
0,20221124,0.36,7291449,6311579,132644,1,0,132644,,23967021,25,0,0,,,,37291449,12344558,13324428,7.61,0,,632444,,,99999,,1.05,500000,,100000,7784097,-1472518,141,43,,,,,,0,0,0,,0,,0,,0,,,,,,,,,,,,,,,,,
0,20221125,0.53,7271648,6507327,195748,2,1,207126,-11378,25648959,22,0,0,,,,37271648,10858368,11622689,6.71,0,,1681938,,,99999,,1.05,500000,,100000,7991223,-1483896,143,44,,,,,,0,0,0,,0,,0,,0,,,,,,,,,,,,,,,,,
0,20221128,,6998294,6507327,,0,0,,,25648959,22,0,0,,,,36998294,10858368,11349335,4.19,0,,,,,99999,,1.05,500000,,100000,7991223,-1483896,143,44,,,,,,0,0,0,,0,,0,,0,,,,,,,,,,,,,,,,,
0,20221129,0.01,7192394,6509318,1991,3,3,154124,-152133,28630373,16,0,1,,,,37192394,7878945,8562021,8.34,0,,2981414,,,99999,,1.05,500000,,100000,8145347,-1636029,146,47,,,,,,0,0,0,,0,,0,,0,,,,,,,,,,,,,,,,,
0,20221130,1.51,7201663,7069761,560443,9,0,560443,,33613841,7,0,0,,,,37201663,3455920,3587822,3.49,0,,4983468,,,99999,,1.05,500000,,100000,8705790,-1636029,155,47,,,,,,0,0,0,,0,,0,,0,,,,,,,,,,,,,,,,,
0,20221201,,7269689,7069761,,0,0,,,33613841,7,0,0,,,,37269689,3455920,3655848,5.46,0,,,,,99999,,1.05,500000,,100000,8705790,-1636029,155,47,,,,,,0,0,0,,0,,0,,0,,,,,,,,,,,,,,,,,
0,20221202,,7216368,7069761,,0,0,,,33613841,7,0,0,,,,37216368,3455920,3602527,3.91,0,,,,,99999,,1.05,500000,,100000,8705790,-1636029,155,47,,,,,,0,0,0,,0,,0,,0,,,,,,,,,,,,,,,,,
0,20221205,,7253825,7069761,,0,0,,,33613841,7,0,0,,,,37253825,3455920,3639984,5,0,,,,,99999,,1.05,500000,,100000,8705790,-1636029,155,47,,,,,,0,0,0,,0,,0,,0,,,,,,,,,,,,,,,,,
0,20221206,0.19,7218013,7139244,69483,5,0,69483,,36141544,2,0,1,,,,37218013,997700,1076469,7.57,0,,2527703,,,99999,,1.05,500000,,100000,8775273,-1636029,160,47,,,,,,0,0,0,,0,,0,,0,,,,,,,,,,,,,,,,,
0,20221207,0.2,7193509,7213787,74543,1,0,74543,,36215807,2,0,0,,,,37193509,997980,977702,-2.36,498480,,572743,,,99999,,1.05,500000,,100000,8849816,-1636029,161,47,,,,,,0,0,0,,0,,0,,0,,,,,,,,,,,,,,,,,
0,20221208,,7174799,7213787,,0,0,,,36215807,2,0,0,,,,37174799,997980,958992,-4.24,0,,,,,99999,,1.05,500000,,100000,8849816,-1636029,161,47,,,,,,0,0,0,,0,,0,,0,,,,,,,,,,,,,,,,,
0,20221209,,7204330,7213787,,0,0,,,35719407,3,0,2,,,,37204330,1494380,988523,-34.18,496400,,,,,99999,,1.05,500000,,100000,8849816,-1636029,161,47,,,,,,0,0,0,,0,,0,,0,,,,,,,,,,,,,,,,,
0,20221212,,7207873,7213787,,0,0,,,35220797,4,0,2,,,,37207873,1992990,1987076,-0.63,498610,,,,,99999,,1.05,500000,,100000,8849816,-1636029,161,47,,,,,,0,0,0,,0,,0,,0,,,,,,,,,,,,,,,,,
0,20221213,-0.03,7168772,7202963,-10824,0,1,,-10824,35222273,4,0,1,,,,37168772,1980690,1946499,-2.06,487200,,488676,,,99999,,1.05,500000,,100000,8849816,-1646853,161,48,,,,,,0,0,0,,0,,0,,0,,,,,,,,,,,,,,,,,
0,20221214,,7212367,7202963,,0,0,,,34723148,5,0,0,,,,37212367,2479815,2489219,0.05,499125,,,,,99999,,1.05,500000,,100000,8849816,-1646853,161,48,,,,,,0,0,0,,0,,0,,0,,,,,,,,,,,,,,,,,
0,20221215,,7168328,7202963,,0,0,,,34723148,5,0,0,,,,37168328,2479815,2445180,-1.73,0,,,,,99999,,1.05,500000,,100000,8849816,-1646853,161,48,,,,,,0,0,0,,0,,0,,0,,,,,,,,,,,,,,,,,
0,20221216,,7135964,7202963,,0,0,,,34723148,5,0,0,,,,37135964,2479815,2412816,-3.03,0,,,,,99999,,1.05,500000,,100000,8849816,-1646853,161,48,,,,,,0,0,0,,0,,0,,0,,,,,,,,,,,,,,,,,
0,20221219,,7115691,7202963,,0,0,,,34223448,6,0,0,,,,37115691,2979515,2892243,-3.26,499700,,,,,99999,,1.05,500000,,100000,8849816,-1646853,161,48,,,,,,0,0,0,,0,,0,,0,,,,,,,,,,,,,,,,,
0,20221220,,7046345,7202963,,0,0,,,34223448,6,0,0,,,,37046345,2979515,2822897,-5.59,0,,,,,99999,,1.05,500000,,100000,8849816,-1646853,161,48,,,,,,0,0,0,,0,,0,,0,,,,,,,,,,,,,,,,,
0,20221221,,7062402,7202963,,0,0,,,34223448,6,0,0,,,,37062402,2979515,2838954,-5.05,0,,,,,99999,,1.05,500000,,100000,8849816,-1646853,161,48,,,,,,0,0,0,,0,,0,,0,,,,,,,,,,,,,,,,,
0,20221222,,7050649,7202963,,0,0,,,34223448,6,0,0,,,,37050649,2979515,2827201,-5.44,0,,,,,99999,,1.05,500000,,100000,8849816,-1646853,161,48,,,,,,0,0,0,,0,,0,,0,,,,,,,,,,,,,,,,,
0,20221223,,6963189,7202963,,0,0,,,34223448,6,0,0,,,,36963189,2979515,2739741,-8.38,0,,,,,99999,,1.05,500000,,100000,8849816,-1646853,161,48,,,,,,0,0,0,,0,,0,,0,,,,,,,,,,,,,,,,,
0,20221226,,6960862,7202963,,0,0,,,34223448,6,0,0,,,,36960862,2979515,2737414,-8.46,0,,,,,99999,,1.05,500000,,100000,8849816,-1646853,161,48,,,,,,0,0,0,,0,,0,,0,,,,,,,,,,,,,,,,,
0,20221227,,6996651,7202963,,0,0,,,34223448,6,0,0,,,,36996651,2979515,2773203,-7.25,0,,,,,99999,,1.05,500000,,100000,8849816,-1646853,161,48,,,,,,0,0,0,,0,,0,,0,,,,,,,,,,,,,,,,,
0,20221228,,6941858,7202963,,0,0,,,34223448,6,0,0,,,,36941858,2979515,2718410,-9.09,0,,,,,99999,,1.05,500000,,100000,8849816,-1646853,161,48,,,,,,0,0,0,,0,,0,,0,,,,,,,,,,,,,,,,,
0,20221229,,6819738,7202963,,0,0,,,33734148,7,0,1,,,,36819738,3468815,3085590,-11.38,489300,,,,,99999,,1.05,500000,,100000,8849816,-1646853,161,48,,,,,,0,0,0,,0,,0,,0,,,,,,,,,,,,,,,,,
0,20230102,,6773560,7202963,,0,0,,,33734148,7,0,1,,,,36773560,3468815,3039412,-12.71,0,,,,,99999,,1.05,500000,,100000,8849816,-1646853,161,48,,,,,,0,0,0,,0,,0,,0,,,,,,,,,,,,,,,,,
0,20230103,,6908733,7202963,,0,0,,,33234348,8,0,3,,,,36908733,3968615,3674385,-7.74,499800,,,,,99999,,1.05,500000,,100000,8849816,-1646853,161,48,,,,,,0,0,0,,0,,0,,0,,,,,,,,,,,,,,,,,
0,20230104,,6973054,7202963,,0,0,,,32245466,10,0,0,,,,36973054,4957497,4727588,-4.97,988882,,,,,99999,,1.05,500000,,100000,8849816,-1646853,161,48,,,,,,0,0,0,,0,,0,,0,,,,,,,,,,,,,,,,,
0,20230105,,7216476,7202963,,0,0,,,32245466,10,0,0,,,,37216476,4957497,4971010,-0.06,0,,,,,99999,,1.05,500000,,100000,8849816,-1646853,161,48,,,,,,0,0,0,,0,,0,,0,,,,,,,,,,,,,,,,,
0,20230106,0.02,7255195,7211971,9008,1,0,9008,,32741674,9,0,0,,,,37255195,4470297,4513521,0.64,0,,496208,,,99999,,1.05,500000,,100000,8858824,-1646853,162,48,,,,,,0,0,0,,0,,0,,0,,,,,,,,,,,,,,,,,
0,20230109,,7298340,7211971,,0,0,,,32741674,9,0,0,,,,37298340,4470297,4556666,1.6,0,,,,,99999,,1.05,500000,,100000,8858824,-1646853,162,48,,,,,,0,0,0,,0,,0,,0,,,,,,,,,,,,,,,,,
0,20230110,,7293965,7211971,,0,0,,,32741674,9,0,0,,,,37293965,4470297,4552291,1.5,0,,,,,99999,,1.05,500000,,100000,8858824,-1646853,162,48,,,,,,0,0,0,,0,,0,,0,,,,,,,,,,,,,,,,,
0,20230111,,7381294,7211971,,0,0,,,32741674,9,0,0,,,,37381294,4470297,4639620,3.46,0,,,,,99999,,1.05,500000,,100000,8858824,-1646853,162,48,,,,,,0,0,0,,0,,0,,0,,,,,,,,,,,,,,,,,
0,20230112,,7489570,7211971,,0,0,,,32741674,9,0,0,,,,37489570,4470297,4747896,5.88,0,,,,,99999,,1.05,500000,,100000,8858824,-1646853,162,48,,,,,,0,0,0,,0,,0,,0,,,,,,,,,,,,,,,,,
0,20230113,-0.04,7502190,7198506,-13465,0,1,,-13465,33227334,8,0,0,,,,37502190,3971172,4274856,7.32,0,,485660,,,99999,,1.05,500000,,100000,8858824,-1660318,162,49,,,,,,0,0,0,,0,,0,,0,,,,,,,,,,,,,,,,,
0,20230116,,7529051,7198506,,0,0,,,33227334,8,0,0,,,,37529051,3971172,4301717,7.99,0,,,,,99999,,1.05,500000,,100000,8858824,-1660318,162,49,,,,,,0,0,0,,0,,0,,0,,,,,,,,,,,,,,,,,
0,20230117,,7545140,7198506,,0,0,,,33227334,8,0,0,,,,37545140,3971172,4317806,8.4,0,,,,,99999,,1.05,500000,,100000,8858824,-1660318,162,49,,,,,,0,0,0,,0,,0,,0,,,,,,,,,,,,,,,,,
0,20230118,,7513823,7198506,,0,0,,,33227334,8,0,0,,,,37513823,3971172,4286489,7.61,0,,,,,99999,,1.05,500000,,100000,8858824,-1660318,162,49,,,,,,0,0,0,,0,,0,,0,,,,,,,,,,,,,,,,,
0,20230119,,7445448,7198506,,0,0,,,33227334,8,0,0,,,,37445448,3971172,4218114,5.89,0,,,,,99999,,1.05,500000,,100000,8858824,-1660318,162,49,,,,,,0,0,0,,0,,0,,0,,,,,,,,,,,,,,,,,
0,20230120,,7413183,7198506,,0,0,,,33227334,8,0,0,,,,37413183,3971172,4185849,5.08,0,,,,,99999,,1.05,500000,,100000,8858824,-1660318,162,49,,,,,,0,0,0,,0,,0,,0,,,,,,,,,,,,,,,,,
0,20230125,,7455612,7198506,,0,0,,,33227334,8,0,0,,,,37455612,3971172,4228278,6.14,0,,,,,99999,,1.05,500000,,100000,8858824,-1660318,162,49,,,,,,0,0,0,,0,,0,,0,,,,,,,,,,,,,,,,,
0,20230126,,7496755,7198506,,0,0,,,33227334,8,0,0,,,,37496755,3971172,4269421,7.18,0,,,,,99999,,1.05,500000,,100000,8858824,-1660318,162,49,,,,,,0,0,0,,0,,0,,0,,,,,,,,,,,,,,,,,
0,20230127,,7475026,7198506,,0,0,,,33227334,8,0,0,,,,37475026,3971172,4247692,6.63,0,,,,,99999,,1.05,500000,,100000,8858824,-1660318,162,49,,,,,,0,0,0,,0,,0,,0,,,,,,,,,,,,,,,,,
0,20230130,,7407532,7198506,,0,0,,,33227334,8,0,0,,,,37407532,3971172,4180198,4.93,0,,,,,99999,,1.05,500000,,100000,8858824,-1660318,162,49,,,,,,0,0,0,,0,,0,,0,,,,,,,,,,,,,,,,,
0,20230131,,7395127,7198506,,0,0,,,33227334,8,0,0,,,,37395127,3971172,4167793,4.62,0,,,,,99999,,1.05,500000,,100000,8858824,-1660318,162,49,,,,,,0,0,0,,0,,0,,0,,,,,,,,,,,,,,,,,
0,20230201,,7324269,7198506,,0,0,,,33227334,8,0,0,,,,37324269,3971172,4096935,2.84,0,,,,,99999,,1.05,500000,,100000,8858824,-1660318,162,49,,,,,,0,0,0,,0,,0,,0,,,,,,,,,,,,,,,,,
0,20230202,,7371311,7198506,,0,0,,,33227334,8,0,0,,,,37371311,3971172,4143977,4.02,0,,,,,99999,,1.05,500000,,100000,8858824,-1660318,162,49,,,,,,0,0,0,,0,,0,,0,,,,,,,,,,,,,,,,,
0,20230203,,7480003,7198506,,0,0,,,33227334,8,0,0,,,,37480003,3971172,4252669,6.76,0,,,,,99999,,1.05,500000,,100000,8858824,-1660318,162,49,,,,,,0,0,0,,0,,0,,0,,,,,,,,,,,,,,,,,
0,20230206,0.36,7518840,7335369,136863,1,0,136863,,33853497,7,0,0,,,,37518840,3481872,3665343,4.94,0,,626163,,,99999,,1.05,500000,,100000,8995687,-1660318,163,49,,,,,,0,0,0,,0,,0,,0,,,,,,,,,,,,,,,,,
0,20230207,0.12,7544432,7380749,45380,1,0,45380,,34397357,6,0,0,,,,37544432,2983392,3147075,5.16,0,,543860,,,99999,,1.05,500000,,100000,9041067,-1660318,164,49,,,,,,0,0,0,,0,,0,,0,,,,,,,,,,,,,,,,,
0,20230208,0.06,7600050,7402463,21714,2,0,21714,,35414081,4,0,0,,,,37600050,1988382,2185969,9.61,0,,1016724,,,99999,,1.05,500000,,100000,9062781,-1660318,166,49,,,,,,0,0,0,,0,,0,,0,,,,,,,,,,,,,,,,,
0,20230209,,7600939,7402463,,0,0,,,35414081,4,0,0,,,,37600939,1988382,2186858,9.65,0,,,,,99999,,1.05,500000,,100000,9062781,-1660318,166,49,,,,,,0,0,0,,0,,0,,0,,,,,,,,,,,,,,,,,
0,20230210,,7551254,7402463,,0,0,,,35414081,4,0,0,,,,37551254,1988382,2137173,7.15,0,,,,,99999,,1.05,500000,,100000,9062781,-1660318,166,49,,,,,,0,0,0,,0,,0,,0,,,,,,,,,,,,,,,,,
0,20230213,,7502575,7402463,,0,0,,,35414081,4,0,0,,,,37502575,1988382,2088494,4.7,0,,,,,99999,,1.05,500000,,100000,9062781,-1660318,166,49,,,,,,0,0,0,,0,,0,,0,,,,,,,,,,,,,,,,,
0,20230214,,7523810,7402463,,0,0,,,35414081,4,0,0,,,,37523810,1988382,2109729,5.77,0,,,,,99999,,1.05,500000,,100000,9062781,-1660318,166,49,,,,,,0,0,0,,0,,0,,0,,,,,,,,,,,,,,,,,
0,20230215,,7502897,7402463,,0,0,,,35414081,4,0,0,,,,37502897,1988382,2088816,4.72,0,,,,,99999,,1.05,500000,,100000,9062781,-1660318,166,49,,,,,,0,0,0,,0,,0,,0,,,,,,,,,,,,,,,,,
0,20230216,,7625674,7402463,,0,0,,,35414081,4,0,0,,,,37625674,1988382,2211593,10.9,0,,,,,99999,,1.05,500000,,100000,9062781,-1660318,166,49,,,,,,0,0,0,,0,,0,,0,,,,,,,,,,,,,,,,,
0,20230217,0.25,7640357,7496760,94297,1,0,94297,,36008078,3,0,0,,,,37640357,1488682,1632279,9.32,0,,593997,,,99999,,1.05,500000,,100000,9157078,-1660318,167,49,,,,,,0,0,0,,0,,0,,0,,,,,,,,,,,,,,,,,
0,20230220,,7649112,7496760,,0,0,,,36008078,3,0,0,,,,37649112,1488682,1641034,9.9,0,,,,,99999,,1.05,500000,,100000,9157078,-1660318,167,49,,,,,,0,0,0,,0,,0,,0,,,,,,,,,,,,,,,,,
0,20230221,,7722654,7496760,,0,0,,,36008078,3,0,0,,,,37722654,1488682,1714576,14.84,0,,,,,99999,,1.05,500000,,100000,9157078,-1660318,167,49,,,,,,0,0,0,,0,,0,,0,,,,,,,,,,,,,,,,,
0,20230222,0.34,7700080,7624761,128001,1,0,128001,,36635879,2,0,0,,,,37700080,988882,1064201,7.29,0,,627801,,,99999,,1.05,500000,,100000,9285079,-1660318,168,49,,,,,,0,0,0,,0,,0,,0,,,,,,,,,,,,,,,,,
0,20230223,,7720330,7624761,,0,0,,,36635879,2,0,0,,,,37720330,988882,1084451,9.33,0,,,,,99999,,1.05,500000,,100000,9285079,-1660318,168,49,,,,,,0,0,0,,0,,0,,0,,,,,,,,,,,,,,,,,
0,20230224,,7732451,7624761,,0,0,,,36635879,2,0,0,,,,37732451,988882,1096572,10.56,0,,,,,99999,,1.05,500000,,100000,9285079,-1660318,168,49,,,,,,0,0,0,,0,,0,,0,,,,,,,,,,,,,,,,,
0,20230227,,7700392,7624761,,0,0,,,36635879,2,0,0,,,,37700392,988882,1064513,7.32,0,,,,,99999,,1.05,500000,,100000,9285079,-1660318,168,49,,,,,,0,0,0,,0,,0,,0,,,,,,,,,,,,,,,,,
0,20230228,,7826388,7624761,,0,0,,,36635879,2,0,0,,,,37826388,988882,1190509,20.06,0,,,,,99999,,1.05,500000,,100000,9285079,-1660318,168,49,,,,,,0,0,0,,0,,0,,0,,,,,,,,,,,,,,,,,
0,20230302,0.52,7855035,7820286,195525,1,0,195525,,37322979,1,0,0,,,,37855035,497307,532056,6.66,0,,687100,,,99999,,1.05,500000,,100000,9480604,-1660318,169,49,,,,,,0,0,0,,0,,0,,0,,,,,,,,,,,,,,,,,
0,20230303,,7846878,7820286,,0,0,,,37322979,1,0,0,,,,37846878,497307,523899,5.02,0,,,,,99999,,1.05,500000,,100000,9480604,-1660318,169,49,,,,,,0,0,0,,0,,0,,0,,,,,,,,,,,,,,,,,
0,20230306,,7861222,7820286,,0,0,,,37322979,1,0,0,,,,37861222,497307,538243,7.9,0,,,,,99999,,1.05,500000,,100000,9480604,-1660318,169,49,,,,,,0,0,0,,0,,0,,0,,,,,,,,,,,,,,,,,
0,20230307,0.13,7870785,7870785,50499,1,0,50499,,37870785,0,0,0,,,,37870785,0,0,7.9,0,,547806,,,99999,,1.05,500000,,100000,9531103,-1660318,170,49,,,,,,0,0,0,,0,,0,,0,,,,,,,,,,,,,,,,,
0,20230308,,7870785,7870785,,0,0,,,37870785,0,0,0,,,,37870785,0,0,7.9,0,,,,,99999,,1.05,500000,,100000,9531103,-1660318,170,49,,,,,,0,0,0,,0,,0,,0,,,,,,,,,,,,,,,,,
0,20230309,,7870785,7870785,,0,0,,,37870785,0,0,0,,,,37870785,0,0,7.9,0,,,,,99999,,1.05,500000,,100000,9531103,-1660318,170,49,,,,,,0,0,0,,0,,0,,0,,,,,,,,,,,,,,,,,
0,20230310,,7870785,7870785,,0,0,,,37870785,0,0,0,,,,37870785,0,0,7.9,0,,,,,99999,,1.05,500000,,100000,9531103,-1660318,170,49,,,,,,0,0,0,,0,,0,,0,,,,,,,,,,,,,,,,,
0,20230313,,7870785,7870785,,0,0,,,37870785,0,0,0,,,,37870785,0,0,7.9,0,,,,,99999,,1.05,500000,,100000,9531103,-1660318,170,49,,,,,,0,0,0,,0,,0,,0,,,,,,,,,,,,,,,,,
0,20230314,,7870785,7870785,,0,0,,,37870785,0,0,0,,,,37870785,0,0,7.9,0,,,,,99999,,1.05,500000,,100000,9531103,-1660318,170,49,,,,,,0,0,0,,0,,0,,0,,,,,,,,,,,,,,,,,
0,20230315,,7870785,7870785,,0,0,,,37870785,0,0,0,,,,37870785,0,0,7.9,0,,,,,99999,,1.05,500000,,100000,9531103,-1660318,170,49,,,,,,0,0,0,,0,,0,,0,,,,,,,,,,,,,,,,,
0,20230316,,7870785,7870785,,0,0,,,37870785,0,0,0,,,,37870785,0,0,7.9,0,,,,,99999,,1.05,500000,,100000,9531103,-1660318,170,49,,,,,,0,0,0,,0,,0,,0,,,,,,,,,,,,,,,,,
0,20230317,,7870785,7870785,,0,0,,,37870785,0,0,0,,,,37870785,0,0,7.9,0,,,,,99999,,1.05,500000,,100000,9531103,-1660318,170,49,,,,,,0,0,0,,0,,0,,0,,,,,,,,,,,,,,,,,
0,20230320,,7870785,7870785,,0,0,,,37870785,0,0,0,,,,37870785,0,0,7.9,0,,,,,99999,,1.05,500000,,100000,9531103,-1660318,170,49,,,,,,0,0,0,,0,,0,,0,,,,,,,,,,,,,,,,,
0,20230321,,7870785,7870785,,0,0,,,37870785,0,0,0,,,,37870785,0,0,7.9,0,,,,,99999,,1.05,500000,,100000,9531103,-1660318,170,49,,,,,,0,0,0,,0,,0,,0,,,,,,,,,,,,,,,,,
0,20230322,,7870785,7870785,,0,0,,,37870785,0,0,0,,,,37870785,0,0,7.9,0,,,,,99999,,1.05,500000,,100000,9531103,-1660318,170,49,,,,,,0,0,0,,0,,0,,0,,,,,,,,,,,,,,,,,
0,20230323,,7870785,7870785,,0,0,,,37870785,0,0,0,,,,37870785,0,0,7.9,0,,,,,99999,,1.05,500000,,100000,9531103,-1660318,170,49,,,,,,0,0,0,,0,,0,,0,,,,,,,,,,,,,,,,,
0,20230324,,7870785,7870785,,0,0,,,37870785,0,0,0,,,,37870785,0,0,7.9,0,,,,,99999,,1.05,500000,,100000,9531103,-1660318,170,49,,,,,,0,0,0,,0,,0,,0,,,,,,,,,,,,,,,,,
0,20230327,,7870785,7870785,,0,0,,,37870785,0,0,0,,,,37870785,0,0,7.9,0,,,,,99999,,1.05,500000,,100000,9531103,-1660318,170,49,,,,,,0,0,0,,0,,0,,0,,,,,,,,,,,,,,,,,
0,20230328,,7870785,7870785,,0,0,,,37870785,0,0,0,,,,37870785,0,0,7.9,0,,,,,99999,,1.05,500000,,100000,9531103,-1660318,170,49,,,,,,0,0,0,,0,,0,,0,,,,,,,,,,,,,,,,,
0,20230329,,7870785,7870785,,0,0,,,37870785,0,0,0,,,,37870785,0,0,7.9,0,,,,,99999,,1.05,500000,,100000,9531103,-1660318,170,49,,,,,,0,0,0,,0,,0,,0,,,,,,,,,,,,,,,,,
0,20230330,,7870785,7870785,,0,0,,,37870785,0,0,0,,,,37870785,0,0,7.9,0,,,,,99999,,1.05,500000,,100000,9531103,-1660318,170,49,,,,,,0,0,0,,0,,0,,0,,,,,,,,,,,,,,,,,
0,20230331,,7870785,7870785,,0,0,,,37870785,0,0,0,,,,37870785,0,0,7.9,0,,,,,99999,,1.05,500000,,100000,9531103,-1660318,170,49,,,,,,0,0,0,,0,,0,,0,,,,,,,,,,,,,,,,,
0,20230403,,7870785,7870785,,0,0,,,37870785,0,0,0,,,,37870785,0,0,7.9,0,,,,,99999,,1.05,500000,,100000,9531103,-1660318,170,49,,,,,,0,0,0,,0,,0,,0,,,,,,,,,,,,,,,,,
0,20230404,,7870785,7870785,,0,0,,,37870785,0,0,0,,,,37870785,0,0,7.9,0,,,,,99999,,1.05,500000,,100000,9531103,-1660318,170,49,,,,,,0,0,0,,0,,0,,0,,,,,,,,,,,,,,,,,
0,20230405,,7870785,7870785,,0,0,,,37870785,0,0,0,,,,37870785,0,0,7.9,0,,,,,99999,,1.05,500000,,100000,9531103,-1660318,170,49,,,,,,0,0,0,,0,,0,,0,,,,,,,,,,,,,,,,,
0,20230406,,7870785,7870785,,0,0,,,37870785,0,0,0,,,,37870785,0,0,7.9,0,,,,,99999,,1.05,500000,,100000,9531103,-1660318,170,49,,,,,,0,0,0,,0,,0,,0,,,,,,,,,,,,,,,,,
0,20230407,,7870785,7870785,,0,0,,,37870785,0,0,0,,,,37870785,0,0,7.9,0,,,,,99999,,1.05,500000,,100000,9531103,-1660318,170,49,,,,,,0,0,0,,0,,0,,0,,,,,,,,,,,,,,,,,
0,20230410,,7870785,7870785,,0,0,,,37870785,0,0,0,,,,37870785,0,0,7.9,0,,,,,99999,,1.05,500000,,100000,9531103,-1660318,170,49,,,,,,0,0,0,,0,,0,,0,,,,,,,,,,,,,,,,,
0,20230411,,7870785,7870785,,0,0,,,37870785,0,0,0,,,,37870785,0,0,7.9,0,,,,,99999,,1.05,500000,,100000,9531103,-1660318,170,49,,,,,,0,0,0,,0,,0,,0,,,,,,,,,,,,,,,,,
0,20230412,,7870785,7870785,,0,0,,,37870785,0,0,0,,,,37870785,0,0,7.9,0,,,,,99999,,1.05,500000,,100000,9531103,-1660318,170,49,,,,,,0,0,0,,0,,0,,0,,,,,,,,,,,,,,,,,
0,20230413,,7870785,7870785,,0,0,,,37870785,0,0,0,,,,37870785,0,0,7.9,0,,,,,99999,,1.05,500000,,100000,9531103,-1660318,170,49,,,,,,0,0,0,,0,,0,,0,,,,,,,,,,,,,,,,,
0,20230414,,7870785,7870785,,0,0,,,37870785,0,0,0,,,,37870785,0,0,7.9,0,,,,,99999,,1.05,500000,,100000,9531103,-1660318,170,49,,,,,,0,0,0,,0,,0,,0,,,,,,,,,,,,,,,,,
0,20230417,,7870785,7870785,,0,0,,,37870785,0,0,0,,,,37870785,0,0,7.9,0,,,,,99999,,1.05,500000,,100000,9531103,-1660318,170,49,,,,,,0,0,0,,0,,0,,0,,,,,,,,,,,,,,,,,
0,20230418,,7870785,7870785,,0,0,,,37870785,0,0,0,,,,37870785,0,0,7.9,0,,,,,99999,,1.05,500000,,100000,9531103,-1660318,170,49,,,,,,0,0,0,,0,,0,,0,,,,,,,,,,,,,,,,,
0,20230419,,7870785,7870785,,0,0,,,37870785,0,0,0,,,,37870785,0,0,7.9,0,,,,,99999,,1.05,500000,,100000,9531103,-1660318,170,49,,,,,,0,0,0,,0,,0,,0,,,,,,,,,,,,,,,,,
0,20230420,,7870785,7870785,,0,0,,,37870785,0,0,0,,,,37870785,0,0,7.9,0,,,,,99999,,1.05,500000,,100000,9531103,-1660318,170,49,,,,,,0,0,0,,0,,0,,0,,,,,,,,,,,,,,,,,
0,20230421,,7870785,7870785,,0,0,,,37870785,0,0,0,,,,37870785,0,0,7.9,0,,,,,99999,,1.05,500000,,100000,9531103,-1660318,170,49,,,,,,0,0,0,,0,,0,,0,,,,,,,,,,,,,,,,,
0,20230424,,7870785,7870785,,0,0,,,37870785,0,0,0,,,,37870785,0,0,7.9,0,,,,,99999,,1.05,500000,,100000,9531103,-1660318,170,49,,,,,,0,0,0,,0,,0,,0,,,,,,,,,,,,,,,,,
0,20230425,,7870785,7870785,,0,0,,,37870785,0,0,0,,,,37870785,0,0,7.9,0,,,,,99999,,1.05,500000,,100000,9531103,-1660318,170,49,,,,,,0,0,0,,0,,0,,0,,,,,,,,,,,,,,,,,
0,20230426,,7870785,7870785,,0,0,,,37870785,0,0,1,,,,37870785,0,0,7.9,0,,,,,99999,,1.05,500000,,100000,9531103,-1660318,170,49,,,,,,0,0,0,,0,,0,,0,,,,,,,,,,,,,,,,,
0,20230427,,7867801,7870785,,0,0,,,37371525,1,0,2,,,,37867801,499260,496276,-0.93,499260,,,,,99999,,1.05,500000,,100000,9531103,-1660318,170,49,,,,,,0,0,0,,0,,0,,0,,,,,,,,,,,,,,,,,
0,20230428,,7837671,7870785,,0,0,,,37371525,1,0,0,,,,37837671,499260,466146,-6.96,0,,,,,99999,,1.05,500000,,100000,9531103,-1660318,170,49,,,,,,0,0,0,,0,,0,,0,,,,,,,,,,,,,,,,,
0,20230502,,7838464,7870785,,0,0,,,37371525,1,0,0,,,,37838464,499260,466939,-6.8,0,,,,,99999,,1.05,500000,,100000,9531103,-1660318,170,49,,,,,,0,0,0,,0,,0,,0,,,,,,,,,,,,,,,,,
0,20230503,,7821813,7870785,,0,0,,,37371525,1,0,0,,,,37821813,499260,450288,-10.14,0,,,,,99999,,1.05,500000,,100000,9531103,-1660318,170,49,,,,,,0,0,0,,0,,0,,0,,,,,,,,,,,,,,,,,
0,20230504,,7816263,7870785,,0,0,,,37371525,1,0,0,,,,37816263,499260,444738,-11.25,0,,,,,99999,,1.05,500000,,100000,9531103,-1660318,170,49,,,,,,0,0,0,,0,,0,,0,,,,,,,,,,,,,,,,,
0,20230508,,7831328,7870785,,0,0,,,37371525,1,0,0,,,,37831328,499260,459803,-8.23,0,,,,,99999,,1.05,500000,,100000,9531103,-1660318,170,49,,,,,,0,0,0,,0,,0,,0,,,,,,,,,,,,,,,,,
0,20230509,,7836878,7870785,,0,0,,,37371525,1,0,0,,,,37836878,499260,465353,-7.12,0,,,,,99999,,1.05,500000,,100000,9531103,-1660318,170,49,,,,,,0,0,0,,0,,0,,0,,,,,,,,,,,,,,,,,
0,20230510,,7817849,7870785,,0,0,,,37371525,1,0,0,,,,37817849,499260,446324,-10.93,0,,,,,99999,,1.05,500000,,100000,9531103,-1660318,170,49,,,,,,0,0,0,,0,,0,,0,,,,,,,,,,,,,,,,,
0,20230511,,7800405,7870785,,0,0,,,37371525,1,0,0,,,,37800405,499260,428880,-14.43,0,,,,,99999,,1.05,500000,,100000,9531103,-1660318,170,49,,,,,,0,0,0,,0,,0,,0,,,,,,,,,,,,,,,,,
0,20230512,,7803577,7870785,,0,0,,,37371525,1,0,0,,,,37803577,499260,432052,-13.79,0,,,,,99999,,1.05,500000,,100000,9531103,-1660318,170,49,,,,,,0,0,0,,0,,0,,0,,,,,,,,,,,,,,,,,
0,20230515,,7782169,7870785,,0,0,,,37371525,1,0,0,,,,37782169,499260,410644,-18.08,0,,,,,99999,,1.05,500000,,100000,9531103,-1660318,170,49,,,,,,0,0,0,,0,,0,,0,,,,,,,,,,,,,,,,,
0,20230516,,7775033,7870785,,0,0,,,37371525,1,0,0,,,,37775033,499260,403508,-19.51,0,,,,,99999,,1.05,500000,,100000,9531103,-1660318,170,49,,,,,,0,0,0,,0,,0,,0,,,,,,,,,,,,,,,,,
0,20230517,-0.27,7770275,7770275,-100510,0,1,,-100510,37770275,0,0,0,,,,37770275,0,0,-19.51,0,,398750,,,99999,,1.05,500000,,100000,9531103,-1760828,170,50,,,,,,0,0,0,,0,,0,,0,,,,,,,,,,,,,,,,,
0,20230518,,7770275,7770275,,0,0,,,37770275,0,0,0,,,,37770275,0,0,-19.51,0,,,,,99999,,1.05,500000,,100000,9531103,-1760828,170,50,,,,,,0,0,0,,0,,0,,0,,,,,,,,,,,,,,,,,
0,20230519,,7770275,7770275,,0,0,,,37770275,0,0,0,,,,37770275,0,0,-19.51,0,,,,,99999,,1.05,500000,,100000,9531103,-1760828,170,50,,,,,,0,0,0,,0,,0,,0,,,,,,,,,,,,,,,,,
0,20230522,,7770275,7770275,,0,0,,,37770275,0,0,0,,,,37770275,0,0,-19.51,0,,,,,99999,,1.05,500000,,100000,9531103,-1760828,170,50,,,,,,0,0,0,,0,,0,,0,,,,,,,,,,,,,,,,,
0,20230523,,7770275,7770275,,0,0,,,37770275,0,0,0,,,,37770275,0,0,-19.51,0,,,,,99999,,1.05,500000,,100000,9531103,-1760828,170,50,,,,,,0,0,0,,0,,0,,0,,,,,,,,,,,,,,,,,
0,20230524,,7770275,7770275,,0,0,,,37770275,0,0,0,,,,37770275,0,0,-19.51,0,,,,,99999,,1.05,500000,,100000,9531103,-1760828,170,50,,,,,,0,0,0,,0,,0,,0,,,,,,,,,,,,,,,,,
0,20230525,,7770275,7770275,,0,0,,,37770275,0,0,0,,,,37770275,0,0,-19.51,0,,,,,99999,,1.05,500000,,100000,9531103,-1760828,170,50,,,,,,0,0,0,,0,,0,,0,,,,,,,,,,,,,,,,,
0,20230526,,7770275,7770275,,0,0,,,37770275,0,0,0,,,,37770275,0,0,-19.51,0,,,,,99999,,1.05,500000,,100000,9531103,-1760828,170,50,,,,,,0,0,0,,0,,0,,0,,,,,,,,,,,,,,,,,
0,20230530,,7770275,7770275,,0,0,,,37770275,0,0,0,,,,37770275,0,0,-19.51,0,,,,,99999,,1.05,500000,,100000,9531103,-1760828,170,50,,,,,,0,0,0,,0,,0,,0,,,,,,,,,,,,,,,,,
0,20230531,,7770275,7770275,,0,0,,,37770275,0,0,0,,,,37770275,0,0,-19.51,0,,,,,99999,,1.05,500000,,100000,9531103,-1760828,170,50,,,,,,0,0,0,,0,,0,,0,,,,,,,,,,,,,,,,,
0,20230601,,7770275,7770275,,0,0,,,37770275,0,0,0,,,,37770275,0,0,-19.51,0,,,,,99999,,1.05,500000,,100000,9531103,-1760828,170,50,,,,,,0,0,0,,0,,0,,0,,,,,,,,,,,,,,,,,
0,20230602,,7770275,7770275,,0,0,,,37770275,0,0,0,,,,37770275,0,0,-19.51,0,,,,,99999,,1.05,500000,,100000,9531103,-1760828,170,50,,,,,,0,0,0,,0,,0,,0,,,,,,,,,,,,,,,,,
0,20230605,,7770275,7770275,,0,0,,,37770275,0,0,0,,,,37770275,0,0,-19.51,0,,,,,99999,,1.05,500000,,100000,9531103,-1760828,170,50,,,,,,0,0,0,,0,,0,,0,,,,,,,,,,,,,,,,,
0,20230607,,7770275,7770275,,0,0,,,37770275,0,0,0,,,,37770275,0,0,-19.51,0,,,,,99999,,1.05,500000,,100000,9531103,-1760828,170,50,,,,,,0,0,0,,0,,0,,0,,,,,,,,,,,,,,,,,
0,20230608,,7770275,7770275,,0,0,,,37770275,0,0,0,,,,37770275,0,0,-19.51,0,,,,,99999,,1.05,500000,,100000,9531103,-1760828,170,50,,,,,,0,0,0,,0,,0,,0,,,,,,,,,,,,,,,,,
0,20230609,,7770275,7770275,,0,0,,,37770275,0,0,0,,,,37770275,0,0,-19.51,0,,,,,99999,,1.05,500000,,100000,9531103,-1760828,170,50,,,,,,0,0,0,,0,,0,,0,,,,,,,,,,,,,,,,,
0,20230612,,7770275,7770275,,0,0,,,37770275,0,0,0,,,,37770275,0,0,-19.51,0,,,,,99999,,1.05,500000,,100000,9531103,-1760828,170,50,,,,,,0,0,0,,0,,0,,0,,,,,,,,,,,,,,,,,
0,20230613,,7770275,7770275,,0,0,,,37770275,0,0,0,,,,37770275,0,0,-19.51,0,,,,,99999,,1.05,500000,,100000,9531103,-1760828,170,50,,,,,,0,0,0,,0,,0,,0,,,,,,,,,,,,,,,,,
0,20230614,,7770275,7770275,,0,0,,,37770275,0,0,0,,,,37770275,0,0,-19.51,0,,,,,99999,,1.05,500000,,100000,9531103,-1760828,170,50,,,,,,0,0,0,,0,,0,,0,,,,,,,,,,,,,,,,,
0,20230615,,7770275,7770275,,0,0,,,37770275,0,0,0,,,,37770275,0,0,-19.51,0,,,,,99999,,1.05,500000,,100000,9531103,-1760828,170,50,,,,,,0,0,0,,0,,0,,0,,,,,,,,,,,,,,,,,
0,20230616,,7770275,7770275,,0,0,,,37770275,0,0,0,,,,37770275,0,0,-19.51,0,,,,,99999,,1.05,500000,,100000,9531103,-1760828,170,50,,,,,,0,0,0,,0,,0,,0,,,,,,,,,,,,,,,,,
0,20230619,,7770275,7770275,,0,0,,,37770275,0,0,0,,,,37770275,0,0,-19.51,0,,,,,99999,,1.05,500000,,100000,9531103,-1760828,170,50,,,,,,0,0,0,,0,,0,,0,,,,,,,,,,,,,,,,,
0,20230620,,7770275,7770275,,0,0,,,37770275,0,0,0,,,,37770275,0,0,-19.51,0,,,,,99999,,1.05,500000,,100000,9531103,-1760828,170,50,,,,,,0,0,0,,0,,0,,0,,,,,,,,,,,,,,,,,
0,20230621,,7770275,7770275,,0,0,,,37770275,0,0,0,,,,37770275,0,0,-19.51,0,,,,,99999,,1.05,500000,,100000,9531103,-1760828,170,50,,,,,,0,0,0,,0,,0,,0,,,,,,,,,,,,,,,,,
0,20230622,,7770275,7770275,,0,0,,,37770275,0,0,0,,,,37770275,0,0,-19.51,0,,,,,99999,,1.05,500000,,100000,9531103,-1760828,170,50,,,,,,0,0,0,,0,,0,,0,,,,,,,,,,,,,,,,,
0,20230623,,7770275,7770275,,0,0,,,37770275,0,0,0,,,,37770275,0,0,-19.51,0,,,,,99999,,1.05,500000,,100000,9531103,-1760828,170,50,,,,,,0,0,0,,0,,0,,0,,,,,,,,,,,,,,,,,
0,20230626,,7770275,7770275,,0,0,,,37770275,0,0,0,,,,37770275,0,0,-19.51,0,,,,,99999,,1.05,500000,,100000,9531103,-1760828,170,50,,,,,,0,0,0,,0,,0,,0,,,,,,,,,,,,,,,,,
0,20230627,,7770275,7770275,,0,0,,,37770275,0,0,0,,,,37770275,0,0,-19.51,0,,,,,99999,,1.05,500000,,100000,9531103,-1760828,170,50,,,,,,0,0,0,,0,,0,,0,,,,,,,,,,,,,,,,,
0,20230628,,7770275,7770275,,0,0,,,37770275,0,0,0,,,,37770275,0,0,-19.51,0,,,,,99999,,1.05,500000,,100000,9531103,-1760828,170,50,,,,,,0,0,0,,0,,0,,0,,,,,,,,,,,,,,,,,
0,20230629,,7770275,7770275,,0,0,,,37770275,0,0,0,,,,37770275,0,0,-19.51,0,,,,,99999,,1.05,500000,,100000,9531103,-1760828,170,50,,,,,,0,0,0,,0,,0,,0,,,,,,,,,,,,,,,,,
0,20230630,,7770275,7770275,,0,0,,,37770275,0,0,0,,,,37770275,0,0,-19.51,0,,,,,99999,,1.05,500000,,100000,9531103,-1760828,170,50,,,,,,0,0,0,,0,,0,,0,,,,,,,,,,,,,,,,,
0,20230703,,7770275,7770275,,0,0,,,37770275,0,0,0,,,,37770275,0,0,-19.51,0,,,,,99999,,1.05,500000,,100000,9531103,-1760828,170,50,,,,,,0,0,0,,0,,0,,0,,,,,,,,,,,,,,,,,
0,20230704,,7770275,7770275,,0,0,,,37770275,0,0,1,,,,37770275,0,0,-19.51,0,,,,,99999,,1.05,500000,,100000,9531103,-1760828,170,50,,,,,,0,0,0,,0,,0,,0,,,,,,,,,,,,,,,,,
0,20230705,,7770275,7770275,,0,0,,,37770275,0,0,0,,,,37770275,0,0,-19.51,0,,,,,99999,,1.05,500000,,100000,9531103,-1760828,170,50,,,,,,0,0,0,,0,,0,,0,,,,,,,,,,,,,,,,,
0,20230706,,7770275,7770275,,0,0,,,37770275,0,0,0,,,,37770275,0,0,-19.51,0,,,,,99999,,1.05,500000,,100000,9531103,-1760828,170,50,,,,,,0,0,0,,0,,0,,0,,,,,,,,,,,,,,,,,
0,20230707,,7770275,7770275,,0,0,,,37770275,0,0,0,,,,37770275,0,0,-19.51,0,,,,,99999,,1.05,500000,,100000,9531103,-1760828,170,50,,,,,,0,0,0,,0,,0,,0,,,,,,,,,,,,,,,,,
0,20230710,,7762199,7770275,,0,0,,,37279715,1,0,0,,,,37762199,490560,482484,-1.98,490560,,,,,99999,,1.05,500000,,100000,9531103,-1760828,170,50,,,,,,0,0,0,,0,,0,,0,,,,,,,,,,,,,,,,,
0,20230711,,7765539,7770275,,0,0,,,36787615,2,0,0,,,,37765539,982660,977924,-0.81,492100,,,,,99999,,1.05,500000,,100000,9531103,-1760828,170,50,,,,,,0,0,0,,0,,0,,0,,,,,,,,,,,,,,,,,
0,20230712,,7768013,7770275,,0,0,,,36787615,2,0,0,,,,37768013,982660,980398,-0.56,0,,,,,99999,,1.05,500000,,100000,9531103,-1760828,170,50,,,,,,0,0,0,,0,,0,,0,,,,,,,,,,,,,,,,,
0,20230713,,7772421,7770275,,0,0,,,36787615,2,0,0,,,,37772421,982660,984806,-0.11,0,,,,,99999,,1.05,500000,,100000,9531103,-1760828,170,50,,,,,,0,0,0,,0,,0,,0,,,,,,,,,,,,,,,,,
0,20230714,,7783590,7770275,,0,0,,,36787615,2,0,0,,,,37783590,982660,995975,1.02,0,,,,,99999,,1.05,500000,,100000,9531103,-1760828,170,50,,,,,,0,0,0,,0,,0,,0,,,,,,,,,,,,,,,,,
0,20230717,,7769708,7770275,,0,0,,,36787615,2,0,0,,,,37769708,982660,982093,-0.39,0,,,,,99999,,1.05,500000,,100000,9531103,-1760828,170,50,,,,,,0,0,0,,0,,0,,0,,,,,,,,,,,,,,,,,
0,20230718,,7769020,7770275,,0,0,,,36787615,2,0,0,,,,37769020,982660,981405,-0.46,0,,,,,99999,,1.05,500000,,100000,9531103,-1760828,170,50,,,,,,0,0,0,,0,,0,,0,,,,,,,,,,,,,,,,,
0,20230719,,7786722,7770275,,0,0,,,36787615,2,0,0,,,,37786722,982660,999107,1.34,0,,,,,99999,,1.05,500000,,100000,9531103,-1760828,170,50,,,,,,0,0,0,,0,,0,,0,,,,,,,,,,,,,,,,,
0,20230720,,7775881,7770275,,0,0,,,36787615,2,0,0,,,,37775881,982660,988266,0.24,0,,,,,99999,,1.05,500000,,100000,9531103,-1760828,170,50,,,,,,0,0,0,,0,,0,,0,,,,,,,,,,,,,,,,,
0,20230721,,7756244,7770275,,0,0,,,36787615,2,0,0,,,,37756244,982660,968629,-1.76,0,,,,,99999,,1.05,500000,,100000,9531103,-1760828,170,50,,,,,,0,0,0,,0,,0,,0,,,,,,,,,,,,,,,,,
0,20230724,,7730083,7770275,,0,0,,,36787615,2,0,0,,,,37730083,982660,942468,-4.42,0,,,,,99999,,1.05,500000,,100000,9531103,-1760828,170,50,,,,,,0,0,0,,0,,0,,0,,,,,,,,,,,,,,,,,
0,20230725,,7714285,7770275,,0,0,,,36787615,2,0,0,,,,37714285,982660,926670,-6.03,0,,,,,99999,,1.05,500000,,100000,9531103,-1760828,170,50,,,,,,0,0,0,,0,,0,,0,,,,,,,,,,,,,,,,,
0,20230726,,7665116,7770275,,0,0,,,36787615,2,0,0,,,,37665116,982660,877501,-11.03,0,,,,,99999,,1.05,500000,,100000,9531103,-1760828,170,50,,,,,,0,0,0,,0,,0,,0,,,,,,,,,,,,,,,,,
0,20230727,,7727879,7770275,,0,0,,,36787615,2,0,0,,,,37727879,982660,940264,-4.64,0,,,,,99999,,1.05,500000,,100000,9531103,-1760828,170,50,,,,,,0,0,0,,0,,0,,0,,,,,,,,,,,,,,,,,
0,20230728,,7678470,7770275,,0,0,,,36787615,2,0,0,,,,37678470,982660,890855,-9.67,0,,,,,99999,,1.05,500000,,100000,9531103,-1760828,170,50,,,,,,0,0,0,,0,,0,,0,,,,,,,,,,,,,,,,,
0,20230731,,7769558,7770275,,0,0,,,36787615,2,0,0,,,,37769558,982660,981943,-0.4,0,,,,,99999,,1.05,500000,,100000,9531103,-1760828,170,50,,,,,,0,0,0,,0,,0,,0,,,,,,,,,,,,,,,,,
0,20230801,0.13,7755566,7820425,50150,1,0,50150,,37328325,1,0,0,,,,37755566,492100,427241,-13.51,0,,540710,,,99999,,1.05,500000,,100000,9581253,-1760828,171,50,,,,,,0,0,0,,0,,0,,0,,,,,,,,,,,,,,,,,
0,20230802,,7741354,7820425,,0,0,,,37328325,1,0,0,,,,37741354,492100,413029,-16.4,0,,,,,99999,,1.05,500000,,100000,9581253,-1760828,171,50,,,,,,0,0,0,,0,,0,,0,,,,,,,,,,,,,,,,,
0,20230803,,7735669,7820425,,0,0,,,37328325,1,0,0,,,,37735669,492100,407344,-17.55,0,,,,,99999,,1.05,500000,,100000,9581253,-1760828,171,50,,,,,,0,0,0,,0,,0,,0,,,,,,,,,,,,,,,,,
0,20230804,,7738511,7820425,,0,0,,,37328325,1,0,0,,,,37738511,492100,410186,-16.98,0,,,,,99999,,1.05,500000,,100000,9581253,-1760828,171,50,,,,,,0,0,0,,0,,0,,0,,,,,,,,,,,,,,,,,
0,20230807,-0.26,7720509,7720509,-99916,0,1,,-99916,37720509,0,0,0,,,,37720509,0,0,-16.98,0,,392184,,,99999,,1.05,500000,,100000,9581253,-1860744,171,51,,,,,,0,0,0,,0,,0,,0,,,,,,,,,,,,,,,,,
0,20230808,,7720509,7720509,,0,0,,,37720509,0,0,1,,,,37720509,0,0,-16.98,0,,,,,99999,,1.05,500000,,100000,9581253,-1860744,171,51,,,,,,0,0,0,,0,,0,,0,,,,,,,,,,,,,,,,,
0,20230809,,7727539,7720509,,0,0,,,37239309,1,0,1,,,,37727539,481200,488230,1.13,481200,,,,,99999,,1.05,500000,,100000,9581253,-1860744,171,51,,,,,,0,0,0,,0,,0,,0,,,,,,,,,,,,,,,,,
0,20230810,,7717965,7720509,,0,0,,,37239309,1,0,0,,,,37717965,481200,478656,-0.86,0,,,,,99999,,1.05,500000,,100000,9581253,-1860744,171,51,,,,,,0,0,0,,0,,0,,0,,,,,,,,,,,,,,,,,
0,20230811,,7720358,7720509,,0,0,,,37239309,1,0,0,,,,37720358,481200,481049,-0.36,0,,,,,99999,,1.05,500000,,100000,9581253,-1860744,171,51,,,,,,0,0,0,,0,,0,,0,,,,,,,,,,,,,,,,,
0,20230814,,7693822,7720509,,0,0,,,36748819,2,0,0,,,,37693822,971690,945003,-3.08,490490,,,,,99999,,1.05,500000,,100000,9581253,-1860744,171,51,,,,,,0,0,0,,0,,0,,0,,,,,,,,,,,,,,,,,
0,20230816,,7637332,7720509,,0,0,,,36748819,2,0,0,,,,37637332,971690,888513,-8.89,0,,,,,99999,,1.05,500000,,100000,9581253,-1860744,171,51,,,,,,0,0,0,,0,,0,,0,,,,,,,,,,,,,,,,,
0,20230817,,7620995,7720509,,0,0,,,36748819,2,0,0,,,,37620995,971690,872176,-10.57,0,,,,,99999,,1.05,500000,,100000,9581253,-1860744,171,51,,,,,,0,0,0,,0,,0,,0,,,,,,,,,,,,,,,,,
0,20230818,,7608709,7720509,,0,0,,,36748819,2,0,0,,,,37608709,971690,859890,-11.84,0,,,,,99999,,1.05,500000,,100000,9581253,-1860744,171,51,,,,,,0,0,0,,0,,0,,0,,,,,,,,,,,,,,,,,
0,20230821,,7607740,7720509,,0,0,,,35790319,4,0,0,,,,37607740,1930190,1817421,-6.17,958500,,,,,99999,,1.05,500000,,100000,9581253,-1860744,171,51,,,,,,0,0,0,,0,,0,,0,,,,,,,,,,,,,,,,,
0,20230822,0.02,7574269,7726980,6471,1,0,6471,,36264140,3,0,1,,,,37574269,1462840,1310129,-10.77,0,,473821,,,99999,,1.05,500000,,100000,9587724,-1860744,172,51,,,,,,0,0,0,,0,,0,,0,,,,,,,,,,,,,,,,,
0,20230823,,7548109,7726980,,0,0,,,36264140,3,0,1,,,,37548109,1462840,1283969,-12.56,0,,,,,99999,,1.05,500000,,100000,9587724,-1860744,172,51,,,,,,0,0,0,,0,,0,,0,,,,,,,,,,,,,,,,,
0,20230824,,7687296,7726980,,0,0,,,35764656,4,0,0,,,,37687296,1962324,1922640,-2.35,499484,,,,,99999,,1.05,500000,,100000,9587724,-1860744,172,51,,,,,,0,0,0,,0,,0,,0,,,,,,,,,,,,,,,,,
0,20230825,,7851831,7726980,,0,0,,,35764656,4,0,0,,,,37851831,1962324,2087175,6.03,0,,,,,99999,,1.05,500000,,100000,9587724,-1860744,172,51,,,,,,0,0,0,,0,,0,,0,,,,,,,,,,,,,,,,,
0,20230828,,8118277,7726980,,0,0,,,35764656,4,0,0,,,,38118277,1962324,2353621,19.61,0,,,,,99999,,1.05,500000,,100000,9587724,-1860744,172,51,,,,,,0,0,0,,0,,0,,0,,,,,,,,,,,,,,,,,
0,20230829,,8207619,7726980,,0,0,,,35764656,4,0,0,,,,38207619,1962324,2442963,24.16,0,,,,,99999,,1.05,500000,,100000,9587724,-1860744,172,51,,,,,,0,0,0,,0,,0,,0,,,,,,,,,,,,,,,,,
0,20230830,1.65,8288685,8357329,630349,1,0,630349,,36894489,3,0,0,,,,38288685,1462840,1394196,-5.02,0,,1129833,,,99999,,1.05,500000,,100000,10218073,-1860744,173,51,,,,,,0,0,0,,0,,0,,0,,,,,,,,,,,,,,,,,
0,20230831,,8306128,8357329,,0,0,,,36894489,3,0,0,,,,38306128,1462840,1411639,-3.83,0,,,,,99999,,1.05,500000,,100000,10218073,-1860744,173,51,,,,,,0,0,0,,0,,0,,0,,,,,,,,,,,,,,,,,
0,20230901,,8249957,8357329,,0,0,,,36894489,3,0,1,,,,38249957,1462840,1355468,-7.67,0,,,,,99999,,1.05,500000,,100000,10218073,-1860744,173,51,,,,,,0,0,0,,0,,0,,0,,,,,,,,,,,,,,,,,
0,20230904,,8246875,8357329,,0,0,,,36894489,3,0,0,,,,38246875,1462840,1352386,-7.88,0,,,,,99999,,1.05,500000,,100000,10218073,-1860744,173,51,,,,,,0,0,0,,0,,0,,0,,,,,,,,,,,,,,,,,
0,20230905,,8242228,8357329,,0,0,,,36894489,3,0,0,,,,38242228,1462840,1347739,-8.2,0,,,,,99999,,1.05,500000,,100000,10218073,-1860744,173,51,,,,,,0,0,0,,0,,0,,0,,,,,,,,,,,,,,,,,
0,20230906,,8227597,8357329,,0,0,,,36894489,3,0,0,,,,38227597,1462840,1333108,-9.2,0,,,,,99999,,1.05,500000,,100000,10218073,-1860744,173,51,,,,,,0,0,0,,0,,0,,0,,,,,,,,,,,,,,,,,
0,20230907,,8206114,8357329,,0,0,,,36894489,3,0,0,,,,38206114,1462840,1311625,-10.67,0,,,,,99999,,1.05,500000,,100000,10218073,-1860744,173,51,,,,,,0,0,0,,0,,0,,0,,,,,,,,,,,,,,,,,
0,20230908,,8200200,8357329,,0,0,,,36894489,3,0,0,,,,38200200,1462840,1305711,-11.07,0,,,,,99999,,1.05,500000,,100000,10218073,-1860744,173,51,,,,,,0,0,0,,0,,0,,0,,,,,,,,,,,,,,,,,
0,20230911,-0.26,8185001,8259193,-98136,0,1,,-98136,37286843,2,0,0,,,,38185001,972350,898158,-7.96,0,,392354,,,99999,,1.05,500000,,100000,10218073,-1958880,173,52,,,,,,0,0,0,,0,,0,,0,,,,,,,,,,,,,,,,,
0,20230912,,8171895,8259193,,0,0,,,37286843,2,0,0,,,,38171895,972350,885052,-9.31,0,,,,,99999,,1.05,500000,,100000,10218073,-1958880,173,52,,,,,,0,0,0,,0,,0,,0,,,,,,,,,,,,,,,,,
0,20230913,,8147480,8259193,,0,0,,,37286843,2,0,0,,,,38147480,972350,860637,-11.82,0,,,,,99999,,1.05,500000,,100000,10218073,-1958880,173,52,,,,,,0,0,0,,0,,0,,0,,,,,,,,,,,,,,,,,
0,20230914,,8165951,8259193,,0,0,,,37286843,2,0,0,,,,38165951,972350,879108,-9.92,0,,,,,99999,,1.05,500000,,100000,10218073,-1958880,173,52,,,,,,0,0,0,,0,,0,,0,,,,,,,,,,,,,,,,,
0,20230915,,8170459,8259193,,0,0,,,37286843,2,0,0,,,,38170459,972350,883616,-9.46,0,,,,,99999,,1.05,500000,,100000,10218073,-1958880,173,52,,,,,,0,0,0,,0,,0,,0,,,,,,,,,,,,,,,,,
0,20230918,,8154232,8259193,,0,0,,,37286843,2,0,0,,,,38154232,972350,867389,-11.12,0,,,,,99999,,1.05,500000,,100000,10218073,-1958880,173,52,,,,,,0,0,0,,0,,0,,0,,,,,,,,,,,,,,,,,
0,20230919,,8144817,8259193,,0,0,,,37286843,2,0,0,,,,38144817,972350,857974,-12.09,0,,,,,99999,,1.05,500000,,100000,10218073,-1958880,173,52,,,,,,0,0,0,,0,,0,,0,,,,,,,,,,,,,,,,,
0,20230920,-0.08,8142353,8228196,-30997,0,1,,-30997,37746996,1,0,0,,,,38142353,481200,395357,-18.17,0,,460153,,,99999,,1.05,500000,,100000,10218073,-1989877,173,53,,,,,,0,0,0,,0,,0,,0,,,,,,,,,,,,,,,,,
0,20230921,-0.25,8131821,8131821,-96375,0,1,,-96375,38131821,0,0,0,,,,38131821,0,0,-18.17,0,,384825,,,99999,,1.05,500000,,100000,10218073,-2086252,173,54,,,,,,0,0,0,,0,,0,,0,,,,,,,,,,,,,,,,,
0,20230922,,8131821,8131821,,0,0,,,38131821,0,0,0,,,,38131821,0,0,-18.17,0,,,,,99999,,1.05,500000,,100000,10218073,-2086252,173,54,,,,,,0,0,0,,0,,0,,0,,,,,,,,,,,,,,,,,
0,20230925,,8131821,8131821,,0,0,,,38131821,0,0,0,,,,38131821,0,0,-18.17,0,,,,,99999,,1.05,500000,,100000,10218073,-2086252,173,54,,,,,,0,0,0,,0,,0,,0,,,,,,,,,,,,,,,,,
0,20230926,,8131821,8131821,,0,0,,,38131821,0,0,0,,,,38131821,0,0,-18.17,0,,,,,99999,,1.05,500000,,100000,10218073,-2086252,173,54,,,,,,0,0,0,,0,,0,,0,,,,,,,,,,,,,,,,,
0,20230927,,8131821,8131821,,0,0,,,38131821,0,0,0,,,,38131821,0,0,-18.17,0,,,,,99999,,1.05,500000,,100000,10218073,-2086252,173,54,,,,,,0,0,0,,0,,0,,0,,,,,,,,,,,,,,,,,
0,20231004,,8131821,8131821,,0,0,,,38131821,0,0,0,,,,38131821,0,0,-18.17,0,,,,,99999,,1.05,500000,,100000,10218073,-2086252,173,54,,,,,,0,0,0,,0,,0,,0,,,,,,,,,,,,,,,,,
0,20231005,,8131821,8131821,,0,0,,,38131821,0,0,1,,,,38131821,0,0,-18.17,0,,,,,99999,,1.05,500000,,100000,10218073,-2086252,173,54,,,,,,0,0,0,,0,,0,,0,,,,,,,,,,,,,,,,,
0,20231006,,8131810,8131821,,0,0,,,37201821,2,0,0,,,,38131810,930000,929989,-0.33,930000,,,,,99999,,1.05,500000,,100000,10218073,-2086252,173,54,,,,,,0,0,0,,0,,0,,0,,,,,,,,,,,,,,,,,
0,20231010,,8133007,8131821,,0,0,,,37201821,2,0,0,,,,38133007,930000,931186,-0.2,0,,,,,99999,,1.05,500000,,100000,10218073,-2086252,173,54,,,,,,0,0,0,,0,,0,,0,,,,,,,,,,,,,,,,,
0,20231011,,8165919,8131821,,0,0,,,37201821,2,0,0,,,,38165919,930000,964098,3.34,0,,,,,99999,,1.05,500000,,100000,10218073,-2086252,173,54,,,,,,0,0,0,,0,,0,,0,,,,,,,,,,,,,,,,,
0,20231012,,8179882,8131821,,0,0,,,37201821,2,0,0,,,,38179882,930000,978061,4.84,0,,,,,99999,,1.05,500000,,100000,10218073,-2086252,173,54,,,,,,0,0,0,,0,,0,,0,,,,,,,,,,,,,,,,,
0,20231013,,8168513,8131821,,0,0,,,37201821,2,0,0,,,,38168513,930000,966692,3.62,0,,,,,99999,,1.05,500000,,100000,10218073,-2086252,173,54,,,,,,0,0,0,,0,,0,,0,,,,,,,,,,,,,,,,,
0,20231016,,8164922,8131821,,0,0,,,37201821,2,0,0,,,,38164922,930000,963101,3.23,0,,,,,99999,,1.05,500000,,100000,10218073,-2086252,173,54,,,,,,0,0,0,,0,,0,,0,,,,,,,,,,,,,,,,,
0,20231017,,8176691,8131821,,0,0,,,37201821,2,0,0,,,,38176691,930000,974870,4.49,0,,,,,99999,,1.05,500000,,100000,10218073,-2086252,173,54,,,,,,0,0,0,,0,,0,,0,,,,,,,,,,,,,,,,,
